id,eur
0014def3-4063-4929-ac51-76aef1bb2a68,372.69
00372c7a-2e83-4a26-9642-0d092dfcf861,46.39
0055ea30-20fb-4324-a632-8fed87628f05,47.30
00775f44-fbe6-41ee-9977-d13d1fb5b6fb,159.47
009661e7-c704-43a1-82e3-7da0b609844e,32.78
00b016d7-e7ac-4958-b21e-82324b001369,575.00
00e40c64-58fa-421e-9d01-93b0642f7d8b,26.43
01006833-6007-4c16-9ebb-20d31c60a57a,547.33
01033dae-fec1-41f2-b7f2-cc6a43331790,20.86
01116585-a8c7-4619-b0a6-fcfe78fdaf3c,35.30
0163dd21-9f9f-4656-b0b2-7774be0b6ada,124.99
019b51b0-e5c6-4208-922b-7736686dddcd,32.55
01a4a36a-f10a-411b-9558-cbbb62e8b4ae,115.51
01bda3d7-122a-48a0-bab3-676c4a557b74,4207.23
024110ee-5520-49f8-afab-54dcce87c650,20.19
0254bff2-a3a7-434e-980a-2d30355793fc,79.14
026dd2cb-d759-43d8-a542-a7a71bdeba98,703.96
029eaaa9-e45e-4c50-a03d-ad67e3dfcc3e,31.12
029ff21a-b175-4e81-8712-4dae185ad790,92.54
02c4edfa-7822-40bc-88d1-d051b3a64df1,511.52
02e17705-739e-409f-a6fd-7bab22120b22,37.91
02e8e540-8aa3-4e6a-9a11-c3949cab5f0f,22.11
02ec317b-52a6-4490-80e5-a56826b06771,496.96
030e46a1-64a7-47e3-9b9f-82a22fe3734b,20.12
0324641d-af55-4c53-b4dc-c8262e967da5,10577.40
0341da27-3d77-4959-b7fa-5929b2cc7141,168.30
03482c9c-1f25-4d73-9243-17462ea37ac4,36.39
034e0929-b2c7-4b5f-94f2-8eaf4fb1a2a1,21.73
041591b9-8eae-4c47-97aa-bb0a59b3f6a4,58.88
043b2d30-a40f-4d47-933b-80544512f9c2,49.94
043de2ce-9ee9-414f-9385-6e5260173988,45.52
045814ab-da2c-460e-acf3-3bbf7bd5fe38,20.83
0458b733-d689-4cb5-8970-3b675c67fc4d,145.06
04a474e3-e7de-4b4d-ad89-a72571968687,27.16
04b31611-9053-4eaf-b392-21bb644fef5f,107.19
05145c58-8317-4629-8573-9dff02e62c94,25.62
053f724c-c88d-44c0-9902-6400c064640b,21.63
05514fab-079c-4c73-bc4c-355621f56d73,22.69
0551d66e-8cd4-48f0-aa17-15f26be9d85f,56.57
05b2cc68-1d20-421f-9800-af0996071554,29.97
05e9d580-5da2-4559-b611-870726c53791,230.83
05e9fec4-1e0a-4206-ab2b-cc2543cba667,59.04
06008bcb-ce6b-482c-9253-f5b9b5e0718e,30.63
062fcd2b-7f63-47bf-83ba-88e33d397a6e,23.34
0631c7c8-9aa5-4333-8e20-20247fc47033,40.87
064efadf-fdba-41fb-bf2f-ef42b274e934,78.27
065cd3b9-b5aa-44d3-93f4-3a43694d7a1a,26.34
06728070-b888-4a57-9248-2a9615a4cda0,26.43
067c44e9-1b23-42fd-9acb-daafb62c32a2,20.18
067fac91-2483-4678-b86a-2c54a3a480cf,36.91
068bb15a-fc2d-42a2-859b-837b946d23c0,280.00
06900a71-34ca-48c6-94ac-fca744356829,24.82
0690f724-eb95-416b-b064-f1239e2a30e8,142.91
06d4fbe1-8a2f-4958-bb85-1a1e5f1e8d87,29.69
071ca80b-62b4-40e6-81c6-fc5bd9019354,204.75
0760068d-71c2-4b38-9f66-4454875de27e,30.35
077cdb3f-b70f-4310-bc5d-47a0ee35c701,368.43
077cf242-f866-497f-a23c-70e1b04a748e,23.16
0782653e-9d8c-485b-b152-9353cd4f6ec8,23.42
0790fb8c-7ff3-4681-a2c0-f16642f4f94b,61.16
07ca436a-e992-40a9-978a-501a82e443ed,50.29
07e40ddc-0483-4a2e-a776-807b37bada7f,37.71
082f6551-2332-4a9b-9865-aae19156b3dd,20.28
083f76c8-3e6d-4de5-b408-2f2394faed5c,423.03
0845f0b0-9413-4ddd-861d-9607636bebc6,28.40
086b6003-6d90-426b-809e-ea837d868290,23.05
086f1ee3-d83b-410b-b51f-ad4be841ac59,24.22
086f97e9-8b62-44f3-b467-149c2ac5ca78,23.76
08950015-eee5-4327-888c-82dfd13bb9ad,24.34
089b6e6f-c178-4612-866f-da9cbc01b442,25.48
08c63a42-7969-4e07-ad98-c312156ad0d2,78.74
08dae3b8-917e-404c-87b8-ce8ee7928f0f,125.00
09381c85-d38d-4a5b-9d6c-526d10f1f722,31.94
09535dd7-5d14-426e-8bbb-efdfe9b7543d,77.89
0961e7f0-a6c2-46b4-9069-d5e2068171b4,22.46
096eacf4-16bb-47d5-b229-c46cbe6a73f7,236.70
09705595-47c6-4f7c-9351-4004bfa39218,20.59
0987461a-45c0-4956-8627-cd27a7e038d0,28.36
098c976b-6096-4ac7-8d52-2f219ae21d1f,40.12
099352e2-38c8-4fb4-a25f-6d928aa20f9e,22.51
09b12bcb-a935-48be-a5e8-abbb890e91ca,92.22
09dbe391-a817-4347-986f-13849746db56,26.28
09dd9023-f7ee-4e99-8821-7059deb83730,25.36
09ddb4a6-8144-4acc-9caa-4026a7a0537f,42.17
09ed98e1-898b-494b-a27d-7c1ab28cd9f1,32.65
09f1958a-50cc-43cc-80e1-988800e44ca8,5917.58
0a07cba3-2e8d-48ec-a6f8-4d2edfcd833d,50.32
0a09344c-e869-4a8e-9be6-a29f1a5b6df6,41.34
0a22ee47-fc56-436d-8570-88fbff421027,23.56
0a31e063-80c6-4f72-a80a-8f4e576d4736,315.00
0a469d00-1416-48dd-ad91-eb6f3fb4b42b,59.83
0a481bb9-d213-4cb4-ace4-f8a2ebf663c9,25.00
0a5453f5-065b-4134-b6f5-2f1cf460a9ac,246.18
0a5df970-c6ba-4824-b8ba-67244aec2b82,20.39
0a7a90bb-5ff0-48ec-b578-63ebcf7f1e70,23.47
0aa81390-4e0b-484b-a5be-a9449cd41860,66.43
0ae0db84-bf72-4d67-a4cc-b32e1233a530,703.96
0aea8148-43a7-45dc-84b1-8636cdb50412,593.42
0affc8ed-9ba1-47fe-aa81-8fde61345bfc,20.58
0b0595fe-3042-4fcd-9f8e-a0f601f858c4,1000.00
0b1689f3-9dfa-4525-90b3-7af15f7eb720,34.42
0b35ed4a-c1b1-4cf7-8eab-95a85ce75e92,380.66
0b47f6d2-9f65-47a4-bfc4-15619befe53d,28.44
0b64dd0f-2e99-41bd-87aa-f623582d64d0,1031.09
0b7acd81-1fcb-4758-95f4-e64cb696c9d2,57.98
0bb0349e-38b8-4750-b5c8-a831e6b20aea,325.00
0bc1dbbf-73a7-4f79-b499-4668c853d958,30.41
0c58f236-0b2c-4b71-8819-1beaea7ded17,29.93
0c8b1f49-550e-405f-b17c-1d94589494ad,53.72
0c9ac08c-11ce-4e8a-8ea8-c18cfc745ac7,137.18
0c9c514f-f506-4b2c-af58-79922834cde7,20.10
0c9ebec9-3474-4062-9607-2e2a72f78299,26.71
0cadfe0e-9cdf-4e64-b143-f996c76bf93b,27.34
0cb33b46-4d1b-4f97-bfdc-d815aee111da,40.69
0cb4cef5-99e4-4855-a782-801b2cb974ec,871.00
0cb6cbbe-c3e9-4d14-a6b8-fb74e6a02b33,790.18
0cc818c8-32b7-4f15-9db5-0aacb92296b1,443.84
0ccd5597-2d4e-4f3e-94b7-46783486853a,51.42
0cd2a4f9-8f80-4ee3-8068-73e686d6eeb9,56.42
0cd81355-8e02-4103-8707-d502ccb4fee8,299.99
0cf789e7-045c-4ad1-abc3-23eabda54f02,29.50
0cfc4614-f6c1-4247-ab96-5bd41006ad85,64.09
0d08f5e4-d2d3-4659-86d4-a983d80e3b2c,897.31
0d42f473-3e3f-4441-b7ee-6819a3a8f52e,46.26
0d446f70-cdbf-4ac3-81db-6fe77e064dd0,443.84
0d77c149-cca2-45c7-bc83-5ba1872ad5e0,23.31
0dccb71b-a25a-4ef8-b2ab-716fd38dcc0b,25.78
0dd4d070-38cf-4517-8152-84c9fcf2c984,21.80
0ddb98e8-13fe-4786-83f7-b72c56db135a,24.45
0de4df3c-ac5a-4cff-9fbc-9269991224f9,25.36
0dee69f8-cceb-41b9-a0ee-6b2ac9f4bad9,28.14
0df55e3f-14de-46ef-b6b1-616618724d9e,756.92
0e13f735-54fa-42b6-aea4-ced33811d7d4,22.70
0e2181c0-e0ff-4e5e-b59c-0e389642d45c,29.90
0e818a8b-d0b1-4524-91b7-89ee03d12e41,61.00
0e863861-eb0d-4f86-9770-bd32b8227d07,22.56
0e8ccfa7-4178-476a-a155-0ca1c98556c9,29.79
0e94d334-e043-42f2-ba5c-be497d82f2c8,95.95
0e9ad288-d164-44a6-96ec-4185a1587f1a,38.83
0e9aeaa8-9a75-4719-992f-cbb316f72175,1829.25
0eb8f591-d763-49bf-8ef9-86265aaa72f7,24.80
0ee4a931-5d61-49ba-affc-f022263938ca,45.37
0f1cebcb-0e3f-4dce-81ff-44bc8c0b9ad7,31.83
0f2917bc-d7db-4b7b-8366-6c992869603f,102.11
0f2c32a0-ee97-4239-94e3-aabab91dab83,736.64
0f45e837-7b98-46ef-b21b-e3508ce999e5,51.67
0f61e93f-5f97-4c7d-b3d5-0e05242faeb3,22.26
0f7585c8-9e21-4eef-afc1-2852de23db2f,74.38
0f84d676-5327-454c-a033-b4498a9d28e2,20.46
0f9668ba-d26d-4484-b4b8-6fb91fbfb617,28.09
0fad0e0d-f34a-45ff-9f01-e6ac10b6928f,33.03
0fb05d34-05cb-4536-b7e6-2d526dc30a9f,25.55
0fbb8533-9404-4af0-a14a-1e136eacdb3a,86.72
0fc3ed63-96ee-420c-bde1-e0c904059931,27.49
0fd4c537-e2ef-4c6f-93d0-f427a40c1cf5,37.55
0fe474af-55bb-4732-abaa-350984d5d7e5,20.84
0ff7858d-f18d-4e5a-9467-ebef3ef53ac1,36.65
1045bdc7-6fbb-4b63-9798-a2a993f95bc2,41.77
104b4849-cfa0-438a-b01e-71995960aedf,285.00
1066a94a-8e4f-4d77-820b-7a77a18116f0,27.16
107ea1fe-167f-4a79-b0f1-f76dce2e6b0a,39.27
10a4e202-b564-4ac8-8bdf-a2a563662563,969.53
10d42b35-844f-4a64-9981-c6118d45e826,31.89
10f58d3b-d68b-4b23-b564-a181c2f22fa7,52.67
11130547-391b-4fe7-8821-ef9514f6073f,24.99
111a16a2-e875-4756-80db-290f9e8606db,52.52
115400ae-a43b-4b3d-9ea0-be1e7224dea5,21.20
11600105-56c6-4073-a4a6-8469030b39c9,26.62
1164f22f-2706-4f35-9f58-d0eb8c344396,1690.17
1175b8f8-859f-4930-9725-2d2afea3703d,28.87
1177787f-bf1e-438b-9615-97d03b04128c,22.23
1183d4d7-094b-4024-ab1d-23c458cb7e71,37.42
11a1cfc1-0bfc-40e8-b57f-f267bf9b6542,72.44
11add837-7ee4-4104-b031-c161bce459ae,28.42
11dca9ba-b27f-4af8-9962-3794e743886f,94.66
120139f9-3dc5-482f-a70c-7c6a4f264c19,20.91
120be808-ff3b-4fca-96a1-4db6b9825856,48.29
12164aee-6a27-4246-8d15-2d6dd20d92e9,62.44
125a355d-bfcf-4125-aa6c-35e7dea6f63e,29.22
126ea71a-9a64-4d1e-a8ca-1efce3b8346f,88.59
12926dc8-8e6f-4a47-a12b-4d674189615a,1478.37
13186bc9-8d9c-433b-ba15-121ef94dd68a,33.14
131cb967-9569-4fbf-8143-c410d3a94538,32.07
133204e4-fef8-4851-aa50-c96ffa35b802,6314.64
133315bd-3c46-4eff-938e-4dba63631c1b,71.66
135de5c7-6ac9-4b68-8f1a-97f120a4b125,3774.59
13788423-db82-4e76-83ad-3f812a4d547a,747.52
1381c8f1-a292-4bdf-b20c-a5c2a169ee84,39.43
13a68a17-22ee-47c9-870a-83e911862b94,844.52
13d7e352-4d01-4947-a76f-f8a01dd876cc,20.95
140d4a7b-95b6-4911-99b5-7e8586255fc7,36.99
140e567c-6e4a-42b0-8084-d6c9695ae802,40.29
141451e7-eb21-48ab-bf9f-632f4ea632bc,33.81
14c45416-a826-42e9-9967-8838158cf16d,23.83
14ffcd73-dfb2-4056-a7a4-d71c4c7c9ef7,379.81
153983dd-54dc-420d-9249-665b0d669614,27.38
15c34447-b0f4-4fcc-b557-23c92850b31b,36.12
15ce92a3-0d51-4c8e-bbce-d225021b4c35,52.70
15faa763-b897-4e86-b094-73f3236291a9,24.23
160cf235-6463-4e16-a426-8b5be76b10d2,108.94
16114a68-58d1-4aad-9b3a-890e9c84b253,26.61
16779471-4636-4a10-9c6a-3eb5fac405ef,38.83
1685e8ee-1c6a-4d9c-8ca7-e08590089818,29.15
16c8d2fa-54a7-46e8-980c-905258497c90,26.08
16cbac60-fd88-4369-942e-e8a1d16f7300,762.78
16cd79f1-88dd-40a0-b348-6eb6757e3b13,42.99
16ead969-8ba4-4587-a68d-47730943605e,56.14
17518e8e-46ad-4730-b10b-b8875c0536b6,25.12
175e21a3-00f7-4c51-8a8e-fbfd7089efda,30.97
176f84c6-aa5e-449c-bd2b-cc91a898f0c7,22.14
17788434-47c5-4290-8555-adc8171d55cd,26.46
17c6ba55-2470-4dde-a7fa-137a60716c96,42.31
17db2b6a-eaa8-4a08-9e86-370bbd058574,2767.40
17f4d2a5-bb85-4662-b2dd-a363ec7eab9b,26.67
17f91d5f-b717-4ff4-a598-6d57c22dd802,21.37
17fc3a85-c6b9-4fd2-a6a2-d3210708e5ea,124.50
17fc8e0f-6dba-40d6-a6f9-3eb505059727,39.63
180679fa-b820-4793-8f2e-a2d8791192d5,49.07
1825a719-1b2a-4af9-9cd2-7cb497cd0317,50.99
18348df2-9037-4db4-bddb-76dc933229bf,144.23
18381713-3f20-4d5d-8cd4-f3d1fdfad4f4,94.59
1858ac51-e6a7-48d7-8759-166070ca13d8,20.04
18607bf6-ce11-41cb-b001-0c9538406ba0,88.84
186fd917-8d65-4de5-8546-a32a5f6d3bab,23.75
1875542d-8a51-48e2-a2f2-ccef96a7aa77,879.90
18787a2d-6688-47e9-94bc-ccf229df823f,397.88
188b275f-a17a-4ee5-93eb-e7ed6e6346bc,35.11
18a1bb9e-006c-495e-8f99-d451183d2669,27.01
18adbda4-8d36-47cd-afbc-c785aaa8ed80,25.30
18bd50f2-c3ba-4217-a2d5-bb771e199706,40.37
18cc2bc6-12bb-4795-b2b2-9d414823b773,29.24
18e286b0-b4c4-4b42-ba11-2eec962fee8c,26.35
18f53d47-fd5c-41de-8d7a-490c1b529f4f,25.04
19080c3f-67fa-4f98-9b5a-ede8579823d6,27.19
193071fe-180b-4d35-ba78-9c16675c29fc,29.59
1941cf19-b1f6-4148-a1de-6d03531f2f1c,45.63
19499cb7-eccb-4e69-af32-6002d447a160,1608.22
1954e618-b4ac-48d8-9218-b29878bae710,36.04
1982f910-a9bd-4e94-a187-84381b22aacc,80.50
19992dbd-7a6a-43d3-b1db-01716b2eed27,35.34
199e3667-33be-415f-8f10-1c42a78d7637,91.44
19e1224f-82cb-4f41-8739-f880cba61bbb,32.63
1a5fe13b-f719-446f-8651-9d5ee36abdb1,263.20
1a708266-e3e9-4d25-a75b-80671bf36f5e,70.87
1a96315d-edc6-4d68-a260-d14f61281dc1,57.16
1aa28b92-6e79-4907-af6b-e153eb60f567,22.16
1aae46bb-15d3-4049-9eae-86c6c5b5dcff,21.73
1ac01fff-4de6-4783-9489-4127e25bc641,34.24
1ac9577f-dd41-4e1a-a96b-6b615297425a,53.63
1b15d04c-62cb-4704-8cc7-9842cef27a1b,33.51
1b234fee-a2b6-4661-9f98-4da6fc26aebc,29.82
1b258c47-48b8-4787-9af7-1635cc17dff6,28.76
1b342dd3-09b9-4108-bf12-a65d4cef4eb9,30.40
1b486b75-4680-4a94-af8c-c1c335c9782b,32.00
1b93ce48-219c-49ea-9ad0-b7357bea4606,3421.73
1bd40caa-0cbb-426d-a988-1d826988e707,27.74
1bea2eb6-dfae-4bdc-9ab3-b2b491c69c59,24.96
1c1a1278-b221-4d31-8625-062f96453b6b,140.00
1c3fc61c-c26e-47f3-a1eb-f6f10f8469e2,60.62
1c473253-3992-4cc1-8b46-5d1da308c537,69.03
1c4b515f-732d-415a-bc1e-6f1022150ebd,21.82
1c829d83-d5b8-4be7-80f7-55b42f52b309,21.85
1c9675fb-1a89-420f-aea8-50e0642f549c,28.35
1cb16046-10bf-433a-acaf-7127c0954a1c,32.47
1cb9d405-f2b5-4e10-a405-feafd2a87d90,701.58
1cdd8e69-5a71-4933-914e-dfede7b1ac93,20.62
1d2750d1-ca70-4a36-bff3-bc95faf2f58b,21.28
1d842f91-a04c-4b11-8ac9-0c0536b82d03,40.35
1d8b9830-2b79-44d1-a2f7-964194521d9e,335.00
1db2c9c2-e087-45b9-8cc8-e0bd3f333ed8,90.32
1dba16d3-292d-430c-88cc-c49ded13effb,63.47
1ddfceae-b9d0-4de8-aaf1-c12f780536c6,470.95
1df4c9a2-8d26-4075-8ee1-b5b848ef5e31,1100.00
1df66b60-9107-44d8-a013-24732b226c16,45.29
1df7007b-9e17-4957-8f52-fa78ba7721b4,21.62
1df98d4a-0f11-4064-a113-54ab14b9b3eb,25.04
1e03d335-d259-4ab4-814f-9333cfd3afc9,33.80
1e07f838-a813-43aa-9bcf-9f62797d7313,23.07
1e10013c-0dbc-4153-8937-f612ffd93d2f,64.04
1e180975-c62e-46a8-bb22-e4fcbfcb5e3e,99.99
1e1f470f-1194-4a87-ab6e-3574f5731642,21.96
1e3fe454-a3b3-4fcf-8d00-5bdfe077298e,199.99
1e5e5f25-41c8-4626-bb14-a121167a9d79,25.38
1eb2e494-1414-4d1f-91d2-7cb20acdb128,27.57
1eb3178b-dac5-4b34-9d3e-4f5a170d1c87,6591.32
1eb34f51-0bd2-43c3-af95-2ce8dabcc7bb,22.16
1ecc64b6-6f2c-4b20-aa80-54cc47382606,28.61
1eced352-d49c-4e91-a368-52904d77a69d,127.76
1ee65b44-eeb6-418b-b022-a0aef587c738,21.16
1f152529-8aa7-4f5a-87e9-09c1e521520b,55.50
1f35877c-e66c-4ef0-842a-f68cd233ae4b,715.19
1f372950-6693-4838-80ef-8fd9aa3e0349,43.82
1f4b6f5a-1ba2-409d-9b9b-91e2c1470f62,38.62
1fadf1e3-4f4f-4f58-b8a9-11e14bb550f8,23.17
1fbb4493-23db-4c91-a3e0-17b139f5d00f,26.59
1fc6b109-4657-4e9e-82f3-53ddd56aef1c,39.76
1fdf9438-fd5f-4638-8f41-dae35ae8f257,29.33
1ffb0ecd-1326-43d8-9a68-39bc238e5d3c,30.16
20094a0c-ea67-4c62-811a-5225f70d41f4,85.00
2050d414-71c7-4c42-a1ff-4c04068ba7f2,99.00
205c4689-8b02-4d40-9274-3c1fcafa8b82,24.15
2064a0d6-3739-4466-9657-be694c0eb6e1,35.79
2073ca8b-2bca-4539-94d7-989da157e4b8,30.98
209c591a-4ab2-4e89-9523-a7b766cf4e51,32.06
209f7479-b3a0-4c27-9602-78babb8d2e99,44.31
20b7357c-7afc-466a-b74c-a7a8a4c5a4b1,32.25
20b7cb55-16bf-4329-a711-3dbcdaab728b,22.72
20bb8c55-4b0b-425f-8201-b54fa2fdde86,39.99
20c9c856-af15-40b1-a799-1c2066df2099,43.16
20d5059a-60a4-4135-863f-85a48bff8731,272.26
20d666ef-39bf-4fbf-8201-5f1056539da2,58.34
21004958-2c7e-4a55-bc80-411c4d780106,77.07
210c4a90-fc7a-4c76-aeaa-20a005e45386,845.36
21152782-15ac-47c1-affe-1bf093ecb79e,41.82
2135ac5a-187b-4dc9-8f82-34e8d1603416,41.50
2138dfbb-a4e3-49db-b908-95d0b2b7e82f,39.98
214828eb-434c-47ed-b4af-faaa6c784fb4,25.26
214ec172-bd8a-42ec-9fb0-282e8f7b1cc2,21.60
21551cb6-3a53-42dd-9bbd-4bc56304d6d3,1801.19
21755311-ccad-4d86-ba47-0060a6c4cfff,24.90
2183848b-c0ad-46a0-a017-e60210c4c6b7,7022.05
2189b1cb-94c4-4477-a5ef-17a1ae2c6708,115.52
21b7cbae-6647-4f36-b02d-5535ac88b1a6,2883.71
21f348f7-f14a-4752-a4d1-d8becffa1ba8,28.67
21fd184c-326e-4045-86e4-5867bc7579c0,45.06
220a03ca-8c9b-4acb-821d-f6577fbb20fb,44.07
222cfbec-8839-43fa-95a0-2ea91b59515c,24.63
225e3cc6-34d0-4f81-9f49-162d97e2ea59,29.48
2271862c-b1df-45f8-bb19-ae4b8ab0739e,33.61
228abefc-9f64-4d64-ad58-41b0201eb82e,33.68
228b4677-a00f-47f9-819b-88c003ac080b,22.81
229ecfc9-8d6b-4fdb-9001-64dc3e4e7a3f,29.66
22b5b5ef-9b8d-4ace-86db-21ce00b29928,30.20
22b85759-532d-4632-a2e0-c598597133a8,21.30
22cd80dd-1c57-423c-81e2-9a956901565f,42.87
22d1b078-9175-45ab-8fbe-ed4af2abde1f,38.86
22e22287-21c5-4733-a527-b176fbf3725d,29.25
22ea73ec-1325-4437-a23f-dcda1767c713,30.30
2340edcb-8cd5-4ccd-99e2-b9a29f72c495,94.94
234b53a3-cf34-46dd-a556-653e2348c5da,44.80
235c0ece-aed0-4120-99cc-5d0e28fa70ab,150.37
23614289-0d73-4747-a849-5cb67cc97d6a,30.99
236a1f7c-3ca9-4029-9064-4c215d02137a,23.83
2371c126-f19a-472a-ba5f-3b1366274ea0,29.93
23749375-1416-47a4-9251-52f41fe2fae9,990.18
2383a8d9-96fd-4f9a-bcf9-eb81fdb15ead,27.50
239a5d29-95cf-468a-8b07-aea1f7dc8d52,281.78
239c8547-207b-41d1-a2be-8825bfc6ef7f,204.88
23d8e67a-5150-4782-98d1-da2ca79607ad,28.22
23dd9551-c686-465e-92a1-2e668f266bd2,24.36
23df4919-1a2f-489a-ad21-e8df0e2847ee,20.33
23eb19f9-2e8f-4bf0-9bf8-868e6da70e2d,34.24
2401d2a5-f65b-4a13-906c-999990589a1e,21.45
240b3b04-6ad4-42cb-bb4d-e1d486667675,21.64
2429510d-ce59-472d-b0df-5e6b7cdf63af,45.76
24584ffa-8ed1-4930-b6d8-ac1d02738ed0,20.45
245e16ae-4514-42fa-b409-2c3ae084436c,35.80
24626988-81df-44c9-9a8e-ecb9f82c383b,475.09
247a2ba4-aa5d-4970-b886-90196f684f80,35.10
2488a80b-6882-4b59-8232-f02f800204a9,41.23
248add6e-bf11-4378-90c3-49e154fa54e5,30.54
248c76d3-b5cb-4582-be17-7cd1d0cb0f58,23.28
24a5cc2c-0fbf-4a5f-b175-6e0ffd0d0787,25.72
24afe08b-6b88-42b3-a996-33f138431a87,49.95
24b2acd2-ad1a-468c-bacf-00d94f642e6d,21.52
24bfbb10-409f-4885-b792-73958250a65d,143.12
24d9a4d3-e1d2-42ae-bca4-02bc2cf69c9d,52.61
25158cd5-749b-408c-9ab1-0f83e38730f7,46.24
255099be-c64e-4f6a-8463-4fc058d6908d,479.86
25929dd3-f4d5-4888-ba2f-389950960f86,30.94
25976cb2-3123-4935-adcc-70e3db51d381,40.66
25ac5405-df7b-4097-914a-022cb18e20d4,26.74
25ad2444-9985-423c-ad36-387218866409,22.92
25ae9afd-7d97-4a24-8e22-fc9eaeeb9389,350.00
25b0b816-0583-44aa-9dc5-f3ff48993a51,1160.65
25b9319e-1a6f-4e7e-b69d-1c0de558b14d,32.07
25fbffba-7266-43f0-adb0-ca9bafeb782e,22.19
2626d4c9-fcef-4057-a154-7d987a4a4b84,26.76
26343f80-4d60-407a-a44a-ee6295d2e5ec,24.47
268403bc-733d-446e-a7c1-abc957c42bc2,77.29
268f6afc-bf16-4ca7-a986-945a95d3bffc,24.26
26a7c62c-12ed-493c-ba95-0f55fec83686,25.40
26df2161-e168-4ea4-8848-fae9cebf160c,23.76
26e090d4-e7fe-403c-9aca-05c1b45ed238,451.66
2705117e-c1bf-464a-9dc8-58ee2ce00d1c,317.41
2713f2b0-5dbd-4777-b5b3-0c99a55ca6f1,703.96
271df2c5-04c4-49f4-82fd-bdde9f1fa779,760.00
2722d7e2-61c6-4934-9c21-875ee78fd06c,79.63
273fb2b6-3d11-4f0d-9fb0-0364353c2060,123.41
27611498-176f-435a-91ad-f97e8c5d26de,44.13
2765545b-5e2d-4d4c-b126-93415774a2e9,34.20
27b52628-de05-4ec1-9978-e998cf17bb26,23.24
27d7ac1f-2243-4c70-95a4-2b7343c8d92d,328.64
27db5cf4-e023-4bd8-9f51-4dc42957007e,22.92
27f916a2-0ace-44b5-99dc-72979af34db9,356.39
28028830-83ed-45e2-b495-3b9ad9d3e988,835.47
281172b9-15ce-4128-afe5-17cd47d87dc9,36.67
285e4f85-c54b-4dda-9b59-fca7a2626671,21.49
287ba07e-6434-4850-940f-454fcab3f535,36.46
28a11489-11c5-4018-aab8-c9d036638414,74.70
28ce1dbc-508c-4d09-8e44-37bf5ebfdc8f,35.04
28e21c8c-5ad1-4830-8621-f0fd6500ca79,39.66
290f395d-0827-4f62-b117-4766d4ab5dca,38.80
291af6dc-9f71-4e8e-9ecc-24fa90aacb23,20.13
2926777a-4f6e-4965-ba83-22cf7df02602,1582.86
2973e855-fe93-41a1-a62e-4699ef2c3d1d,40.51
29ba5a2d-d787-4214-8cd7-7f2bcea938f8,23.45
29dc1596-a2e7-4d60-9f99-89babaef8a06,860.20
2a25a785-ddd8-45e8-b10f-32d39f867ca7,270.00
2a58ec38-f1dc-4c69-9d26-a4599bce586a,59.64
2a717b98-cdac-416d-bf6c-f6b6638e65d1,20.44
2a7cf252-1af0-4b03-89bc-8287b4052a23,76.43
2a87b26e-0431-42e9-b44f-94ba8546111a,40.85
2a9229b8-088e-4c8d-953a-9d8143a0200d,29.47
2ab9c69f-cb12-4095-af83-89319f00a3fa,26.29
2ac29c5c-3c55-4778-9bcd-642d38a0d3f9,24.94
2ac9fdee-ad50-486a-9fde-4aba6848a6c6,28.38
2ae1bb79-a931-4d2e-9cc9-a06862dc5cde,43.02
2b0e16d5-a3e5-4e58-9f97-3d967618f015,51.55
2b20d3e1-62ef-44db-8109-a33d4fa3e7f1,25.56
2b234903-d7bf-4136-891a-0d66f49c2477,815.45
2b347ecf-d032-4d6c-9b4b-6e33c08a0722,32.64
2b42c421-da39-41e1-af2e-005aebb3a7c7,54.12
2b7002f2-6846-4a53-921e-663ca5f99363,20.03
2b827094-fb2c-46db-b898-02e0c308601f,32.19
2b871039-6a66-4ac3-95e7-24759c1f2f92,21.50
2b9d2a9b-daf2-4ebe-bb8c-0b1d4dfa9e35,27.34
2bb0e884-5bb4-41f3-b04b-6f638357c166,975.66
2bb8c103-37c3-4c5f-9b3f-48d8b2292783,39.54
2bca2cd2-4d4a-44e4-87c3-732692b77921,28.42
2bd4202c-0477-45aa-82fd-83c85d6d4bef,312.73
2bd93079-b10e-4be3-9545-17fa3bc3bfd2,43.34
2be38927-637b-4dce-b228-83ce4f50c4a4,30.79
2be8d24e-1370-4e85-90f2-66b6d6e9c4a4,25.21
2c1dbc62-ceb5-4540-ae38-901e5deafc75,35.18
2c23b39b-a4d6-4f10-8ced-fa4b1ed2cf74,67.53
2c7ea1c6-30b2-4612-8911-03fde5ecbb2a,29.26
2c872b04-e80d-4c02-ac26-8f5cbb82e99f,36.04
2c89261c-fff8-4145-9448-247a1f924409,22.89
2c8b3180-6e29-484a-95f1-3e75af2766d3,116.60
2ca5c829-0a07-4062-8550-c5dd443103a6,23.96
2cae1d08-5bda-4eeb-8134-bdb62ad6f44e,42.88
2cba9d69-0a54-4a58-8d1a-25cca4f452a2,39.54
2cc0a11c-99f0-439d-a372-4fd77e007df4,28.89
2ce2d73f-3f64-44db-a2bc-a8f4a37dc487,35.89
2cf6a3a3-4a06-4eb7-981a-b70cf05b2473,28.88
2cf7e8a3-fad7-413d-b17c-7519a9cf5fb5,21.04
2cf97898-1e05-4c0e-896f-ba6713bf6a7b,44.59
2d16cf1d-a7c3-4038-a648-299c1bedae99,21.38
2d1c66a7-a39e-4869-80c7-1cec89777e0d,23.74
2d1ced0f-a232-4a05-aa59-6e611b52d617,31.52
2d636573-287d-4f6f-93b0-12ddd8f3e6d1,39.94
2d7097c9-2076-4ebc-8c9e-aa596351588c,20.65
2d7643c0-b2db-478f-944e-b27b77bad3eb,23.32
2db7a0e6-eea5-4fa6-ac14-401411b106cc,21.15
2dd41293-d7c8-4422-9f0c-b3e96350f5c9,3456.16
2dd78806-621a-4f9f-936c-527ec9659667,23.99
2e009adf-aded-4d64-ba3e-ddc3448c967a,88.17
2e30b5ff-1239-4c4d-ac7c-554ecf8e1e27,39.94
2e5cd12a-2a07-44a8-8eac-de00d26fe9e3,23.31
2e724422-e2a9-47a2-bf5a-6a1aa34fdd3d,20.33
2e72f8cb-5bc3-4711-9b7c-a6eea9a0beaf,355.97
2e939761-3542-4044-9038-d1d30c6a38fc,27.81
2ec2246d-8bea-43c4-bf7f-2acad363e0af,61.57
2eed143f-450b-4465-afac-fc1751b85e2b,270.25
2f09e451-0246-45a2-8bfd-07d3c65ddfe6,64.51
2f18e125-ac4a-45d0-8055-98f59c77324e,35.49
2f314ca8-19fa-4cc9-9d23-c280de3b79bc,23.65
2f532e49-5f70-4210-9b09-5a8ced370215,21.36
2facf462-55cd-4da4-997f-2cf4add75628,260.83
2fb67912-3d3d-40d4-8aa0-141a8025b037,551.78
2fce5989-a2a0-4825-b90a-a1f78659b6e0,33.03
2fea0356-6684-4730-9eb4-0262856bc1f9,25.56
2febfa1b-5a5e-411a-a7aa-f2ca6ee66f51,22.72
2ff21a6f-83a7-4bf3-a078-294e303232cc,52.29
3003bf1e-8085-45d8-882b-c449109e7631,86.90
3009ba46-c9f8-46dc-8ffc-2aa4cef7b17c,54.49
30125a5d-f9cd-47df-9314-5ba2deff35ba,229.00
30641539-de35-46c7-99ab-e4478afe064c,34.82
306d22ae-657e-4b52-8cd9-6fc3df9e8376,28.27
30935e4a-013e-4c46-ad05-304df8e5dfa4,99.36
3097b876-ffb4-4388-beb1-d25d887593b9,49.66
30ce1bf0-7561-418f-a217-3ce10f28be82,2537.24
30d1450f-2909-410e-9920-731278fa74de,26.58
30e401e3-282b-4524-87e1-c6cd50cd6d00,107.94
30f6058b-777b-4216-959e-d9435152aed2,36.55
30fcbb16-f8e7-4f6e-a806-541ef54aa025,104.96
310de1ef-f1b6-4b61-9d6c-6b70382a7f95,22.59
31415b9b-fb30-4132-a9a3-795b4573a901,74.89
314671b3-26c6-463e-934c-93f62e704db6,48.40
31540016-1896-47f7-9c4d-f07598c75421,50.64
31540dde-7cea-4eb1-896e-27e21b56f00a,27.19
315a6bfb-5417-465f-97d9-e157f5c3cf79,49.05
3164be2f-28c9-4a33-bd70-d5089396538c,34.85
316caa4e-a53a-460b-978c-5f0fba7bc549,22.89
317f1133-7cf8-4b7a-919e-88c45f8c2c3a,25.56
317f1aff-9d0d-4003-84e9-3b63bd4e4fae,38.30
3183897e-4f86-4020-b149-cc4c2451a6c0,22.18
318f8ec3-0613-448d-87d2-0bcc9e95da64,20.28
319430fa-11e4-426e-8297-67df8474c3cc,41.45
31bf3f14-b5df-498b-a1bb-965885c82401,1904.63
31c687dc-ee0c-4e54-a2b3-5d8e633b3245,692.36
31d2422a-bb7d-4cdd-9aac-e5a936a4be3b,39.24
31d3f007-67aa-47c1-81ae-a54c982dee83,333.13
3239a1e5-a002-4389-b9a7-049b1d60e2ac,27.89
323e3084-8d84-474f-b208-a4637b1ccb51,58.39
3247a7dd-f48c-4cb4-8475-4864acccef7a,30.86
327cf118-cc92-4073-85d0-94d2a0a6989a,27.84
32a46d1d-df85-4388-acd6-91818aa9af80,20.89
32e03ed1-6d1e-4303-b67c-4a5a4f825e9c,776.42
32fd8b7c-baf3-4d3d-be6f-044a917b11a0,38.64
3308993d-8bfb-477a-887a-89ed35577f57,31.27
33296718-0625-4422-a65c-b21cf99c52ec,95.44
336b3b8f-d104-4f06-ad4f-c92b8a9038ca,31.03
33743b2c-9e30-458d-ada5-fd1cd5b25a5a,29.67
33887af0-680d-45a5-944f-a4480958094c,839.00
3394cefd-a3c6-4917-8f46-234e441ecfb6,34.84
339f83ca-4f46-4246-be23-5ca4add31d81,29.67
33a1fe45-52d2-4c50-bedc-eee156ab69c8,36.47
33a931b6-607c-4cbb-ad1e-14e2cad14947,20.62
33ace025-c949-482d-bb6a-b3ad13bc981c,28.73
340c5799-4964-44dd-8c48-8f3f3aba5211,47.63
341292df-b9bd-4796-a12d-10fb67c91040,23.40
3455b006-9ea5-4aef-8ad2-d0701eb0cacf,379.98
3458b6d2-9c82-43b1-8344-50cf39885aec,669.18
34761bda-03f9-4607-bb01-10b1598509f7,71.47
347a7b0f-1239-4113-827c-aa67a6e0552e,25.79
34855fa8-959d-45a2-ad91-8b17019755be,371.84
349f13c9-9a4e-4460-873e-fec58798646c,21.62
34a0203f-9cce-43a4-9cb7-8ce6647895cd,42.45
34f0f4cb-1ef6-44cd-8cca-1d1e138c0344,32.83
35148573-7788-4023-a63c-4a09f48273c1,20.51
351eea06-f5be-4044-b3b3-cc6bf805abb1,33.87
3541ff97-f630-44f0-964d-b7d7f9353da5,20.80
35a335bf-7358-460f-b7c9-1e8bc4300f64,2465.34
35c3a78d-cc79-4187-929a-8aa1d1469990,69.26
35dbe45e-16df-4ebb-a76a-df24124de23b,31.30
35e56360-6104-48f3-a54d-ad2d4fab900e,41.41
35f76198-f04c-433b-823f-e99ea54c01ee,24.46
36204ddd-ddf7-4b44-ae3c-b4a5a41ac9cb,1295.48
362f1fe9-20af-434c-9957-7a1a564d89e6,91.62
3636ecb1-8bb9-49aa-a40b-c0d0b3b71158,38.82
3668996e-659d-413b-84e6-9f3099518d7f,36.03
367dbefe-3366-408e-9fcf-7dc00f8cc201,54.32
36a94a6d-26b1-4486-9444-ec366e6f4d6e,42.16
36b94d0d-fbe5-4f32-af02-bbe3ab2e234a,22.57
36f7dc8e-e02a-4ceb-8767-2875f86e6811,109.18
3724d842-367e-4bed-8314-fdfa7440f6ec,25.79
374d7383-a1a7-4eea-91f7-290180e14cc9,30.48
37634ffe-788f-4262-88e8-5ab7c7ca74d6,373.40
3766383d-6e3d-472c-ac7b-f3521ee214af,565.90
376cb9e5-89fb-4091-8a20-140bb6de0ef6,36.29
3792c6ef-c4e6-4923-9a51-7d28fbc5c393,334.58
37bc0128-a8d0-477c-abcf-2bdc9e38b872,29.40
37c7890a-86dc-4a97-a7ce-1436fa22d0c0,350.45
37c9b9d7-2fa7-4710-94bb-c55ee7bf598c,20.71
3826d13f-e10f-4201-b680-51f826ff4ca9,33.68
3836dddd-a7e4-499f-ad49-ce298aa65720,111.70
3838c2a3-7fab-4976-9c1b-2891aee24e52,42.28
38396ae3-a48f-44c7-96bf-ea41b5aaeebc,176.11
3864813d-e6ae-48d0-8695-1119ac31dd1d,39.90
386ea9eb-abc1-4862-aa2d-8fb808d79490,768.73
38937c61-280e-457f-aef9-43139446163a,371.77
38a51e82-cbfc-4487-9a81-6e793e93f545,25.82
38cb601b-a35c-412e-b386-e77dad3daa54,426.29
38d20e6d-4520-4a07-a28b-50f751127685,557.20
38e2b0ff-8fdf-4db0-85c0-c1010bacd36b,20.74
39059423-c4f6-4371-b530-48cdc36e513f,24.94
3926ef15-1696-4cc5-b7d8-a50a0bcaf095,208.55
397470c4-7f02-44ee-a18f-00bd950844d4,33.70
3998ebe6-bbfd-4d9c-9741-2fe7484dc6e5,28.21
39a89c44-1aa7-4f2e-909b-d821ec2b7948,21.08
39b8cf7f-8c40-40e9-8118-e8626c3c6433,25.56
39d763bd-b0a9-46ba-bcd2-9304063446f2,33.00
3a1e8139-3690-4d4b-80b4-c733b4bbe786,44.90
3a91aea3-3d04-4d66-bfbc-b039ccf1eb62,94.93
3aa569e7-0f65-47b7-851f-1377c39f71a9,21.65
3aad15a2-8a1b-4460-9b06-e85863081878,40.77
3ac3a8d8-47a7-4e47-a16c-109aeccd8d1f,30.51
3ae039bf-8e76-41fd-b02f-de2fa79dc788,526.00
3ae4a761-6203-419c-8d49-499b6e74252c,2447.10
3afebe8a-9f21-4260-8e93-1ab1dff13c09,112.78
3b087bd4-bbb7-4963-bdb6-0a700ff19a04,31.73
3b1a98e4-9bc6-416c-801d-141e1bdca54d,375.03
3bb8347b-8663-40b8-bdfb-411236d2efc8,20.48
3bdbc231-5316-4abd-9d8d-d87cff2c9847,44.39
3bdcfae4-86c9-4d8a-bcfe-f0a928ec29db,82.66
3be9942c-89b3-422f-bb9d-b55f51a22a37,54.68
3c0071fb-afa5-47b5-b266-2b10a4f5a98a,28.92
3c04bbbe-cae0-4ac5-8bd3-ecc95a2b6bd8,43.62
3c16915b-c50d-4fb5-830f-9ca4597a9c0f,23.99
3c1bf210-ecdb-4b49-8504-51360c269e66,42.18
3c340ba8-9287-4072-937a-438251b5ff1d,33.96
3c3bf400-31c0-4ae4-8429-0f6fb92cbe9e,30.99
3c3e6ac4-8ee4-4802-bd86-5480222aba57,131.20
3c424086-8122-404d-8c3a-f36d455271a7,25.30
3c429c40-2389-41e5-8681-4bb274e25eba,47.03
3c66c54b-b2d1-494d-ae10-a950c184a52f,43.11
3c7de64b-3dc8-47dd-8999-4353b5a3a06f,37.98
3d4255a0-d445-4c00-b936-bbf07851e1c8,615.06
3d4b9d4e-ab16-4d81-ac15-e84b351ef2dd,37.94
3d572269-3984-48d2-9705-8fe8afb4a2f6,20.44
3d68f607-b8a7-465c-a331-282a01916f5f,1150.00
3d89c9be-2489-47e4-8e53-f980c82442b4,23.08
3d99587a-7fb1-41fc-b7ea-1178f9625081,38.95
3da61fc1-6201-4823-975f-2d4d9f7f3193,185.27
3dbeef5c-f973-480b-a148-28de397b610f,60.80
3de472d0-cca2-4bc3-ab0a-9f79fa6325ce,20.25
3df4e7f8-1f40-4e97-8737-be5e2ce0d39d,94.49
3e64afdc-7623-4b88-a952-45243b4dff79,53.54
3eb27381-505d-4e47-bf66-9e7ba91a5075,20.16
3f16e3fe-cc9f-414e-8643-3f66c0ab2536,22.97
3f1b7b3e-3449-4c8f-8eb7-aacc62d9eadd,48.26
3f2004c1-8efe-407f-bf48-27b807422eea,1505.92
3f22dd2f-41c1-403b-a3bc-617d15922602,48.38
3f469cf9-d4dd-4ea5-8ce5-07cc2b0503b1,48.13
3f4ef7a1-148d-44ac-89ed-0ef379cca0c6,373.28
3f9b6fcd-129b-4c94-b216-d065485ba736,335.50
3fdb52dd-4fc5-4594-b53b-ea169325be0b,31.46
3ff26cbe-eb5d-444b-9de2-51dd85d0a492,27.00
40064484-3ed0-4724-ba51-6bf3b66cc0ae,22.07
4023a6de-3ac7-488a-b1a9-b1e26681d9bc,25.62
402eea7c-2afe-4e93-9773-3e0424cabfdd,315.79
4047df9c-335c-4c1a-968d-00f40e2e7386,202.83
405df7c7-0e37-499e-9826-6bf9f5db7a40,23.69
407650c3-9388-45c3-a599-6929c7d6e5bd,399.92
408ec348-183b-43de-abac-7ae9e3843c10,55.44
40cee82f-36b2-48a9-930a-8e23cb2742fc,20.79
410ac9e6-fbc1-4cc8-84db-84e2eb1bab97,905.96
4116f1c7-9191-4d92-81ca-54d9ae3c8166,91.16
412af58e-e46e-4346-aa25-6624f0c3d142,498.64
412ceddd-2b9a-4551-a6bf-ae2830a2010a,3585.49
414d3cae-b8cf-4d53-bd6b-1aa83a828ba9,25.72
416d2d51-8f29-4e95-b037-e8c32b081e6c,46.15
4176a761-7542-49f2-85c1-95e9ffa54ef3,600.00
419be5b4-bfff-4761-a3d7-6abcc3894476,631.58
41faed1a-ded8-49ee-8e2a-c60d377775d7,21.10
42027613-d261-4ce2-8ba1-7a2480c660f8,366.92
421089c4-c8d3-48c5-b313-fb1741546271,22.16
421395b1-2694-42fd-bb90-0007e78adefc,27.79
4218b57c-111d-478c-af38-fd6f971bd2d0,78.76
4222863c-c851-4ef7-b29f-7111b05bb843,52.15
423084cf-5740-4b24-8abd-a097b5793548,27.49
4250caec-0e37-41be-9ec4-8938deb5f0d0,1338.32
425d5bea-9c9a-4e8a-b4bc-02284fb9b5b4,22.20
426984e0-88e1-4a2d-9a1c-798b95864df3,38.84
429a88cc-53db-4c5e-a061-f0f49a38c675,20.08
42b7e6e7-eb3a-41be-8459-b90ea228b3f9,257.47
42bc0c3f-0a52-4bdc-83da-6484bf3102f3,344.45
42c2bbae-ec08-4846-9940-64a0c47b4e25,29.18
42dcceee-2a47-4eaa-a6a3-2931b3d50244,33.87
4311bea6-a65c-4c1b-9596-797cc3410eb7,101.36
432ecd5f-966f-4403-a973-51e175a524a0,27.17
43572906-ea74-4411-a549-5dc401591d2a,938.88
4367bc78-0912-4abd-8edd-bc792558d01a,48.47
43842b53-4d63-45e7-8247-751a7f09fb35,27.92
43bf015b-152e-4d67-b773-e75fb2487a32,67.76
4407fb95-0ed2-4c95-91b9-09eb52bf537e,409.18
443d4177-2db8-4327-b42d-82557656c159,275.00
44407660-79ed-442d-a215-d388c27c5130,20.73
44657ab1-0a6a-4a5f-9688-86f239083821,25.09
44dcab01-1d13-4dfc-ae2f-fbaa3dd35087,20.14
44f4cea0-8491-4475-a4ac-8c7cc9fea142,217.87
45026d57-0324-4312-8b86-2e7d4f581ee9,25.24
4509adb6-f1ea-4369-9e11-cba60fd5449a,177.91
450d2a6a-0576-44c3-ba66-3a64f5e65fcf,436.80
45617b0f-fdac-4747-b2d3-d571b717008f,23.41
456a2f03-8304-4512-804c-76653e30f436,57.55
45812af9-191b-449a-b9a4-74bedd4860e6,21.86
45e70109-0352-45fc-a2fd-892ca65cac2f,105.11
46652ae3-6572-4296-939b-0789923180d5,178.46
46a62dc3-b864-4e8e-bd6c-510ca054608e,21.84
46b0a5c2-ac85-448e-9e87-12fc74fd4147,10147.53
46ca9523-e126-467d-9d78-823d2e89837d,21.95
46cf22e4-cc5c-4723-a9cb-ae7ce7a55a1a,102.85
46f66347-a9b5-4f5d-986f-3fb43413f899,25.28
470ca3f4-29aa-4c4c-8ff2-8cdd70c69943,29.28
472034a2-0ba9-4876-ab7a-aa7013d603bb,274.22
4736a2c4-c89c-48db-a104-6303e7e2eee8,22.95
473d70b6-a88c-49f4-9415-19919c4468ae,170.35
476d3cfa-6cf4-4212-86c4-abf46d4564fe,200.00
477a1f53-5cdf-4b45-b584-2e36b31a3fdb,91.65
47a59a26-e061-4b7c-b682-587c7fec67e1,101.86
47a6234f-309f-4e03-9263-66da48b57153,38.16
47a6c502-08ba-4c0d-aee9-98ce40058227,45.97
47dd5c4b-5972-43e1-ae2a-ebf275006458,50.90
4800ebc2-d5a7-4c26-a2f7-943a540ae47e,24.83
483fa1cb-1e35-44f2-a143-98c0f107f5ca,36.07
486d7edc-d983-41f0-8b78-c99aecd72996,22.93
48b25568-46e9-4f4e-a4b5-7f371314e49e,20.88
48c5b98d-73cd-4b69-9933-4867da6e8389,24.60
48e40927-dd87-42ed-b805-0ae8ba81f5fb,27.43
48e8f8c9-7e59-43a3-b8e7-c8515fd4b3eb,29.41
48f0a970-452a-405f-bd4d-ac4d2e89ab40,42.31
490eeedb-9c03-4dc7-81fd-ae54a7932e4d,62.05
49129453-1fe8-47de-b6aa-5b92d3d74c99,25.85
4923062a-91d3-4132-b97c-42139d330d44,22.09
492fa77b-d103-446f-95d0-e4b11dfac05f,25.87
492fe79b-7af2-4911-8497-cbee8d529d18,30.12
49411808-630f-4bb4-af52-137932adcd7c,29.40
49515199-f53c-4595-94ba-3a3e46b86372,67.21
497f3315-13d2-41be-bf3a-a75de57a5e08,20.39
499c2b20-e83e-40ff-919e-1d134ad50c0a,26.10
49b22665-1501-420a-82ad-f71f6768bcf8,20.06
49dcda11-4200-4ee2-b353-2321282463be,1500.00
49fcf47d-0f1d-469e-a8c4-d5c97be7a1ef,52.78
4a184a4a-2c8c-4a10-9b26-a174859fa1e8,30.97
4a1f905f-1d55-4d02-9d24-e58070793d3f,21.82
4a289787-2d30-4e0b-ac97-3767818d0387,83.54
4a2e428c-dd25-484c-bbc8-2d6ce10ef42c,11658.96
4a4ca473-3000-4e98-9881-03372c4f79a5,86.29
4a4d851b-1fa9-4f5d-a8f6-6967b1ee5b50,20.60
4a77e0f1-449d-4a7d-9fa0-ba7598f7a73a,365.65
4a80fbb2-4b3a-46fc-b105-09e512bc414a,60.52
4a98ada6-923a-44a5-bdef-ea6a160b481e,29.98
4aaac603-6c4f-46fb-85f4-d6b51c966524,71.92
4aeebaea-a2b2-48a3-8bd3-b605684d41b6,600.00
4b60630c-f97c-43be-8410-53a68613b735,190.42
4b73009e-1ded-4614-af7a-0ad8e2afa7b1,27.30
4b81c23e-8177-4a0c-907c-23b2ab359417,47.70
4b851c17-55ed-4671-b471-dc7b34944432,36.84
4ba2f8c2-0cba-4bd5-abb3-cdb2b7026cde,255.03
4ba4c892-fe7e-4d0c-bce4-724eb4744831,32.91
4ba8325a-1203-4125-9111-94d9e2b1f14b,26.27
4ba8493c-ae69-48d1-a050-a887ae27c83f,89.45
4bdc1632-6824-4059-a6bd-bce9cd4a02f4,32.61
4c27c6ac-889f-4591-8789-4a6f1a264d98,22.96
4c2fd7bd-6528-453b-b55d-a708967b14e8,23.95
4c44abab-85ff-4196-a739-8e363df84aef,64.44
4c5ffa83-c88d-4f5d-851e-a642b229d596,46.95
4c7f0ea5-a142-4157-b85d-ec49dd79adf6,41.11
4c85d097-e87b-41ee-93c6-0e54ec41b174,21.86
4c8e9f5c-deba-4443-bf9d-fb2be75c5418,39.67
4c91dbf4-94fa-45d0-b8ed-a778b11d789b,29.28
4c92756f-1dc2-49be-bb38-0f8cf10079fa,24.71
4c973008-913d-4e9f-8a99-37b748cb996b,38.19
4cbcf6db-52e5-4e7d-87af-b6980f25930b,703.96
4cd54279-57f5-4cd9-b524-4f094bd2fc36,26.51
4cee07c5-0651-4dfb-861d-3fd016e3bf63,44.64
4d227cd3-ebfe-4dd3-929a-4f8ff7c8981e,29.00
4d2354ee-2ce0-4adb-b48c-0e30b952e545,20.58
4d393cc4-0e6b-44fe-a74a-822c52678ec9,23.25
4d3dce0f-2168-4f63-b2f9-156a11beeea7,104.58
4d6c0dc6-ab2e-4ab5-951a-1ddd6698e80e,23.62
4d960186-4559-4af0-bd22-63baa15f8939,39.82
4d9715c2-9036-4ae2-a5b4-1b190d50c963,57.11
4da4f9a8-024b-4707-b300-ccb11bd87cea,136.38
4da892c5-071f-416f-9e42-c4bff102eb88,5792.66
4db44dd2-6bb4-4f0b-8bab-c0d89ba7f2ca,25.80
4e4daeab-d8ee-409c-8817-10d618650784,1177.41
4e50454c-3927-4e7e-b4f6-7f5d5fd9b913,175.24
4e5fa88e-1ba5-4166-a7c3-cead597c65b8,44.24
4e6bf56e-2d74-4e4d-a667-885853979377,30.72
4e8397e6-d13a-4996-8fde-b8a9895de287,24.44
4e91d96d-cc69-439b-b876-a7d57039022c,30.49
4eb064da-aba8-445c-bde7-e0f2172b3176,21.21
4ecb1362-9a67-4d4c-8d69-9ac2ebf4d0b0,23.95
4edcf8eb-d0b0-4aec-bec0-64c56982cdce,37.96
4eebf042-61e1-4b2a-a90e-fd8de18bfa3a,31.63
4eec0470-82bf-4a07-a7d9-e5d40a518041,26.04
4ef603c2-b09c-40e9-b3ab-fceb4964aafd,28.13
4f009d4a-3b50-40ae-b52e-0b9535049265,20.08
4f67aa6c-6dce-47f7-9a8e-b8970b3c121e,20.56
4f72e9e2-ed47-40ff-bc2e-8446ef545022,20.53
4f7e8366-82ba-4df0-b9df-7d0aa9b972eb,34.08
4f915cf0-6273-4896-bf24-fb0ec17b6096,37.09
4fafd3f9-f7de-4d6e-8824-6b60866fc50f,93.99
4fbb25bc-7071-40eb-bea6-16387db164a7,22.48
4fc89e7f-f2a4-41a6-a948-17b230545fe9,30.70
4ffcef6f-4498-4f2a-8557-caaecb5593a3,25.77
4fff6e6f-4ebd-4ec8-9443-59efb22d376c,27.70
503256f8-3aab-49d0-b78b-6502aa29ce52,119.26
504a69eb-3c2d-4bb1-b117-252b15acf0c2,23.64
507dddd9-6576-482d-86c9-88564723b554,251.07
50abfba8-c9f9-4ebf-965a-4b425fe83129,175.62
50b0f731-6af5-45cc-a6a4-577c015dc6bd,41.30
50baf426-ea0a-4875-8fd2-1d45657c74ef,65.11
50bf546a-83ac-470f-a5c7-2b214d18f5c1,20.60
50dc7fc1-cb6a-4c68-b993-1a25cf16226e,31.99
50f8e2b6-98c7-4f28-bb39-e1fbe841f1ee,21.09
50fc5b10-6215-48a9-8993-b61681f61186,70.38
510840f4-7c0e-4b47-8ebf-23c20cac4bd9,380.60
5129b422-7a35-4bc5-b14b-c814012a0d8f,194.43
5140d5d0-15ad-45b2-8ae8-aa53b1cd8132,24.00
51477c65-1fc6-4a0c-986f-d51d4e36bc1a,380.66
514ad860-dff2-45f2-ad5c-77c776c1cf74,146.81
5159a2cd-036c-482e-9b5a-b595391deef3,37.23
51662253-789f-4a02-9937-688e36775024,61.90
51879585-9cdf-499b-b7cc-226319c74a0c,28.94
51ccdca0-2c29-4b5c-ba5a-364cc6945801,88.15
51f8f6e1-a451-4262-90d3-5107caf54175,1587.38
520db5fb-d961-45a3-af74-6f054b8be3ab,369.56
5249f9dc-d5e2-4e1f-b7da-8fcbf574f276,22.00
52593d64-182f-45ff-82c6-fb7649d36736,27.81
5261e0f6-55bf-4d45-92ea-7acbab41162c,44.74
52ea0f54-cf21-4d7d-af19-d6dc861e0b76,39.39
52ea4387-f23c-430c-99d6-0248a4ab1713,62.20
52ea8286-225b-4990-981a-6b8c49748794,22.03
52eef0d6-24b7-40b7-8403-e8e863d0cd55,27.18
52f22229-95d4-4a84-a581-e23816db2494,42.76
52f5a19f-16e4-4d35-89e1-969ac8202f88,112.95
52ff493a-6336-416e-af5e-1eb6d10c080e,21.23
530a26f1-cf7a-4e56-886b-6799b057c739,32.54
530be94d-7f6a-4c23-948f-22c5bdbceb4f,21.01
531cba81-afd7-4be4-adec-87edb77ba2a9,35.74
532746e2-f822-4920-ab31-94e0c8baaa84,25.99
5371142e-bafc-4259-b86a-16902c4a6404,247.52
5396b405-6fa0-43d7-a8f6-f64154e95e98,59.38
53b11c30-1c4e-4238-9d42-2e1480df60c1,43.91
53f5c55d-09e5-49dd-906c-0f48a79b4c15,23.46
54039c4b-23c7-4e2c-8bd3-7a28714244b8,199.99
543e99bd-04dc-4bf9-87df-86a810135dfe,47.71
544a7138-eae8-4ff9-9e17-680bfa717183,582.72
546e0452-5304-41fa-9e3a-a3fa5a571315,20.56
547872bd-d2b3-4c24-b3fb-481e0c90c3c0,24.59
547e3aa5-d88a-4418-ab9d-dd65385f031b,190.82
54992fda-45a9-4ed1-b380-34d167feec90,6764.40
54c5c65a-a444-4e0f-ae44-a3722cdd32a1,268.89
54ced5cf-b51a-4dab-97f7-50fb18e5c463,29.21
54d7a0c1-efb4-4a8d-ad92-a96d43835052,31.97
54dccbc0-528c-4e99-a6db-f2373978fe5f,25.35
55073560-e52c-4f03-a260-57cf084b3478,267.57
55251b3d-b408-4612-b53d-c90ef26ea57d,26.26
552bb59c-085f-4caf-8430-ba6e2888ea6d,24.38
554362d7-97b3-4a55-9292-15e90435088d,89.20
55454150-de1b-4921-9c23-7d10724c2ee7,38.37
555f7253-0126-4c3c-a264-877d4c8e005b,40.88
5575e0ad-a2f5-4e56-bf45-100001d2bdca,27.63
55872bce-08ce-4d4f-8951-9fa230f3e160,26.53
559d3329-9053-4301-b867-1b49c248fe31,64.40
55b202ad-3aca-4d50-a235-caf5ddcf99ee,26.58
55b7ef5a-4875-4c5a-9f96-0ce7825fe930,44.37
55bcad78-7927-4540-a162-51a549e4aba8,23.34
55c9e915-9cee-45c3-96aa-9dfd5a600d0a,28.67
55e62436-8e4a-48d0-bcb2-fa650b1aafbb,24.73
55fce7b5-3c42-4c75-aa62-d3be609172e1,900.00
55fe6449-1f23-43dc-adee-d144cd505b5c,3504.27
56001a36-126b-4c08-af98-a6cc4d84210e,162.06
56058359-3c0b-49db-a0ce-9ded4c3f4372,342.88
5621db3f-a9e7-4350-9c6a-0ba04a628947,28.72
56355ff3-2232-4a11-b868-aec9a50b9ee5,306.28
5669f9c8-2e94-47e2-a551-7efff317fb34,379.78
56931f20-d99d-443c-8b01-ee3c3ffa643d,27.20
56d13d28-811d-4e13-9d93-e5051b15dd14,102.55
570ca3e8-1563-4cef-8559-776982a78838,776.42
571bca7c-8655-4ff5-902c-c50fee371832,2500.00
57264bd9-94f6-4d4d-baff-2b2900585635,163.20
5742739a-b257-496c-b345-d4e43b073a4e,416.00
576220c3-1e6b-43f3-a47e-5e8246ee7d46,40.25
576e811f-26a3-4a7c-bd13-3b1cc3e184eb,45.94
5786de12-cade-43c2-a6b0-0c5b294b9d0e,31.50
57c4bd1f-757c-4b62-a87d-73da94f904f3,25.08
57cd70c4-17e9-4bbe-a8f8-2a29450835a9,26.82
57ff74cb-a2ed-4123-ac42-f72f9820049e,34.82
57ffb8ad-d8b4-4764-bbb0-ca4106080a90,24.98
5804dcd3-d41d-4cbd-9f8f-9736f2d37a64,545.82
580b4818-2a01-46ad-b4d9-7d895a625bb3,25.67
58178dd4-c61e-4017-b2e6-2d8308ded4fd,149.26
581ad59c-29e9-4498-a6fd-33bf21e8e7c4,25.76
58334cf9-5186-4fba-963c-fffb21f2b8de,39.17
58698134-8e01-462b-93b7-3cf7357f3c7e,27.52
5873672d-37ea-4c0f-97f3-12b74fde112d,1573.31
58879b7a-a7d2-4fb0-954f-1ba2e1d57761,213.72
5890e6cd-f5af-4651-a55a-8526617152bb,22.01
58aa273f-9ec7-4024-b30e-e75fa404de72,20.01
58d8598b-35e5-414f-aee0-52137236f642,44.04
5902c2aa-c77c-4c6a-9a1e-77cb9bb53aa1,54.12
59590768-fa96-4869-8763-9d5ab6ac22ad,2768.28
599c934d-bfff-43ce-a545-6e3cde124515,20.41
5a2a91b9-c45f-4e3d-b3c4-944493bdd86a,22.13
5a30ed3f-0b21-45ea-83af-339249b4e93e,157.19
5a5e0599-62b0-4063-9872-33d5add06754,41.22
5a7c0bd9-a2cb-4a85-a378-878760194b68,44.53
5aa31512-32a7-45c5-b57c-4adbf124c4f9,747.66
5ad89f0d-b09b-40a0-84d6-3ee60dec7e23,356.16
5ae71290-c133-406c-8b17-9ea22b437806,227.74
5b13ba5a-f4b0-420a-9e4f-a65e57721fa4,44.52
5b346779-62dc-47bf-8199-77a5f57a545f,224.00
5b372045-a4a0-44c8-96ec-1e201d61ed26,27.33
5b402a0c-4861-4b58-83b6-c754624cb6ea,33.22
5b43bdc7-e49e-4848-9101-6cad2ecab4dc,32.55
5b6ddce7-b9c5-431d-a0b0-46d4aa93cbcb,1144.37
5b93c8f6-75a4-47e5-bf7f-c3db20c6d7c9,200.00
5bd38716-874c-4e3c-a315-837839a6258c,38.15
5bded615-62bc-40f6-9a54-7c9d0d551d4c,117.17
5c18591d-a8e2-49ea-b31e-7358e4143024,20.46
5c278bd1-f120-4ade-95f1-c2cfc23bd763,22.83
5c411d18-c257-424a-9125-06eeafec1e66,177.36
5c43add9-f948-41fe-b40c-e1d357db5f05,32.25
5c5b4738-20bb-465d-b67e-c6146dce9d0b,79.37
5c5e8aa5-91d7-49d2-863a-b9db836436fd,22.63
5c7a4e18-04a1-49f1-ad73-c93f9d0c9b11,25.14
5cbc686e-a8ef-40de-b79a-803ef42f8384,61.82
5cc0b4eb-8ee9-4213-8194-02e7d63428d3,20.23
5cc8bafb-ee70-4728-a712-0d6d244c39b6,132.48
5ccab9c0-d19a-4cbf-8a61-e205fc3ff023,34.99
5cceb11b-0f70-4749-8a8c-d698cd01cd6e,131.71
5cee491e-7958-4ea1-b03d-9fb75320fe44,479.09
5cf53baa-b0c3-4190-a5c6-c141d54cff32,38.48
5d077a49-73d4-4958-b42a-31b814e110e8,69.09
5d5aae6e-fe20-4363-9589-5a54bcbbb77e,31.23
5d7b2638-2e6b-49c4-b716-9286ee0866d8,20.58
5d8690ec-fded-4801-8eaf-5e5fe3d444ec,42.13
5d86b77f-7890-40b8-b5c3-fffa88f3fe52,154.32
5dbceca6-74ac-4811-b879-bec6ae957d0e,21.22
5df3d7fa-2b43-4b9e-85eb-ef96537942fb,27.13
5e1cf470-f2af-469d-914b-e250652c861d,23.00
5e2d35f8-3cf6-4843-9030-0e9a885d836c,23.90
5e51fc96-e927-482b-b13e-fb2cda62eba3,26.87
5e64822a-6817-4e1e-8155-3e95f8e3763f,1660.75
5e7c1797-8f7b-47d2-aed1-edb88d21a0ac,23.22
5e861bb6-0841-4a84-9d65-1d45ea87e90d,48.30
5e8b29d9-b20c-437f-96ec-1b0009719820,59.87
5e91ce41-053e-4203-8860-49cbf854cc18,6968.70
5e9b3794-d0f0-4d28-85cb-22492e195ae1,38.47
5e9c9901-c329-4a68-96ab-f33d7c12aefe,21.49
5eba41e6-106a-4f2d-ae92-5a01a06e158a,29.81
5edac3e9-6c18-4801-a035-2803d35314ef,45.07
5eed50e7-c07b-415e-a847-535d08fcd8ca,28.65
5f092adf-a06e-47c1-9400-2eebf9ef719d,144.31
5f0c0b37-056f-4c49-b5d7-e25534117e17,22.01
5f2b2373-9052-4246-a644-1f5b723ea9f1,20.80
5f46783a-b91e-4829-a173-5515b09ca615,42.34
5f569425-465f-42a8-ae4e-7e98d70cc2af,24.69
5f608efc-0dbc-4cc3-aadd-ed473bfc29ab,39.39
5f6e8830-5e62-4945-8b73-60f0628d38e7,21.97
5f7346d8-1aef-4618-88e6-74bd8865e0f3,27.78
5f8bb451-706d-44ff-bbad-9ddc6f9f786a,72.73
5f96e816-206b-4fd7-a7d7-2d90542cf30a,177.79
5fbd5fbb-f689-4ff0-8f23-17e4cb0925a2,177.10
6002d99a-c7b4-4845-aca9-b55dabb62d9f,21.85
60252226-a102-4d88-9b80-42d021b5184d,72.80
6059f2ae-94cb-42f1-80ae-45b44551d169,29.86
605fe667-8dee-4f62-a01c-0a3c44731c01,391.42
60790b07-53da-41fa-b9e0-e7ce22fdcb11,41.32
60bc8cfc-8f68-4ec7-92a7-98380d92f69e,668.00
60c0ff39-ad65-4687-8486-24559c39e6c1,2000.00
60c597ee-eaf9-4294-9865-af8a18067eda,32.36
60df6592-0b3b-4b87-aeb2-8fa94b4fb7be,4326.12
60f37eac-e8fa-48d3-b936-74461ea1853c,227.48
6121f72f-680f-4bb4-ae4d-37ee4ebed4d8,390.02
613694aa-b169-400d-8063-2b83d8303611,26.69
61510e88-97d0-410a-9431-ebf12990e33d,29.40
61706102-67fd-4167-bd7d-ec6da41db362,24.53
6171e136-1167-4329-acb2-6853d3a814e5,25.43
6176936d-72e2-4205-8871-4c5a4f1cb2d8,73.17
6180c476-dadf-4c03-ab1e-639386bd4319,43.22
61a59775-b1cd-4ed0-8abf-c2b37f7be0d5,112.00
61e4f56d-1f4f-49f2-8534-0d09196a3327,967.50
61e9c770-f05b-40df-a01f-82b734db1733,29.44
61ea96b1-4428-4951-88d4-f79338955981,111.91
61fc30b6-1355-425b-a86f-18f59f83141c,37.31
621c7296-a1d1-49da-a1f1-dd62758ad7f7,390.14
6270c798-a3ba-4826-b0a9-82f7e12890f6,41.93
62835e03-49c8-42b8-91ba-3aa4beb5df66,24.06
62858604-ca5a-4f69-a045-a7515ebfabf2,704.81
62b19a12-6914-430e-81ce-dcfca47884df,2053.88
62b3f560-262b-4bc3-9aef-535fd7082c28,27.07
62ef2f37-b8ad-47ad-89ca-d6abcb7ff21b,804.09
62f96e43-aebd-4de2-969a-37cd1d62f127,202.27
6303233b-35eb-49ca-b844-ba6b9fe1cbd2,425.30
631a15c2-0a6d-4859-91e9-a08a7e756054,33.08
631a9966-b5d2-4696-a2f1-2d56fccad9b2,53.37
6321e16b-0b4b-4d36-ab94-97bf5816acf4,25.23
6340e0f3-7f9c-4d71-8daf-e1be5505eb5b,50.83
637ed5bb-9ea3-4f63-b6aa-9528048673c3,39.11
63b9efd6-0709-4d4b-a907-d8a77ec1a327,26.98
63bacc32-d6ba-420c-9b49-299c08e5fb39,520.70
63c0e240-07b0-45fb-90af-f4fce18c604e,672.77
63c59228-c742-4abd-b4d7-9f7880190e95,26.29
640770d9-c0f8-40fd-9467-ebc099a27a4b,73.45
640be32d-dcc8-408a-b8a6-077472f1e70b,20.09
6430c61b-407d-471d-9012-07f1ddef28aa,35.02
6431d2f1-44e7-4699-bc38-2e5222a5e243,33.22
643c027f-1e8b-490c-a1bc-91a2966153ae,43.50
649aa116-4bb5-4974-b8dc-38a8c627717a,100.00
649be99a-fa52-469e-85df-11ecc576ea39,33.89
64a5d494-efa1-446b-bebe-2ad36e154376,40.68
64b4b6cd-6d0f-4060-b51f-61f481000d51,39.89
64b52b42-e2af-4040-b7ba-34cc292af7ef,54.89
64bc9b1d-5818-4d9e-b771-e49af4ff9a5c,2633.63
64f299eb-9cd6-40bc-ad44-22e3aeb5c930,23.80
652bd781-1a48-42c1-9aff-f9050a9285d6,400.00
65705a8d-6bb1-4289-b8b0-8546ccc478dc,397.33
657a745d-038e-4cbd-9ffb-2a76009400a7,33.72
659039ed-c269-4c2d-bce6-91d143f0618e,24.31
65947312-75c2-4baa-805c-238a154156ef,37.96
65a168b8-285b-4725-a982-671557d4f0bc,339.52
65b145dd-8529-4bff-b381-b4be53f24b54,75.22
65c6b4f4-2aef-4150-9a7f-70ca5f337766,67.33
65eb6cda-e512-40a8-9c1f-335b713409ff,448.56
65f582e8-148f-432f-a6ba-f12a35750781,23.81
65ffb473-0a11-44c2-9311-f39d69eef713,24.21
66024e69-ad60-4c9a-a0ca-da138d33ad80,59.80
6602b025-d795-4fa4-9094-f21b2ff1b5cf,180.22
66233963-7b57-414b-8e8a-1e1ab2453bd2,592.06
664b46f5-0424-4f4e-9f26-6bd2cf5e0357,57.26
6674c7f7-8022-4457-9a8a-6b87ff3348b0,30.40
66763118-6a1e-465a-bfe0-6fe18c419875,21.45
66a74c89-6f86-4ec8-af17-391cd5026054,166.73
66d5effc-dc31-485c-91c0-e9a8e2b098af,56.52
6701874e-986e-4b81-9268-90b6171e6187,69.21
670f236c-f4d7-419e-82cf-65da8c2f1e15,703.96
67299451-5302-4639-a4bc-6109521a2c0c,53.63
6739a5bb-5ed7-4f15-affb-4170239d997a,337.62
674e1b0f-c2e5-4b75-817d-19ab5f734139,31.33
67600383-bbb8-411c-b8e6-2296650bc747,23.08
676758ee-dac8-4c97-8a62-fff25bcbb6df,42.48
676fea93-7f39-4fc7-89ab-bb3ea3f15951,253.95
678e1ddd-caf8-4565-b9c0-cea2891a531e,143.33
678ed5f8-8bfa-483c-beeb-b4a7e7affd65,41.87
67b369c4-faa8-45c8-a1b9-98f228b69682,4273.54
67b6c902-c631-4d48-93f1-487c18c66235,276.00
67d1945d-d228-4dc3-a593-859408b2016b,652.64
67ec17e1-174b-4d07-a27f-91a333c4b2fb,20.04
67f4c93b-080c-4196-b095-6a120a221988,23.49
684c5070-e72a-42fb-ab5c-44d7f04f9d34,650.00
68618675-3e00-4b07-b1da-0e4be5700a1c,23.57
68619895-e0bc-477e-b419-b188b6515768,27.91
68841ca8-a043-4f30-9a17-e983ed960bc2,49.84
68875b43-6839-467c-909e-52fd2212b7de,39.84
689eb54c-f99c-4f29-b2b9-4762c7a778cc,25.37
68c14c36-7ef6-476a-99dd-72f984117e32,350.00
68c72226-6f52-4322-8b14-18737293dfa0,53.48
68f7aa32-822c-4284-8da3-ea58c7330e47,21.30
696792c7-245a-437e-b495-477b177773ba,38.19
6969ef4f-e27b-40fc-9558-c9281deae80c,1446.75
69937b20-f145-4be0-aaa5-79ceae0d66fb,20.05
69b32f90-b32f-41a6-af0c-1c967ec49b73,20.88
69c35da2-7dc0-4901-ac44-5ed197e5ea43,39.34
69c3b2a3-0daa-4d42-832d-fcdfda6555ea,63.79
69d55219-32b0-4281-a020-52107db6d16a,70.31
69ffe198-2696-43ea-b63b-9329f751d9ad,26.13
6a058e68-70af-4a64-859c-c881e5578368,80.40
6a63e119-3b1b-4964-a4b9-b10170ff542b,116.42
6a814cf1-a882-4a66-9eae-4d327685d3a3,31.39
6aa5cc65-f8f1-4f6f-8b4e-2fedccbda684,32.89
6ab2cbaa-58c5-4612-8d99-10f5ee5041ee,56.14
6ad857f8-3c78-4333-b6c9-ac57b6b70888,253.56
6ada256f-2e55-4c1f-b4d3-d7b10b498956,24.24
6aeb2c1b-0f91-4afe-8105-dfb78c8e6420,1400.78
6b3a20ac-1860-4513-bb73-35d23b088b04,160.44
6b4c1515-6127-4d4b-bdd2-e38bb68693e7,45.06
6b80de80-8b4e-46e2-9145-b9f3031d32d7,36.51
6bba4159-d507-4bb2-8c71-be7cd42d9277,31.24
6bbf1eab-bc32-4835-b566-8634b1fe81b0,207.66
6bc3b304-4109-4f67-b0b0-f1c1de66ff0e,32.25
6be9b1d5-9ab8-4adb-ba54-2c0117e842fa,165.48
6bec436c-2869-432a-b3cf-633a58af6d4c,2420.51
6bf29f1d-b30e-4c5b-a581-a0386d75ebe1,23.68
6c05bfb5-dd36-44c5-a60d-43f7f8c68a6b,24.05
6c35a930-86ee-41bf-a287-30084b33c4a4,23.27
6c521e85-9b38-4c75-ac04-b6de0e36c36c,21.43
6c6193e8-453b-49dd-ad65-ee6e363bff93,70.66
6c6efe95-ae57-4ff1-8f8a-0d6f3bd36d9c,38.07
6c877da3-68fa-41d0-8a24-8c79fcd8ecc1,23.37
6c9bb8b1-fb79-4b99-ba09-c6e6c860de50,1170.41
6cd01460-901c-4d75-bc29-e97ed26afc39,30.55
6d14bd1a-068e-4338-8014-d5271cb2fe4d,36.37
6d289cdd-3afa-48dd-9c90-3d8f9df79f16,22.71
6d3c06a5-a0b2-47a2-a583-d579c24a44c9,34.19
6d3e3c3a-d351-4d91-8884-312d4b6f540d,123.72
6d3ecc2e-7e49-4822-8330-32e57f05ee5e,400.25
6d47a1c7-d32b-425a-b15d-24eb35318f6f,37.53
6d545e9d-3b8e-44f5-8b4e-d8573ecc5819,28.93
6d7cd274-ed83-475a-9b4f-adb9c780a6f4,62.87
6d84e2d4-38bf-4d46-99a6-37c2dda66b16,21.18
6d929c38-91e6-457c-937a-d1884f4bba44,36.03
6d98bdb7-bdba-4e06-a122-9bcf131f4cc8,26.49
6da045f8-6278-4c84-9d39-025adf0789c1,26.34
6da8e15d-033e-41ab-9f95-656a5737bdac,28.46
6daf1aab-1e58-4a5a-bc66-cb3f7c86e0e8,21.03
6dc70f3b-844e-428c-a8cd-d6c6a55b925a,31.23
6dc7bd26-4028-4d51-8335-1323b70f9464,282.04
6def4492-3f67-4cdb-8a25-c3ddebd125c7,27.56
6e091dd6-149f-46ea-bae0-224e79e3aacb,27.39
6e169f68-d336-429d-bdd0-f034a53391a3,106.99
6e2cf83b-417d-41ca-8e65-86aa65180c40,38.36
6e7b0e29-09d9-4b3e-ab94-f1f4a61d9159,49.00
6e934462-bf6c-48ff-92a4-1df476c420b7,82.86
6ea9852b-78fa-4732-8801-4ce632270558,64.31
6eab6765-eba3-4844-81ca-ae37a6e903df,360.60
6eafa00b-c628-40f6-86eb-88e1361fc7a0,3389.09
6ed83401-0b7e-48c7-b1a4-8e97aec29960,30.18
6efb3b4c-ac12-406c-8517-9fccefdd1544,78.95
6f1c8cb0-38eb-408b-94e8-16db83999b3b,41.50
6f30ad61-fcb7-4d55-ba86-94de1bf545e4,77.25
6f3b4542-bf78-4450-a4e0-bf757445c3c3,24.13
6f609594-ed25-4c7f-8829-ea9f735ddcab,1417.83
6f730eba-fef1-4d2c-bcaf-9fe51f6bf270,22.75
6f941fee-aea1-4afb-ada4-7bbab39c2f6c,32.31
6f9ea46a-411f-40ce-a873-a905180093f4,1603.82
6fa6468a-335a-467d-aef6-e537af9d5c1c,45.30
6fb9c77b-c028-46d9-8574-9bc9343b9cc2,582.00
6ff1cefc-62cb-4525-b0c5-2b09603b4314,337.68
701335fe-657c-408e-9030-85c9d6f4a666,20.72
7037f57a-ca89-41bd-bf7f-2f54593c0f48,25.11
7065deea-6117-47d4-9d72-fc67af5bb483,32.16
70d0540f-93c6-4af5-ab2d-65e6c03001c7,25.80
70d6c02e-0f48-4fb0-94f3-1fc92ee1814f,3080.42
70e7ddf2-5604-41e7-bb9d-ddd03d3e9d0b,17278.17
710160a6-43b4-4ba7-9dcd-93e01befc66f,43.42
711d4d54-5520-4de8-9b93-79902ed8e562,859.92
714c3a1f-7b30-4ed8-8f38-6176758741fb,28.74
716c415e-5eb8-4644-ac64-5ba7c3f0ea65,34.42
7178a1de-741d-49f1-b199-be772c82ad36,12600.00
717f6d10-9144-4ade-9ac6-a481cc66b875,2584.72
71911392-42b0-4b6d-baf7-918a4bd3b924,21.12
71dac70d-2b7c-42de-afe4-73839401b238,38.09
71e491c5-8c07-449b-b2f1-ffa052e6d311,27.52
71f1efaa-b92f-495d-8c6f-eb6c7481afd0,75.27
71fc8dff-4d26-4dfd-b279-d06e10cba54f,41.23
720ecba0-a9dd-4adf-ad9d-0c068bf526fa,26.19
723a163e-97c1-4177-a067-873bebd9a87d,30.20
72450f69-9f56-44da-8aed-0edccc6ab142,24.34
72519051-4cf0-4273-8679-e0c1cb9e0c95,21.80
726aa407-dadd-4575-aee2-b7888e67a722,75.95
726fe2e7-bd1b-4c11-a098-6c8abfbdf06e,36.53
729feb73-4581-4f9d-ba47-bece72481b86,101.77
72e805e9-69be-45c1-aa04-f460641a0c1e,28.04
72ea2048-57bc-43d5-8987-33ca727f1a97,288.81
7302619c-b202-493f-9e02-a831a08abc3f,25.18
731a4b86-c213-4d8e-bf01-0a0e8cff0ff1,576.20
7333e089-dc31-4c2f-9230-c2033d95c7e6,21.30
7337d01c-fa94-477a-bac9-40682bbb84d7,332.80
733933dd-c871-4f75-8b08-d7c010dddbe6,91.01
73558b8d-fb08-4df5-99e3-d4c11c9ccfa7,24.30
736e4bf1-fee9-47cc-9bbc-093f21c77297,32.23
73731e45-51bb-4188-a54d-fdaa4bdfaf1f,24.70
73a065e3-b530-4e62-ab3c-4f6f908184ec,27.00
73a2a070-464e-4749-87f1-2df5c8b2a93b,49.99
73ae5276-b607-4f23-a9d2-e8cc7b8e3693,22.05
73b6b789-00c5-4d72-8fb3-6808bfbf0144,164.15
73c76f5d-d866-4eb7-b2d2-fc6ecf982f8e,366.34
73d51a3c-95c0-4810-b847-4b8afd12fd64,28.15
73d95016-fe42-4ff8-924a-f568f6de8d88,48.12
73e3e0b3-5284-464f-8c62-0f7801c966f5,734.59
73e85dab-5887-47bb-b5f2-fd11ff77ef91,27.02
73f24785-c7b3-46ab-833e-666af3d86c63,21.34
743e0f1e-55ab-429a-b9f1-769b008ad06a,27.61
747d4c99-0287-4138-af13-6244f33d2e57,27.42
7482a8ad-29ba-4f3a-b1fb-1175e306f724,33.93
74b109df-ce9e-4448-a5d5-3f53cf892731,534.02
74b22007-9def-4c0f-921c-555483cc3deb,67.68
74e5dcec-ef1d-4461-bb23-61d98ff082dd,22.12
74ebf1c8-dade-4d09-8aba-7b7f7626ce87,500.00
7536292c-da25-41c8-ba28-1e35758a7f3d,31.27
755a45bd-8fe6-4e4d-8065-024a2836751b,21.50
75798ac5-9843-4a8b-a5f3-dbd38b4e4bad,52.71
75a4e843-937c-47fb-8768-0f42c5cb4e4f,33.02
75a58f0b-c772-4254-8686-182d26889f9c,75.65
75b03c30-c2b8-4207-b675-26c59c40a7e5,27.82
75bc0682-f21a-4c35-bdb2-deb10a6cd8b8,25.94
763d7fcb-e5f0-4438-8d35-8beb4cc015e4,33.41
763fee38-68bf-4c2f-837f-bd5077138368,32.62
765fd969-d3da-426a-8bf2-d4e1bb7ae878,22.52
768f3a05-bd06-4a23-b9f2-94f6e618fd9f,6526.21
769326d4-60af-4b19-85d9-d96d3acdb56e,26.26
7695a48e-391a-4ac1-93d6-35373e13718f,21.04
76a5c5d2-921d-464f-8a9f-faeabc11f50e,500.00
76ac72f8-5b1e-4d67-a796-ef69cde27424,286.66
76ae81ea-13e3-4ab8-b956-4c7b139a5e9c,22.86
76cc445b-ccd4-4c93-8c7c-fa6582567111,55.15
76e5ee8a-34e5-4a2e-a04e-9fcdc7e53dda,53.23
773813a8-723f-4c26-9e0a-a01b2faada98,25.13
775480ed-f574-40cb-bd9b-21102eaaff63,20.42
77636b4c-faea-4bf5-b88c-dd5bb88dc930,23.53
776ad9be-3309-4f1d-9f27-6219d9477662,131.76
778d10e6-251b-4ef3-b9b8-bc23a0d74aed,188.47
77ad722a-d6f3-483e-bd13-e0923cc8a265,45.14
77be13ed-5ef5-4452-a16f-ccd3599d8555,45.07
77ceba8b-de19-4db8-b5a7-f5df49bf241f,46.51
77d16cf5-d85a-44cf-aaac-c4134837cbe4,109.11
77f130c7-0138-4a1a-9f67-62d2c302dc48,34.34
7815c90b-f7f7-46ac-9dc1-fc3d8cfdbac5,31.93
78373616-e2d6-4ccf-998f-09f02bea45b4,71.33
784cc686-e5a2-4835-8ff2-820461868ffa,200.00
78a9088f-8755-47cb-aa93-51d992ccab90,25.60
78b14ae1-fc8b-43df-b6a2-e9f8edc0b8dd,23.61
78ee3eb7-6fb4-4dc0-8338-9666fe58ca71,298.54
7928bb14-7631-4830-a756-26d1ea832ba2,24.37
793656ed-acbe-4fec-bac5-96778f234e72,1020.00
79427109-c1f3-476d-a029-0049217237b5,25.60
794663d5-b397-4775-9921-30184bc36aa9,27.27
797b30b0-bc82-43fd-a842-d5879e2441bd,21.17
798c0faf-0de2-4397-8f03-2120d2a35351,40.06
7993b049-09d8-4c1a-9455-bb092249e0b6,31.33
7996ab8e-5fa4-4d39-8c7b-12e4258bf8a9,31.73
79976df3-e989-4f99-8534-dca962f85e3d,34.80
79b2d33b-2689-4d03-b297-a196b376804d,22.20
79c291b1-bbe1-42f9-8b8d-14afec9c218a,25.76
79cc2242-6064-4c90-a46b-0e59144bc04a,5000.00
79d24cf8-107e-4b5b-a4f5-a7498647abef,20.54
79d70eaa-33fe-4fcc-947f-f6c44c97b14f,30.36
79fe9e5e-3ddc-4b15-81d5-9659cd087649,1043.60
7a20dcb0-5350-40e0-82d3-c8d0186fc9d2,42.48
7a28dab1-f28d-4ac5-b5a2-f79b14e11b06,341.53
7a483778-b88b-473f-9217-7583e69b3e70,23.45
7a601041-926f-40fd-8106-39099b87806f,1266.70
7a7017e0-963a-4409-a995-00ec54041461,38.41
7a79190f-de60-4eb6-b925-594eb76ca8c3,95.55
7a7c5941-9c8a-4a40-9efb-a84f05c58e53,52.86
7a87f8bc-1b3e-4cb2-9343-5f008e942411,55.30
7a8db21f-722b-4a07-985b-8d25a0b0006a,2082.81
7abd2723-2851-4f1a-b2d0-dfcb526472c3,24.09
7af082fa-86a3-4f7b-966d-2be1f1d0c0bc,37.09
7afa0ee5-a0b8-472e-9991-09402ddb5de3,44.80
7b0b0520-f792-4201-bd4c-22b7d7824b52,34.92
7b0ca1f4-391d-40fc-b53e-ffb6e4d4c061,76.59
7b112a10-ac40-4353-bbdd-e5efd4546330,26.45
7b218531-9f5c-4ffb-9d2f-f2ead5b9f221,27.66
7b3f0e26-7784-452d-acc8-9f7181e0f7d5,27.09
7b469eaa-21f4-44a2-a1e9-a44dad2b5099,400.00
7b52f459-c703-4a0b-9114-ff69eec61287,171.76
7b633ac2-bf98-42bd-8c26-8737a7d8edc7,38.28
7b8197b9-0cd1-4fa1-9668-d1b5f1759151,238.72
7bae726c-40b3-4f68-8ca7-0400a92d0495,29.12
7bcfc82b-3e8a-4785-a87e-e96b5bfca90f,23.55
7bf6baf2-d20b-467d-8929-abefcf7dfa99,21.42
7c01cae0-4d61-4bf7-a145-82d9bb11d816,134.73
7c024bae-5631-4e20-ac69-df392ac9e109,34.74
7c23360d-ff57-412c-9899-6050cb481da6,21.92
7c3271da-cc20-48c2-ac61-b64a8e47f9e5,600.00
7c439c5a-b4a5-411b-9e68-fb8438ccdfb0,103.95
7c666b4b-c4ff-40ca-9d16-c76aafebaa83,50.71
7c67788e-d713-47c3-ab9f-b8a6212ae24f,499.33
7cb5acb6-14af-4e17-8e6c-b44122bd81e4,42.34
7cb88a03-7092-4d31-a9f1-4f16e39bc537,22.81
7cb981e3-2db7-48c8-83fb-f36ac43689e1,86.06
7cd58bb6-dba2-4ab6-a03e-150aa7f5c216,22.36
7d37b529-8a41-4177-abef-614f363e69d1,316.49
7d3b2b9f-623f-4993-ad45-099ec3b570c6,20.29
7d635dfb-0a48-4965-82d1-d98f943bb28d,24.50
7dae100a-ea1d-45f3-b47c-b278cda462ad,30.92
7db50dae-5d50-4682-8fe4-beb48be103c2,32.10
7e18d625-0950-4062-8d41-f8b681eff234,507.67
7e689df7-b85d-4346-bee8-5e978b5cbbbc,26.77
7e88740e-f2ba-4fb7-ac2a-2e6313b7745f,375.00
7e8cbd3c-e88d-4d08-8553-20dfbad5f833,42.97
7eb0cb82-d930-43c3-a6d6-f947018d45d6,90.24
7eb71ac4-796d-4011-9002-1129bc09c284,22.22
7ecdb244-aeb5-42ef-b1ce-e586580c6b6c,47.54
7ee63877-056e-413d-932a-a393a4183686,93.35
7f07e272-6cc7-46d6-ad5c-473d1021c179,50.10
7f09d805-ce3a-4f5a-8ea3-fe07f652af3c,511.06
7f1b99e0-ffb7-4f98-8ee5-4357bb79dd2e,20.27
7f273641-c5f3-48bc-b89e-3cff52d26a0b,38.40
7f296a5a-9e6c-4432-bf9b-fafbcccb6e62,22.41
7f4893ef-f983-418b-b7a4-5f073c844545,20.89
7f4af6c8-c419-42a9-ae5e-c3b73ea5eeea,29.74
7fb99a26-beeb-4aca-bb02-b2d2ce0595f9,555.68
7fc1d7db-11a3-4ff9-8d27-1fe401053080,23.44
7fd2fe13-bbc0-42b7-bc42-3b51910ce118,171.20
7fe98f7c-e6c0-4632-96da-a4c2e1a1c094,46.61
7ff965dd-54b4-4f21-a52f-81c0dd1e691e,24.98
7ffaedb9-25f8-4304-9085-e12505b93312,49.13
801b124d-3546-4882-a6e1-c9c353628a18,22.15
808cad10-69d5-4e14-9834-476c53ec97e4,83.30
80a04912-633d-4f67-b200-d55735438f76,21.72
80be0580-7948-4d8e-8c0f-5e2797ac411b,426.25
80c235ae-8297-4860-babe-de4a9df48c58,61.33
80f88df1-4e1a-4557-bb7a-1ac86641043e,28.75
8105973c-a94d-444c-ba20-ab0fa978bee8,96.78
8118282a-1473-4c0b-a283-1f58e0d0209a,23.55
81264242-bdac-4342-9420-16e7c2c84ee6,495.02
812a0a10-0765-499f-8581-c4d7e0e81299,49.18
812f4d5c-aacf-4bd8-849d-80a357a7804d,30.08
813057d4-ec5b-4ec4-a6ad-8f53cc49b827,26.95
814245de-6105-43ef-acbf-d12d304b6331,22.64
8144418b-e3e5-459f-8db2-f2e348fba4da,370.53
8145fed6-6b51-420a-84cf-4ea5e0aa1883,20.05
814cf35c-f1ad-4bf4-8c10-a5592c3b1be8,22.23
81564970-23ad-41a3-b5e0-21bdf13f6248,27.77
81706879-ec5d-4b17-b4bc-5f7cb37557a5,33.39
81917a2b-9bf6-4aa6-947d-36b0f45d6fe3,32.44
819798cf-f685-49b6-b1fd-6bb75fc1f050,24.93
81ad48fa-9464-40bf-8bf5-af31a6a38fb3,29.91
81d6b979-251a-4736-86f0-35a6c8b492c9,23.59
81d73362-43c1-4dd0-87dd-9aa7ae13ff2f,173.63
81e57561-17d4-48db-8e40-f41019010bc9,34.39
822e30db-40c5-4099-868b-185ad9b7c7dc,395.86
8296a455-21d5-498e-9029-2bdf0da855a8,30.68
829bbc9b-9185-4d9b-8e4e-9f04ece48fff,35.12
82ae30e8-2dcd-46b8-925b-cc24e11fb95d,20.84
82da0972-b17b-4600-9efd-e9430a0db04b,20089.89
82f70920-94ca-4cc6-9ad7-bc2f28d6b615,37.26
82fa24fb-aecc-4c33-9e79-c29651ddafbe,22.14
830eb270-f7aa-4694-8fe1-7c19e148a39f,25.91
83240eaa-edb4-4bd3-b193-29470cf46828,52.47
83316930-d6ad-46ce-9b40-48eea856d95b,44.09
833936c6-9381-4c0b-a81c-4a938be95040,22.14
834b27a0-dfd7-4f96-8cde-cacac4b24acc,35.90
8352e8b6-c947-49f3-a653-a6af65d3e9c3,76.16
835df088-5860-46b1-9c4d-3607d0293963,24.51
8384f87b-26c2-45b7-98ef-352c384f205e,66.47
839e97b5-c04d-4088-af4e-fa64f4575e51,24.05
83a46e68-7fb5-4c17-b5aa-ed039cea59d6,84.62
83c01c91-ea01-46c7-b94c-97777b968459,24.22
83c82209-47d5-4c4c-b8ec-96ab907e15d3,55.72
83f5909b-06eb-446a-8102-1421d4662ba4,26.47
8405c30f-89bc-4210-a430-2521294f3302,250.00
8436c720-ff96-4475-8320-d0d1e0c23f2a,162.67
845734da-ab03-4dbc-bb5f-96481d3b8e88,35.86
847de6a4-a268-492e-a4d2-5b12237bc130,618.55
84829605-50eb-455d-a236-ebfa11e883c5,30.03
84b83106-a10d-469a-99eb-56110ef34ba1,87.78
84dc2948-f185-4c3f-b80e-2bc8f47825c9,23.64
84f035e1-6c89-457b-b05f-85680a50ed91,63.02
8512f2c1-6361-4b79-843f-80b6bceeeb99,46.81
851c0167-04ba-4d15-b0fa-c211bd8826f1,32.45
852d7a68-8682-4073-a44b-f10f5613879c,1144.54
8537cb0f-4821-417b-80cc-ea57d51ee9b8,30.16
856be1dd-a20b-49c2-be9d-7db76c7efd8b,20.14
856bf0ba-e5a5-47eb-9a6a-111935088c31,671.49
858e0b83-7927-4e34-ae25-6ad7a787ad97,58.21
859d2ff4-8b8c-410b-8636-7e6a539fd291,48.16
85eaf5e7-77dc-4842-a70c-ce4ac7f724df,28.62
861b5889-0183-4bee-afeb-a4b2aa700a8e,36.99
86418d1b-4956-48fd-a542-338f24c1c0a0,236.23
86435875-ac92-4348-b41e-19570cf62a1c,332.34
864d028f-b57f-4f68-9694-c5a2bd7295b9,22.27
8673ccb2-e960-44a9-917b-c53c91e61a94,62.35
8676d164-c76e-402b-a649-6ded3f549b6e,20.07
8690cbcc-f8fd-41f7-9e28-e61c12b04014,28.48
869ec7dc-dbf5-4ed4-a368-328da384ecae,23.13
86a27d68-3e58-4ade-976d-36381beed451,644.38
86e3be43-2bbd-48a5-9a9e-05f15a929dc3,123.18
86e61a1f-5058-4387-84d9-bfe2607b1b92,629.05
86f670f9-c5b7-4eb0-a7d0-d16513fadf74,21.62
86fd126f-7672-4d83-93df-c61184d2fcf4,32.70
870eb49c-f62d-4986-b492-601feb68a307,68.25
8712c49e-f171-4669-bed9-87575a37af11,34.01
87545415-2e27-4841-a3af-7653af2ba6d3,26.79
87776882-d3f6-4f80-8529-01feb416bb36,79.99
87f1e69a-6d74-4982-afda-82613637799a,52.71
880ffa23-ed71-4f39-aa66-0953a1f20fe9,111.84
8819dd6d-1127-4c73-9df7-5e5d66c20a68,34.90
881b6202-6d02-489b-b79c-62142c42ed1f,44.41
881e5922-b464-4a1a-b074-664bd6c0a7f6,36.19
88231c0d-0cc8-44ec-bf95-81d1710ac141,25.52
882de3fc-f84b-4b73-8f63-fce189c85ee8,23.21
882fe528-1a84-4d34-bd15-330963b684ff,42.78
885b5ca4-b8e4-4a66-9508-a12396959253,2180.23
8879190f-d8ff-47ce-a5d8-6a481a67236a,23.77
88910aa1-180d-41ab-a6ea-57fd66a955aa,251.09
88d6f431-a7ea-4508-a52c-86d33e12e4e4,218.18
894105c4-d3ce-4d38-855b-24aa47b112c1,41.53
8945585f-4773-493d-a0fe-d707db910b38,8111.66
894c5cf2-8ae2-427a-bcbc-67df0bdfee9d,1398.83
898cd314-9060-4f1c-a821-1d61a292a12b,73.74
8996f0df-d9c8-4fae-b69f-bf388b84fa5f,499.99
89ad91fc-50c2-44e0-b88e-2c13610377f9,22.43
89c21b09-8869-4d94-bf29-29c8d1c69d4f,23.59
89cf6f57-230f-497e-a14e-ad1e8737fd42,39.54
89dda260-836d-44e7-9540-13c352a1526c,33.02
89e2d714-2070-434a-9a81-276e72594e06,28.48
89f612d6-7c59-4a7b-a87d-45f789e88ba5,52.00
8a1dff82-de5c-4b1d-b87f-6ddb4551f820,65.78
8a3ea83c-2978-4a2a-a109-915b9a738a13,68.27
8abe7d62-6a99-4d1f-9b81-cff0485997a8,53.01
8b0336f5-e6a2-49e0-8d8e-760adf7112b7,25.24
8b28572c-d2ba-4834-8630-3d82202ebb6f,21.83
8b5713b7-f2a6-41c5-a485-058b7393570b,47.11
8b5a916f-a6f2-4e89-b38f-7e5bc0c2e032,38.72
8b6d4dab-0cce-4a3f-abe2-bf3b4bb6d26b,516.00
8b8a78cf-ee6c-4852-9651-eeaa634daaa1,81.01
8b8d9fae-a2a8-425a-8b82-34aa8e3eef06,593.42
8b99edfa-4bc2-4e90-9def-14d5db0fe6c1,164.00
8bb48b87-8ed9-41b2-80ca-5d37cf24455a,104.48
8bbf6678-f597-407d-9a95-02bbe6c4bcf3,25.60
8bd37a04-87b1-42ad-b3e2-f17cd8998f9d,27.40
8bf88010-799d-4217-8e79-308bec7ad2ff,22.60
8c20df77-2a4d-44a6-9389-125c4e5f5e40,76.51
8c3d4d71-c750-4146-80fb-7cfd2427c62f,27.27
8cb56953-8450-475b-9be5-5ff628f56818,3055.42
8cd5732c-cd54-48d8-8b32-f33782ec69da,554.45
8cd7d7e1-f928-4429-9a59-ba0590a78e98,38.10
8cec48b8-58b2-4894-96e4-8477b83d4cf6,29.25
8cf56b18-e71a-4fd2-8694-a9aaece41965,1319.72
8cf99186-3167-4092-8efb-e7448609ceba,2345.17
8d27e717-8bda-44dc-90b9-a6f7029c7b93,40.32
8d3569de-ff5e-44a2-94a2-86e994d2a0f1,22.64
8d4a47d3-75f4-4770-8fbf-735b97811d82,1415.41
8d74a469-c71d-4773-99d3-5456b31df424,21.44
8d80ec47-0e47-49e3-9c43-1c126d8523e1,22.31
8d82d94b-ceef-4533-a4f2-b6442a61b839,61.75
8da6b899-9f8e-41e1-a8e5-be66b18f1e6b,76.34
8dc0660e-6fe0-48b9-aba0-0e7a72ea4afd,436.80
8dcc3080-966d-497e-82c9-a7311630abd2,29.58
8de3fdae-cc2c-4a14-b15b-4fe1a983dfbf,140.75
8de940d6-98c0-46a9-b5fd-e2b0899ea19e,26.74
8df6603a-38c1-4d18-8b84-6211e9a7cc09,97.52
8df80424-3bd9-4982-ad79-e55d9ba3b43d,25.23
8e0d4b0c-75c9-432f-8bb0-18950ee1947b,24.10
8e1d8486-370a-49b6-9145-060814f38677,35.41
8e432f7c-885e-4fdb-9a08-bb2f4e2042ae,21.79
8ebe4be7-e12a-4596-a899-fbd5b152e879,8027.89
8ecea08d-7d65-4d61-a34d-2f8976af5f5e,24.42
8ed80db2-b30d-4306-8d9f-a43cd77d37e3,31.42
8ee8c229-1915-493d-82e2-6da9e01bb867,427.11
8f0a25ea-b414-423c-94a6-8a4795d60b46,25.79
8f6597c9-8271-49c7-b4f6-9265f5d95f99,816.32
8f861d59-f2ce-457f-99f4-48b12ae34fa2,23.73
8f8f02f1-ccb6-48b6-ae4e-adc4fe721606,42.49
8f9bc5e5-b34e-4274-9ad4-84f405a4e176,39.26
8fa7526a-7a4e-4b3d-b96e-91f2bbf1c7bd,29.12
8fd7861d-925f-4b4c-a4ab-60be6f43d50b,238.63
8fe3fd83-969c-4add-888f-86f4306b067c,52.80
8fecc5d2-5298-4d47-b085-f160603f220e,27.45
901831ad-1840-4287-b6a0-bea310598dc2,25.01
901bd4dc-ebd3-40af-9fb0-57a8719329a4,46.27
902441dc-c976-4c92-b897-6376eaa0fe38,3116.03
904ff94a-4db4-44a6-8593-89c32905b3fc,26.14
9052369f-840f-438e-b86d-e2f8d6339585,1832.68
90538019-58eb-4b4f-b2a5-4650e5b6ec84,34.65
90563f90-0127-4164-b43b-f0321dc63a1d,37.30
90600867-9b2b-4174-8fb5-3f58469e8733,28.35
9076e13d-d16e-4528-aad0-8b8081b00e8d,26.67
908a2215-7231-43a4-8fec-5d1e4233c028,31.89
9097b246-a7a6-4dad-ad5b-5703eac4b7f0,65.91
90a57c0e-fa61-45ef-955d-d296403967d5,65.72
90b3ef81-2c77-4355-afcb-7b419d4bcb2c,489.46
91070e35-2e17-4045-a8ac-0056cb0a2b11,42.18
911538ea-322c-4c40-a9c3-35e47fe60fce,169.54
9126dfa0-b681-44c7-9ae1-7926df8a2767,20.36
91271b80-cc8c-436f-983e-3f168febeb99,20.30
9138d11a-d55f-4c46-bb27-7e8e15a44e8c,3521.30
917e98db-a0c4-4836-9e4b-3fda142eedf6,76.49
91809c68-94ec-4825-8ed9-bdd77b113ea0,24.96
91b0a6cb-1c2e-4122-8874-a48e69e1c464,24.22
91bdfd40-dbc7-42a8-a122-5834193b8f5e,23.73
91bed8a9-ede6-4fdc-966e-d1e4261c68e4,113.81
91f15da4-396e-4704-926f-cda3b3f532e0,380.66
91f46e9a-6075-4fa5-8f60-f81e2024b13d,22.31
92274971-7c4a-4326-b0fe-75e2d124f718,5070.92
92369d7e-5e5a-46f9-bb31-c57d62410283,21.51
925ce0a7-ae09-4220-9e67-314dbc231c94,177.24
92613468-205e-488b-930d-11908477e9f8,39.04
92bcd1ce-19b1-4d78-8b09-95242ca08d76,19327.85
92c14d4d-abaa-411a-aaa1-0b79fccee8c1,30.30
92df19c9-e127-42d9-8dd2-7fa5a7095428,21.26
930afb5f-54b7-4cca-8c28-3e48938f3a43,34.44
930ff1c5-7f34-47b8-8e8b-720909cc6a69,44.50
93376e64-1086-43e1-9326-8cbe9f850233,20.19
9337996e-a119-4529-b422-f6d286c78e3f,30.91
9341ed06-53db-4604-b60a-3ea9129afbc2,41.38
9350a16e-4dab-4754-8896-87637a19f660,22.37
9359f60c-9a27-4e53-b35b-964a121a6fba,1425.30
936335d7-1c4a-4fcd-80ff-cd4d4fcab8c4,21.21
93789500-bcc5-40b0-991d-84d17cef95a6,26.82
9379e159-43ac-4bd2-8b33-f3de8e20cfe0,52.51
937fa336-0539-425e-9de6-7029dc91f105,586.47
93842064-a0a8-4e4d-9c8a-e8a86448d225,89.08
939c6e19-4b27-4023-bb9c-ae440f91e21c,24.07
93ee144f-3c76-444f-8a9a-318ee6407526,27.49
940536be-fce1-4a90-9126-195815a43e0f,21.38
940b3aa3-0f57-4b44-8ccb-60229c8cc72d,26.28
9415defa-ea35-454e-993b-3afd5776b7db,43.87
943baea8-b173-4863-a3ab-dd217d483cd9,453.15
944f01f2-b736-42ff-a871-6b6e726b231b,20.29
9464a820-65de-44f2-9895-46a35e8621a0,28.59
94742003-f0f1-4483-b1a0-e7163995db1b,43.88
94bd1f3f-473e-4929-8a0b-0fe88caa88a5,256.10
94c229ea-90da-4aa0-bfda-b162fb3b5b8b,23.33
94d74254-4750-4fb3-9e53-473a5f98b315,35.94
94f7e24c-2546-41b6-81ad-5e920b07e64e,3083.46
950ee61d-0bc1-4d7b-ba68-157061aa98eb,22.01
952ba126-0915-47f0-9b6a-a0a6dcd22c6f,876.09
952cb0b3-a6b7-4279-8833-3d8890b2d005,25.74
95318d85-4a08-47ac-a43d-ea83c0bea81c,23.90
95702503-8f2d-46c8-abdb-6edd6c431d19,22.07
9591f2ab-e09c-48d5-9c87-d27368e60750,25.51
9592c31e-179e-43d3-b2b8-b83c0dbea922,279.13
9598b346-a47d-4c4c-9571-156824e86b9c,403.42
95c14c4d-6c16-4826-8d93-d89ad04aee09,21.45
95d3a061-03b4-4004-8a6c-4374513de17a,83.31
95d9f93c-50a8-41a9-be98-d1900bf1c12f,42.76
95ebbb6d-04f8-42ec-a1b7-6ca67994b8d3,69.83
96457086-f871-4ea4-9ca7-5cca2371d9c3,205.86
966ae6ea-fc0b-4ff0-92bc-4a20c7ba7e38,41.44
9670f4eb-cca7-45fd-b3d7-58b436c00526,83.24
9672caeb-5cf8-4b40-a371-005c911a67d9,118.75
96ba9014-d750-4924-aa6f-8b9f421807f9,27.58
96c21429-98d3-416b-be00-6aa9c4c5a006,981.46
96d4e224-e630-4696-85ef-cf42f9d03ca5,31.58
96dd2d61-a43d-4582-b730-71d4fac0fa23,657.99
9733e82f-b4d0-455c-8dc3-9278a7a1f156,27.49
97eb21b6-6131-4650-9042-d6e22d8f7e2b,267.74
981b3a2e-de94-428d-8e5d-5a7ba6afe4a2,32.32
985164ba-0c30-42b1-a8b6-3be19251359c,47.09
9853b0ce-4763-4877-9741-f9145a3659c6,944.28
985453e7-997e-4d77-a338-cc0290791ebe,24.67
98a229f0-3cca-4c2a-8cb5-064040eece72,29.26
98c221d8-fbe4-4901-9f7b-1d04e08b261e,31.32
98c569b0-f011-4570-9eb8-b819f8fe54f6,33.09
98fba951-c5bb-497c-9292-ce1b2a1e1247,678.52
9904ef62-3328-4474-a3b4-21428fb9d911,30.82
9914836e-2fa6-4390-94b2-431427848a54,149.86
992b2dd3-87e7-48a4-bd8d-84973ff0ee1f,20.21
9941f83b-2903-4eab-ac6d-5313e3978fa3,469.16
9964d8d8-dc97-4e5f-9f52-173f7e2c37fd,30.01
996e6444-66b7-4d92-85f2-4c44d58186fe,28.73
997bc933-ac30-477b-a4e1-5333b796a99d,34.09
99ad63c7-0686-4f20-bc81-7b06df2bcb4a,24.49
99b6e466-784b-48a6-8e72-beff72f39231,255.32
99e0c371-1024-4432-9fd9-3bc29c8d38e4,30.88
99ec4723-b36c-4015-b361-736a6523e8f5,31.62
99ff731b-8399-40c8-b539-ba6ba5783771,46.66
9a3c8eb0-7a55-4897-8324-f3d08c707c4d,25.92
9a49dc44-616e-4bdd-8220-0bb71eccc512,19126.12
9a52c265-6920-4929-ba0a-70da08df01f1,33.61
9a53e8fc-bfd2-4866-a61c-f3204b0a98bf,28.21
9a61ac58-0bec-4056-be44-fc33db0e067b,34.65
9a67d30b-7a4f-49b4-bf8b-e9cf8c248e4d,45.59
9a6eb356-7418-443f-a51b-37ebc3526fce,43.17
9a879b60-4381-447d-8a5a-8e0b6a1d49ca,59.41
9a9c01c5-6bca-47ff-91a9-c20f301b2a96,20.21
9ab384fe-1935-4e6e-a3a2-aed932ed6643,80.95
9ababc1a-515e-4e20-8819-19d84d9b0af5,43.95
9abddd8c-626b-4896-b550-93f2e93d209e,20.28
9ac4d505-e055-45a9-bc23-bbf715af0560,551.62
9af0b8d6-f41b-4aa3-ae32-1ef2d1d4bade,34.05
9b0d2967-b11a-498d-b7be-bef1b6160d9a,24.48
9b370b3f-ae0d-4744-8b3d-3c48c81c1326,23.71
9b464549-a84d-44bf-a684-d59db5babc6d,26.68
9b73dfb4-d930-4a89-b621-129dd9f6328c,53.16
9b848caa-aad8-4060-8f86-304a8556de2d,26.21
9b8f466f-83ec-4d72-90de-0e30069f7ecd,46.97
9b911653-7b96-4cf3-a907-13c5c53a14f7,23.48
9b957a1f-6d26-47bb-84ba-81acc01a8dae,20.98
9bf3610c-4af3-45e7-a6f8-490c9cd18e3a,199.08
9c406b25-03f8-4aaa-9ea7-48bf754166b7,108.74
9c9d5f72-e199-4d5b-ae7e-cc5b9bdfae99,391.71
9ca5273e-2d4d-4157-b3dd-69e375b0f434,29.98
9cbaf50b-5491-474b-8501-8814e2629fe4,28.39
9cd91814-6177-4a3d-a1c1-a3be7d7c7957,488.86
9d10d962-4aa2-4663-bb3f-4b081d62e253,500.00
9d20e671-9b41-4591-b1ef-2a297411beb7,129.89
9d51d054-3c42-42d4-b2fe-d7197703cc6e,200.00
9d5e905f-266a-4e17-b925-e45421dc05f5,209.15
9d61d0a5-7e92-4413-9121-925e1876b64d,39.84
9db3ba6d-eb7f-4f5b-9a3b-c6239c3baa42,24.33
9dc7ab05-a5f5-4a02-87e7-3c47be35b5cb,1186.74
9dda7531-82a1-4f49-8858-601ddbc6e2bc,150.14
9ddc9fe1-17c8-4e1d-aeb8-c4214e881280,302.44
9ded52aa-67a2-4476-a278-1eea936b3248,1850.00
9df19f7c-2922-4d71-999a-818ae69045c3,22.24
9e11bf7c-f439-4529-b29a-d711359807ef,416.34
9e1a9e38-6ffc-490f-b0be-23ba4e8204c6,35.51
9e1b4cec-68e0-4259-9be5-565d927017d9,48.24
9e1e76a2-ec37-4fd8-8185-f98f675ff0cb,33.89
9e30230a-4b75-4fc6-9c98-b12791beea2d,21.60
9e5e07a2-fbdf-4c4c-996a-fce40bab5de5,517.38
9e70db8a-1b25-45c1-861a-58a02ca5f878,800.00
9e739c7e-cc16-4557-836f-fdec53a7ed8c,26.96
9e8cf4ef-0545-4876-b089-bfc723b521ed,26.78
9e99599e-c594-42c6-b9e3-4dbb8e982f88,28.19
9eae0ba1-1383-4505-b4e7-4f17dd8f20c5,96.26
9ec73912-aa0a-475b-b22a-ad71e8d9d0a8,30.03
9ed67d61-cf47-446b-b454-eb404a8686b7,70.37
9ee20fb3-fc63-42aa-8b52-2adf7c8b2463,61.44
9f10f026-eba0-4e33-b465-f3a852402718,31.90
9f37c5b6-a59c-45cd-9a99-e9357fe9ea1b,41.60
9f52160b-dcc0-4ab8-b8b2-b576b1688d57,86.76
9f87178b-1221-4d7a-a7a5-20d7f01b8089,669.84
9f9f5e0c-8bf4-46ab-ad79-332ceeaed3d5,28.83
9fcea5a1-6f62-450a-9351-b7e280c5ae60,32.38
a0367e54-eb07-475a-b06b-f869a046a86c,360.82
a03e8c5b-f4ed-4fd7-ba05-db813ccc05eb,4677.58
a0519776-3d86-4f7d-9c3b-71c1dfbf7e12,24.31
a056241d-513a-4de7-a604-bf8248c31225,26.66
a06ad827-1f34-47d2-a8a7-91599ec6af80,22.13
a099cbd2-e92a-433a-bc51-0aa2f8fc6857,23.87
a0e8f8d8-eac0-451c-a167-be84667a8e3d,84.99
a0f5c6bc-65dc-42a1-a62d-a0b101310a1f,411.31
a11f55e8-7f86-4ca9-b737-9a920d9cf282,1136.05
a14c05e4-8df3-450b-8a98-5028e73b14c1,34.87
a15d33d6-7213-4482-a1be-ac0a73644af6,22.33
a184cd2e-e27f-44b0-a8ae-9d861280e469,67.78
a1a6f8e9-7bc1-4151-b55f-acf877b1a7a6,729.18
a1bfda92-b932-46d8-b549-e2bc2b584a17,107.69
a1c75484-8bd1-49cf-8261-0e420ca89bca,21.72
a1f76082-d55e-45cc-977a-090a344484ed,24.05
a231e0b8-b3e3-4f4a-8baa-c56626b01685,88.50
a23446e7-8573-4e8e-8698-e4ca62424416,21.61
a24b4cb6-cebb-428b-8654-74347a6a8d63,51.90
a2749332-e99a-4a0c-b3a3-5578b552fa11,45.49
a274a381-4eb0-4e27-aff4-4d94e61b726a,95.46
a2788d69-6a3a-42f0-8736-cc6b57755ecd,1796.02
a285ab2e-836e-45b0-894e-574f733cf3db,33.17
a2931ae0-7836-4000-b9ec-f2029ebf5d96,31.89
a2c37964-1c0d-40e6-9947-8be04fe14427,20.76
a2e5e26d-f211-4c0f-8fe0-611e22e8cc8f,47.10
a2f3809e-e08e-45ff-8324-4046022fc6dd,34.98
a2fb7128-806b-4148-80fe-eb967f248021,47.38
a30c266d-579e-4757-a4d6-6722fa343a6c,29.13
a31d1338-3085-47c5-ac7b-6aa34b91314a,110.88
a3393436-3426-4903-8f41-7abcbf6c18c2,2838.08
a3544148-49b2-4320-8e3a-5bab81e0f7fd,35.69
a3617338-1c7e-445f-8efd-ecd17315c1ff,190.00
a374b6ef-bd75-4eae-ac7a-09332b0a653d,29.15
a3da57d0-1ae3-4f05-a52d-eb76ad56cae7,29.56
a3eedc11-0b47-430c-8391-577a2d05c2ae,53.92
a3f1c52b-87d2-42fc-8fa0-4557aa00b7b0,722.00
a400d404-9e0a-44dc-ba34-3a3115028ae0,401.63
a43bc73a-3566-4be5-a210-9a6a5eac1913,400.00
a466aec7-4cda-4a2f-ba8a-eeb3665fbcfc,67.63
a47417cb-1ea7-4f65-ba06-e27a99373114,30.79
a48bd745-5e9f-4807-97b0-29222a5b838d,46.51
a4db5af2-9caf-4493-b340-6d64021139e2,2804.79
a521f3f6-f90c-4fde-9b53-0e7301a5f8b7,21.95
a53c6a0e-9bbc-4a7b-8059-bc20806823d9,21.43
a549b913-556a-4aeb-899e-438ff6874f56,24.27
a575a9af-e1de-4a1d-91d8-440585377e4f,1013.42
a577ba08-0aa8-45be-aa83-d5078770127c,34.42
a594299e-fc3a-4d46-bd58-1a9cf7ddbdd7,192.35
a5b936c4-0dc1-4da6-bd15-5559f5b62200,54.24
a5d364f3-e3e7-46fb-8273-aabd56ded0c5,25.06
a5dd8dbb-9538-4786-b20c-0ea2f446f323,750.54
a5e571ef-1645-4584-ab53-e7ea5d443dea,560.57
a5f23039-45ca-4c15-af50-bfd40ea26453,23.87
a6000825-81bd-4deb-b115-c52c7890de2a,445.79
a61f40cd-7641-4228-9239-8894d1d04851,562.34
a64d4f93-0c04-4078-aec0-7e9de92f260f,105.74
a6714aba-7576-41b8-9f6b-5303f5b69689,4900.00
a696c5b6-f216-454d-8029-74e84bbd1428,108.25
a6a86e6e-bfff-46af-9d36-c912901fea92,262.43
a6a887e4-7cee-4107-8a9a-afbfa2e91bdc,23.92
a6d492b7-b0b3-420e-8d00-6dacb11de77e,87.71
a7094d56-4c8b-4b2f-ad3a-83d81c460626,43.51
a7167902-939f-4aae-819a-8b941ce45cb1,22.01
a71d1ec3-2d7a-4749-8936-8bf7a8b83d84,32.37
a71da253-1d40-4833-92a7-df8dd90e66e4,2410.50
a748366b-654a-488b-8431-8f44c7e2e0ec,91.68
a762a954-1166-4c6c-bf87-0f68a5a24f3e,28.04
a79c99e1-722a-44b6-8fa3-2be3f0c193d8,134.61
a7a8b6b8-b95f-4014-b17a-a6d44d965995,443.53
a7b5b4b1-1df0-46c4-97ff-f0ca2d1c91fb,25.68
a7cde778-6ab7-42e9-ae85-e83a4a584466,1200.00
a7f56fbb-c88a-4d10-a6c1-fef72403c4b9,76.75
a7fa6901-e74f-448c-9d26-99a692092512,24.57
a80582b1-09db-45f8-b362-0e5207a5a8e6,675.25
a81a49a0-995a-4311-894d-5cbfba59db14,28.67
a83dad59-27a4-4dbb-bec8-f0683d6e2a67,41.84
a8493df6-9954-4e33-867c-ca4bcf3953b2,31.73
a84d0c3c-7382-46f9-a826-44100ac7cb41,38.36
a86e5f6e-cf80-423c-b9fb-18bae9141df9,132.08
a877d692-018b-4a08-ab6f-9707b267f6fd,77.49
a8917dc8-01c0-4e72-9310-c4d501775411,1102.80
a8b75fc9-7045-4a87-b459-8d32f6c5402c,23.42
a8b9410a-804a-43ad-979b-3dc9fb569f99,143.08
a8d10bc7-daeb-4c0d-9e4a-8eae8d11699f,40.16
a8f05d5e-bb7d-4554-b880-f0c6b4688357,257.72
a8f0e1cf-346f-41f0-ba8d-27b743cda61f,264.13
a8f56067-4b86-4788-8fd7-648c9041dbd4,30.70
a910d400-8053-4c90-82e7-bf3e22e81633,35.21
a91857ac-5e73-4e06-af32-6a8f486e907e,175.00
a941b1f6-9f18-4c9e-993f-bf8f52bd6f53,112.04
a956ab72-6abd-48f5-863d-7f8b39caf8fd,29.84
a97208b1-a91b-4129-8a00-2f97b418accc,293.39
a9738cda-adb1-47fb-9f4c-ecd930228c4d,33.50
a9b7d372-9324-4e7d-b09f-0e0f4c70ae65,38.62
a9c6c759-aabf-44e7-ba8c-33c5df232b56,6659.52
a9ca5e42-889a-411f-a27c-86eca801eefe,40.64
a9e05121-e0de-463b-8d96-529277167b5d,30.32
aa1c4d4b-2645-4cd9-823e-3c9bb2eb48f9,37.40
aa1e5db0-4cd8-4d42-bde1-3e3d0041339f,33.68
aa33fdf3-7540-4b3c-8d11-d43344264ab9,25.59
aa598db8-c0c7-4a9a-bd89-6d3da0d3dfba,133.82
aa65e964-8ca5-4e56-b770-b50cddbc7365,25.70
aa72c2fd-53dd-4a34-95e1-89e2b2d2ac72,23.38
aa894222-04c9-4129-8d48-6ffdd329b1f0,300.00
aa9d6484-84ce-4dfe-b512-a9168b970ec1,200.00
aaa05ad1-5cda-4edd-b6bf-562ae3e5011a,25.17
aaafb9bc-7cea-4624-a227-595544fa42b0,22.68
aab08707-1599-4b3f-9be1-363dfe4ecdbe,34.14
aab62a48-93b5-4eb3-aa6b-92dd4cc617f6,30.69
aac6ecc6-e5d7-40a3-b689-f4ed2d5c78cf,33.74
aad18e0d-ccf9-4d86-945b-36991558fd3e,22.58
aae08938-e563-4322-b2eb-db81913ea730,24.30
aae6ce4f-d3ba-4b6c-a9c3-9ecbc7a3d5c8,23.92
aaf08dd1-3d35-4842-807d-37f94b9ba578,36.86
ab12f69e-1491-47a8-8c46-d85bbf637ff6,21.67
ab8741ca-43cb-4b4c-890d-0a363524bd13,20.16
aba74289-72ee-4330-835c-e43ca1d32add,489.04
abd80204-e9ba-483f-9b75-a69712545ba9,86.36
ac09a506-427f-4636-bcfd-b40f8d511905,474.37
ac19c5a1-ca13-4443-920b-83b567167ed4,3572.70
ac35ea21-fef4-4000-9b22-c8d07420827b,54.72
ac43d235-e7d2-4a58-af1a-92ced4810103,25.75
ac4fc06d-50b8-455f-8d14-85c0c791c422,61.89
ac736037-113f-4e4b-8b97-7b2300b0d276,21.43
ac8973d1-171b-4d30-abab-9b8e9ace8912,25.55
ac8cd7a1-3f79-405b-8930-2206f32c2035,22.29
ac98f86b-687f-4f70-9046-0d5f8616dbd1,20.88
acbe8763-1373-49f8-b4a6-dd5984b1d25f,41.83
acc4115b-4bbb-4bb7-81c6-466130982a9c,28.10
ad282dc0-6310-47ab-99cd-90f34168bd27,27.46
ad361175-1127-40e5-8990-24e651fc2a4d,55.38
ad4ba0c9-ec77-4406-a62a-82a550791e61,22.80
ad53e3d4-f907-4f46-9fd9-b23067ce9b82,216.66
ad62f313-8a8a-4ffa-ada2-b12b76288729,26.02
ad64874d-ce33-4e0a-bcca-723f129ef415,26.95
ad66330e-166c-4613-b788-e5c2f052cd9d,23.52
ad7ac9a5-340f-4509-826c-7b9416d47887,101.15
ad89f6d0-e965-49b8-adeb-ad07e40f00f0,23.87
ad9c0698-aaa3-4aef-b1a6-0963e10cd94b,26.29
ada6aeb6-8c9f-4498-9326-b4da0fcb19a3,65.17
adb92f38-c4e1-42ed-b726-d66716b3e92a,46.38
adc05479-0dc6-455d-a858-4414d8f3b7c9,74.00
ade7d00d-4e7b-46e9-ace1-63f628a589fc,1553.35
ae1a83c2-2d44-41ed-813f-f05c44b087f3,21.60
ae20d442-a544-4a03-9ebf-5ecb137c67dd,41.58
ae27edb4-424b-4a2f-a588-d3b60c8d78e5,24.92
ae4f3aaf-3960-48cd-b34b-32e4ae5ae088,25.84
ae6a0105-a4c7-46b6-a2a1-8e8a93e2be6c,108.81
ae91e07c-ad6d-41d9-bd65-184f92761334,133.47
aea42376-97f6-4313-b139-7eeaf427b22b,20.05
aecc8ebf-8a32-403f-b3f8-5bbda265ad0a,169.99
aed8a937-577f-4841-9eb3-44ac3aad0654,21.22
aee806ce-effa-4244-9659-43246e944d80,73.65
af11986e-42bd-4f54-8624-7b34b1783a40,57.15
af2a4558-db6e-41b2-aff6-b164d93282a0,21.75
af3928b4-813a-4120-8799-de34235d60ac,34.18
af478684-ea34-4275-ab45-a9512aaa0758,30.08
af53b5fc-c31a-4f26-93bf-0c45c1f4e1e5,28.40
af571c75-6142-458a-8857-93164e27e5db,300.00
af88e4e8-b694-4ec0-8885-701ea30bf84c,25.00
af915ed2-1f34-43f6-85f5-2430325b720f,48.12
af957200-c538-4f52-b105-6db7a7abb4dc,46.91
af9ad645-e605-4048-bf4c-d636584f315b,25.13
aff10db6-f9bf-4fc8-b3ef-c4c11f192f53,36.47
affb57f4-273a-425c-a1b3-d0a5407f43d5,222.34
affefdf8-a346-4e06-a727-67ce543ae8e6,365.66
b01b0d7f-5184-4651-a83d-14c27c8bb1bc,47.88
b05bda29-654a-4f4f-9296-702ccda7f800,48.84
b07baf1d-a399-478e-9ae1-0a9e6cfe4933,30.91
b07deb9b-5b88-4658-8ae8-041568992019,25.25
b090cb9e-fcdd-4fc2-8e5d-b63511f83a13,21.02
b0a04baf-5301-4e47-ac8f-243d2a73f18e,2199.95
b0da8d56-3178-44c2-9344-95d2346d326f,34.54
b0e1427c-05cd-465b-be59-97ed6e39f7ba,10449.64
b0faa7f2-b547-42c4-a810-839da50dadfe,33768.47
b103e9f5-fdfd-4533-a63b-1c212dc76ba7,26.74
b10d99bf-b2ce-4443-b924-ff0eb8be1033,23.62
b112cb69-3b6f-42dc-b6ea-6537492adb95,84.50
b12e5430-0e80-47dd-80ac-85728b656a24,573.38
b13bf496-f3c0-4c13-8282-e7abfab6a198,1612.50
b15acc09-dd32-4e93-a788-7c0ae965a0c8,21.25
b161705c-9d12-416f-8e5c-54ea0d3befd0,141.10
b1623d57-4729-4796-b3f7-f1837a05c6ed,53.23
b1653811-1c2c-4e6c-bf1c-287d1b496d51,25.59
b16f7c4d-5867-48cd-879f-d7c2b4161570,784.00
b17530a1-7be3-4af3-aa98-9476c69fa766,21.81
b17e9216-b1ed-4101-a04e-2bb139ccfa55,23.47
b190b954-bc4f-4e11-9fd1-db57c271cc45,35.20
b19d533b-0081-4744-8fc8-5e864ddb39ba,21.05
b1a9682c-ecca-4caa-9e5a-17874167082b,25.59
b1b337de-4c43-45b6-a0ca-262a983f3589,29.00
b21ebc9f-a93e-4d18-b3e8-8459e3abbf31,35.52
b2471873-45e1-4a54-805c-84e65a00e29a,22.12
b24b5864-44c0-4bc8-8705-9504f83b2c03,42.23
b28f9e63-e5e4-44b5-a17e-8301ff17c623,21.51
b2b72dcd-9ea1-4729-baae-ecd262fdff67,451.82
b2c3e3dc-1ed7-4fbc-8b58-6cd9e689c6a5,25.45
b2d1219f-fadb-4427-8627-e5aef3589600,29.80
b2dea99d-bd42-4cec-bd09-cfa81b7bdcef,242.81
b3075281-fb5e-458b-8956-0d4ce01f710a,30.48
b35b0fb6-2596-4da3-820e-df28172f209b,11916.60
b3724e40-0622-4aee-9334-6c9fff88bcd5,40.35
b37fd4cc-ab5c-4c65-80ff-8f905b31e801,68.71
b3939f72-1ec6-4b2c-b37e-b1ebb024bb8f,46.42
b3a69a1c-c80f-4413-a6fd-ae54cabbce28,22454.09
b3dd3c7d-4685-4579-b483-14ddaaaddf5b,28.34
b3dd94c5-42f6-4148-be6e-2a3a4226cc0e,32.46
b3e685f9-cc0f-4dc6-98dc-4727944de445,42.69
b4075bbc-dbad-4a1e-a992-70aed713a459,23.70
b40f7528-5162-4454-afa8-9ecb912d7ec7,20.95
b43b3c33-aa44-4001-87ff-695bf04f51be,61.56
b43b900f-2d9b-442b-9699-058483604ec9,609.77
b44d3087-ced3-40e8-a63b-1733b7e7f34c,312.52
b476fe47-ada6-433b-a628-b1e8b96dd2c2,376.17
b4b36435-55b3-4615-8812-af41d4fc64d9,61.38
b4b3d65d-3485-4d82-ba2e-9e2071f284b5,21.48
b4e3d844-d3b4-41d8-921d-c1cb3af343f8,70.73
b4eb3db3-6a7c-488a-9433-d5d1d3133816,28.47
b50159f3-47d2-4f10-ad52-3adc751f7be5,350.00
b50fd7cb-b21c-46ee-bf2a-2c187088baf2,25.87
b571077e-a4a5-4442-99d9-558a4ffe55e9,20.49
b59ba1ee-8080-4f3e-a9a0-fa7b8b049e34,45.41
b5a79f5d-d0df-4799-ac3a-84305e3af0c9,30.45
b5bf8b03-1f5c-46c5-a684-ae5c04630286,22.21
b5d3dcab-2260-479d-9ef6-dfb92d4f6061,268.71
b6297104-b73c-439c-ac0c-b7fac01d49dc,29.31
b65ec6ad-80d8-4c76-8b69-fc401a8f1ce8,20.24
b6adb5b0-7c5b-4da3-9405-8cd3e69ffc19,23.78
b6cef408-5b4b-49f6-9531-be544815b93f,1607.24
b6d1e901-cef9-45ca-a946-a4a9cba6702d,20.11
b6e33c5e-6d99-4e7e-b611-4b271a47b4d2,596.28
b7210c3a-bbd3-4f3a-933b-a5618a4f7a52,41.23
b728cdab-e4fe-478b-b7b2-5912bd6a80a3,22.43
b734cb11-2024-411f-9885-dafda14bb431,31.01
b7518bcf-766a-457d-a627-dbfb0207309c,35.36
b7623c00-144b-4a8f-9c6c-f5e9e4f65ece,105.44
b7848325-c46e-4e63-90d0-c9524380eb63,59.18
b7b7aa34-b4f8-41b4-82ce-ab2e204c3bf4,27.24
b7ba7d7e-c285-4e99-9ee1-135bf343677d,42.73
b7f6b20c-9871-433c-8557-44493447e914,24.54
b847a2d1-5912-4f88-a68f-06790d0795dc,64.25
b8571901-a2e9-428b-a022-13e38c84bf28,361.21
b88471f6-ccb3-4129-b7a4-62cee65605ef,20.73
b89bcdd8-189e-41bb-bb3d-a53e6e6758e1,234.61
b8a48466-6dc1-4874-9328-c7358e642f39,25.95
b8c66fab-7494-42b1-bc4e-dae85a48fa41,20.16
b8cdd6a7-f772-4ccb-914f-63f52ed54d6b,1249.07
b9211949-66a5-4039-ac6d-3e42b008b58e,30.30
b92aafa5-9a21-4564-8b33-dab414cd5dca,27.03
b9527c2a-23bb-4d33-9e72-6e0ab3de0e6b,32.12
b9640cbf-b016-410e-9eff-e8924883517b,21.50
b99ff81f-08d9-4b4a-a879-de5e5e402802,41.26
b9b6ec63-7df4-450e-b849-920121fe245c,101.11
b9ebe73b-29d7-4a07-b7dc-a885dad61a88,20.29
ba00ab71-f686-46eb-af3a-7d70f22e13b6,26.34
ba149706-cd17-4da6-8403-ccfe2d6cb437,24.46
ba3ff39b-b591-4434-8d41-4826d0809ca7,22.50
ba5de5eb-442d-48de-bb5a-e316ea44520d,22.16
ba6706ed-f05b-411f-afa5-f6154f718c80,20.76
ba6f1263-d598-49fb-b5f8-09f11822ebd0,20.37
ba874c0c-f66f-4edc-9859-40273487aef0,45.68
ba93c50a-2440-4e92-9cba-d97e20b1d29c,82.35
badc73ec-3728-4246-90c7-5f4eb7051ed5,118.34
bb16341a-f793-4b0e-b4ef-3fc56aae3807,27.56
bb2926dd-ce40-4afe-8e2f-3e009d931dc8,21.50
bb2b74a2-cb74-4b54-b9c6-78c63f14cf5b,41.94
bbc46960-fdf1-4227-93b8-3fd778be896b,43.66
bbdfbd21-61b1-4ebd-8d37-bce2a391a7e9,24.51
bc1f42a2-fe11-45da-9552-069803b4068a,23.74
bc2570a4-eef9-430d-b6c2-cd51d29b9d01,526.04
bc45f2cb-c256-4a0f-879a-c7db5b1a0b94,86.29
bc4f4b92-7d4e-4b03-8cb4-e6b356c338b4,31.85
bc5376cb-82f6-43c7-bf8b-43515791e082,1130.90
bc60e209-aa29-48aa-9128-9bb175403c0c,23.43
bc6ea08d-7991-4a57-a1e3-abd508426970,49.47
bc98d888-4af3-43a3-b035-40c651057b6e,937.62
bc9cea21-97d7-4174-9140-140334af2c12,290.30
bcae01a2-171b-47cd-87be-f1e4e5314326,34.11
bcd624c8-f06e-4181-865e-6a14ffc9302f,114.03
bd079929-fa58-4484-91b7-31305b87ee43,33.34
bd3d4b4b-cf31-4f89-8140-9650edb03c7b,104.40
bd53f7e3-f76a-440b-8c84-994d378bda97,24.80
bd5cc052-7175-4bb8-a52c-f1fb80cb731a,25.57
bd712cf8-d5aa-439f-8030-db612bf6d0b1,436.80
bdbf73e9-91ff-4c25-b618-62d652e75587,34.87
bdd2c783-1483-490a-ae93-c4664a0a9564,113.83
bdf9661d-b581-4496-9004-f292d9ac03ef,21.58
be16c053-99e1-4921-8530-5135c989149d,58.39
be219928-3d0e-4d00-b124-152ce8a8c13b,30.07
be2af52c-9f38-40e4-a643-06c5f2a9f416,32.91
be326fe9-4ed8-4f64-934c-9955edea5fdb,26.17
be33a155-de26-43d1-88f1-c926f1b7cb7c,22.29
be407a81-b25a-4e5d-845e-be0cc0d18db8,29.23
be6604df-0888-420d-957e-93cf3d770a9e,28.73
be6ba2e4-e657-4a2d-8f5f-255376d861b3,40.20
be819c83-5534-44ec-aa44-d3365bfc89db,24.96
be955e9a-e722-4cd7-8e3d-bab1889c255b,20.82
bea44c06-900d-41b8-88fa-c1bede6ce757,21.60
bebe39d4-21fb-46a4-a1ec-b97102e46c15,3125.51
becd6a66-51b5-4ef1-a8a4-f65343bda3f8,23.66
bed8b82c-3579-426b-9309-4e9fa0f7d60d,1200.00
bf0e94c9-61c4-4cc0-b5ce-db62bc2660ee,72.94
bf11766b-2614-433d-a3b3-e49b31769c98,443.84
bf333864-1299-43a4-a03f-5df98b7498e8,21.52
bf4c2ae2-c114-455c-b14e-2c37e3f6c7e4,22.77
bf5666e6-e1bf-4f8e-acc0-d14df7362873,22.89
bf70944c-9600-47b6-a7a6-39c7961e3e6a,26.40
bf76c6a4-d6e8-4d50-b65f-020252f7b659,47.26
bf770633-612e-41db-a451-7da802c46e4d,29.38
bf812f48-633c-46ab-b0c3-4819ab1b4e49,88.63
bf95125c-447a-47ca-a691-6e3879312b52,22.60
bf96c268-c86b-4d5e-bf04-200c427e5fa5,26.50
bfb1fba6-8eb3-4338-9249-cec888c892dc,41.57
bfb6227f-9f71-4d78-bddc-3d78635965d5,550.00
bfd53428-56c3-4c99-828d-665e3c2d15a8,27.85
bfe3329c-7faa-4925-b9d2-075a1ab27e80,26.33
bfed1a95-bd67-4e16-a781-81866028af2f,24.55
bff33e91-8e52-43f2-b8ae-603b456b08fc,33.13
bfffb65d-851d-4dc9-9233-d53abf955dcd,27.25
c060c178-3c0e-493f-b6f0-ead5b1d6f191,335.71
c0698972-eb23-46c6-8eb9-49a4345f82dc,27.33
c079037c-f4cf-423f-ad15-ee57136d6148,20.87
c09b3bc2-d766-4ad2-9b8b-d37bfd0e8436,669.18
c0a29ba4-fe8b-442f-a8b5-8cce7c765011,35.56
c0a612c4-b4ac-4dd2-a06e-92516599fafd,30.87
c0b10fb7-8667-42bf-aeb6-35767a82917b,131.86
c0cc30cb-4417-4705-9313-3aef50963820,703.96
c0d433a4-76c0-4f27-836d-4c0c13a511fb,437.67
c0d7591f-96c0-4cac-aa4e-f3dea0ec4703,840.00
c0e175cb-ffea-473f-8422-53273f263016,20.63
c0f0401f-aa5b-4572-a957-e4e78b70ae3d,44.14
c0fb91ec-20a8-4c13-9469-18885b1ecca3,571.27
c103c4d8-5a3c-443b-9caf-f41f8b61e73f,69.28
c14746bb-aa00-4be2-9740-d87f976296d2,266.99
c14c07d4-6971-483a-add1-f3cdf18feae9,249.54
c15e8a42-89de-42bc-8d5f-33426d207c3a,503.61
c1662949-0d69-49a3-8c69-daf10717ed4e,294.86
c17a982d-466d-4fec-b85a-a44161e5dad5,221.68
c17cb591-916e-4176-aeb9-e2275d68d472,46.87
c1862c47-71cc-45a3-8805-a5ddc62e55ea,169.24
c1a31d52-a407-4ded-bfca-cc812f11afa0,75.04
c1ba83ab-83f5-421d-bba1-0f925870b5c8,37.86
c1e0f201-42cb-46a1-901a-65bb4fc18f6c,39.33
c1e5fbc6-d129-4843-96a5-ee4406b2700f,43.76
c1f0544c-0124-497c-a8f1-5d5fb959ca39,63.84
c20a4bce-15db-43a7-9514-5e657b618aac,39.30
c2213eac-cea4-4dfd-90c4-c1f466967e2e,30.72
c2259a81-e5fc-40c4-9da8-0c868ccaac56,200.00
c229bca3-1b5b-4a15-9e6f-0c063835bfc6,243.20
c22e6167-6103-4393-bb95-83b5a57bea98,703.96
c2353776-6cc8-4cb3-9608-6ed4aa5bdd1b,251.83
c25a61b3-c828-491c-868d-e4eff770c1bb,420.13
c25dc997-219f-44e9-9003-384f75a606a3,28.53
c27bc1de-8246-4dc8-af51-ec21def9e226,106.38
c2cb5a93-d2f9-4df6-9488-c57b6f18ae2b,66.75
c3142a41-8718-4955-9fec-18f3d4875493,26.11
c3200fa2-182f-4515-b326-ab4fdb95c8c1,22.53
c321a867-cb86-4c0e-9719-be490f578925,35.17
c321d0e1-ff30-4424-979b-25e1a33e45d5,150.28
c3240d5e-b3d4-4368-b09b-c309bc935152,210.01
c33afc48-c85e-42b7-aa00-22b0d36aaa09,44.99
c358af5d-61e3-4c4d-9d7d-2f3e43210339,27.27
c3607d52-9b76-4950-a47e-d09f47c1b7e8,4500.00
c39c412b-2f21-483a-b744-5d55bc007c0d,22.45
c3a0c7f3-7fb9-43de-a9af-96532c31e5ed,20.96
c3b21941-1b7d-4fde-8b1d-7edbd5e5b796,49.34
c3db9b84-9842-446c-b47b-12195002e261,592.06
c409f51e-eea5-478b-8679-27309bd73936,766.93
c4300d24-1cae-4dd5-be7e-38cc677cf5bd,1113.99
c44669b2-bf9a-41c3-91c7-d845b0061fbf,158.69
c474cd6b-5610-49eb-ac98-918d900efe8b,27.42
c48d1586-23e9-4b0e-91ff-01bd6f32427c,20.39
c48e6462-638f-4642-bba4-1bf68c1fcd0f,27.76
c49ecc66-dccb-4026-8c6e-0b275a635a1f,100.38
c4a7d70f-387d-40c5-bb3a-ba49a2b89855,74.64
c4b610d3-2005-4347-bcda-c30b5b7972e5,21.13
c513f51b-a0db-4c08-8acc-1e91060b93b7,27.15
c54d5ea1-0cc9-4e84-b712-642d55915dae,26.59
c5553dc2-de19-4edf-b9f3-9a21b760b585,21.70
c565f8fe-acf7-40dd-8100-8f692d1e232c,22.80
c56c7fb4-8b7b-40fc-879c-76cfb5d417b8,50.39
c58ff93f-7135-40af-92ce-358da48694dc,20.02
c5cd0d88-53b5-4560-bce0-910b3b7be946,25.69
c5e32a3d-c477-419a-97c2-851974c6b89e,68.62
c5fce146-ac20-4fc2-ba5a-ab135c323d55,506.16
c60f0789-946a-4747-8ef8-a36514c46ec2,280.00
c61fa2c0-63c0-4dc2-9f17-5a00530e3348,20.88
c633ffe8-2198-4d62-969c-9a44a7ca132d,32.44
c659c9e5-5ec6-4c7f-80b2-e1782e6c3334,21.03
c65e2353-20a0-4894-bd9e-dae5c8920168,473.11
c67088f4-4cbf-47f5-a4f8-a00f8aae305c,117.40
c69d4007-d26b-442b-9c34-d3780c46c5f6,116.91
c6ae9cff-8646-4069-8761-df734e067beb,275.28
c6cad746-a1dc-4739-9707-9c12c42e141a,38.84
c6d16a9e-98c0-46e0-987c-f0de0915a204,144.94
c7057b04-e22f-4e33-9f08-b9fbd2e54bf5,25.07
c72c52be-5cb4-435d-8162-c27a0cf57adb,25.36
c730d44d-4ac6-4fa5-91bc-7a701da2bf32,528.73
c75672e0-fa2d-43c5-9381-e17f2fd6d3bc,41.71
c7658ec0-3207-4c7e-b31a-30a2a9249595,38.19
c7710eb5-c56a-437b-8847-2a829c404d47,25.17
c77ebe57-ea56-4300-b293-6260c4c01a43,25.38
c790770c-110d-4eb2-b9ae-3aa2bc745a9d,28.67
c7a401b8-29fb-46ef-a663-427f66724d5c,24.93
c7a57f0e-5b67-44fc-ab68-9fc7a1345e9b,125.00
c7c5efdb-ba10-456d-9dc2-4ca6e3550108,69.60
c7d7db76-0a0c-444f-96f1-559838450549,21.68
c7e71299-98f6-494e-b187-8d22ce5f50af,20.57
c80d1df6-247d-4ceb-8493-226a2a4a8f75,52.24
c8173030-1c33-417c-b8e9-79231b6a85a7,64.41
c818547c-a6f6-4c69-9e4d-33741e605093,21.65
c83ed3e0-82d0-4410-a6ca-b0f923eadf83,23.12
c8435923-d3eb-4366-a0d5-edf538f9f261,798.47
c84e8a0e-49a7-46f6-8a37-910e32753528,3060.20
c8505bc8-218f-4b56-be78-ebde535ebaa0,44.47
c86b8a75-9e31-4a44-95b8-c83b9a49646f,76.19
c8777821-c142-4793-9942-c3a081316e76,34.82
c87830ee-c6b9-4c68-bc04-74987b03858d,26.82
c87fe9b8-3dae-4b22-bceb-be48cd082921,21.21
c88e9802-4066-453e-b246-96b6245d21fe,384.64
c89c6895-b0f8-444a-9c89-c6b4fd027b3e,25.80
c8a8e37b-0b97-4355-8e00-169a82c38ea0,22.82
c8b26b25-27a6-4e8b-ac4a-fd743f8aac1c,256.12
c8d5d6a5-6807-4a80-9460-7633dc430ee9,95.90
c94a3780-74aa-4e1d-b08e-951db045b22f,77.74
c972abe6-c732-4745-bde4-8b51698f05be,20.18
c977fb5f-4436-41d0-af68-93b6d05897e5,21.55
c993c74c-a574-423b-81c8-96b0a7a6e529,27.24
c99f6785-e5a1-4fdc-9fb5-e1a372e7e848,276.44
c9a26f51-5bff-4f06-abaa-6fbb56a8b5b6,22.38
c9a85474-e0e5-40cf-b0a3-a2b7da7f7000,49.96
c9a8cc61-7e36-4df7-9c89-c32fce129c5a,26.37
c9bd60fc-2777-44bc-b314-a792e8e48360,21.49
c9d6af7b-41a5-4077-81ed-7560548dcf3e,38.75
c9e753a2-a7d0-4d37-ae65-b5a1b5039a6e,277.07
ca55a2b4-f53a-4c76-bd28-8ce49108a322,23.37
ca571ee8-07a2-43b8-9acf-89cbfd3cf7c9,626.90
ca669988-e009-4b3e-af20-ee5885554d34,89.52
ca736b62-9b02-49bf-8abd-5de6c4bf0ab0,52.46
ca7bf790-d48c-4b05-8550-c9d67d6c2060,38.98
cac8c421-5b92-481d-b2de-560c0231ab58,2483.03
caf9cef4-0f2d-478a-b119-fe1967687f74,443.71
cafc2350-5d64-4379-9198-79a114654d45,63.66
cb073d5b-9515-492d-9b2d-0f64e85f1da8,26.81
cb184c8a-207c-46b3-9927-41bbf66c9ffa,21.47
cb1bbd0b-a05a-4a6e-83d3-4bd067b7ef3a,30.41
cb3b9de4-0d31-431f-b060-69a33e9d9c85,89.96
cb425ed1-d428-495a-a56f-07b81e97dcd3,32.50
cb795f86-3721-4ae5-9893-49d7d9973f86,44.11
cb9bf59f-6879-4343-9158-207ddd170bfb,30.69
cbac1d27-15e2-4e2f-82ab-625a16e096cb,25.46
cbc085e9-bbb2-463a-b35c-bee13008a2c6,37.82
cbcec142-ba44-4d66-a1cc-9f98870a69d5,840.39
cbd05eaa-7c0d-45f0-b085-87dc1d610c34,37.73
cbd9ab01-a833-4fa4-8dee-151bd9800835,499.11
cbe639bb-5797-4bec-b55b-aed296337e92,23.71
cc6c7d89-32e7-4c3f-ac90-7db3a46eed4b,21.15
cc743a03-867c-4bb0-8fb0-2bcaa0a8a756,36.55
cc78f2e5-c02b-4f58-8510-660ca27d9a71,21.52
ccaf995c-4554-4711-b3bc-eaa009c53c45,246.40
ccbb3a6d-7e75-46c7-a91f-db4cf8d003af,24.36
ccc3b385-f51c-45b3-afb1-321f892afc96,203.33
cd20aae9-9de0-498b-8325-f8e8290d56e3,41.75
cd212de7-25f6-4b3b-a35b-df7d87fe205b,68.84
cd39e21d-89cf-4211-8b03-c53e7c48311b,26.86
cd63d353-6764-4094-92de-9fca1a3e553f,5224.72
cd87f082-1596-43fd-b971-720090ac6733,23.70
cdab94e2-f0a1-42ad-9b03-a780f3de6901,32.94
cdad38f7-9dfa-4f1b-9fac-41ab2b253f53,90.77
cdcccb0f-ce96-453b-9e82-41d87f52e58b,24.34
cdf0afa6-7003-454d-9b8a-e3328aaf29ed,35.39
cdf8c817-3fdf-4121-96b6-869f9c0e496d,277.42
cdfafa38-e7db-4a42-99b8-fc65ab41c572,23.17
ce2414c5-5956-4934-bed7-7c32ca3a9595,1200.00
ce2d603a-3231-4a8c-bf39-1617586ea870,35.68
ce330b20-bc6e-4353-93af-4c5bf8fc12be,38.68
ce3e5829-6f95-48ef-ad1a-47a1beaf7705,568.57
ce4c6535-afea-4704-b35c-badeb04c4f4c,28.27
ce4db796-ee4a-46de-8b9a-89378dd30d73,400.21
ce65226a-12cd-416a-bb60-12e9b35f609b,21.59
ce7f821d-a4e1-4d7f-8411-eaff170cb794,420.00
ce83a3cb-467d-44f6-a051-4855c8cf52a6,116.82
ce860ed4-a5bd-4347-9eab-dd716ea84db1,30.20
ce9c9221-582e-496d-845c-164f2502ffeb,434.50
cea9aa06-d0ad-4dae-a36f-f84278a45c3a,21.39
cebd6adc-cfb1-4cbb-abf5-9f2913c81898,22.87
cecb34f8-6961-4c27-9368-26d156714d7b,21.59
cecdb092-7af2-4c53-be47-f6573fcb2f7d,30.23
ced18935-4ce9-466e-a88d-2b14ff8f989f,50.31
ced83afa-9718-4b8a-961b-394f8595c480,149.02
cef789e8-e4cc-4f61-bc15-debc2487777f,33.08
cef7e936-bd27-4955-a5ea-c1e88a9ab646,22.60
cefbe595-93a9-4a5d-b5a5-4f517cec7bdd,22.08
cf14de50-d123-400c-862e-2c95fd2aa23f,30.33
cf268311-7fc8-42a1-8c41-bd71d8a26483,23.17
cf56e862-3169-4f63-acd0-731080fa32f2,461.63
cf5f3c61-1e54-4eea-bf82-311cfa988e6a,36.05
cf9cd36b-336a-48f9-829e-b70207601b6b,23.34
cfa99cbd-cce8-4c6e-87c1-c2ccfef87d08,800.00
cfb49910-30fe-483e-b3b8-6268417f013c,30.62
cfba606d-bb55-43ba-aa0c-299649958788,35.05
cfdf9706-acdb-48fc-89db-93bc50b3b9ad,77.25
d052d99b-b1ca-44da-8460-c022d041d665,33.99
d05a2b18-f562-4aa5-8979-4c6942ce7edf,126.83
d05b92bd-797e-413f-a8b0-32e0937a1ee0,2050.78
d0a7cb23-d229-43c5-addd-dcf423984b0c,611.18
d0ba7b76-f3d0-47d0-8a35-0c08e67200fb,530.46
d0bd76c8-4cff-4c15-9686-7a299b589814,22.78
d0c08da9-edcc-4fca-9b7a-e3da49ba1839,41.16
d0c5cf64-9844-4b5b-8e6b-b97c50cce053,35.52
d0d33d52-3d28-4635-b985-51e126289259,20.15
d0e276fb-3af7-444e-b132-1fe9f2e1fd2a,30.48
d0e65d75-7fe1-4804-8cfa-d7a42bacacae,23.52
d10f8a05-78b0-42a7-adcd-83f6bafe5417,175.51
d1309a80-a761-4b80-8cf1-1a8b83190511,20.28
d16af289-c74d-4b1f-a6cf-8aed30fa961c,22.31
d18e952b-ab4d-4f90-bf5e-4db490e4e203,494.24
d1a48818-7783-4698-976e-23f0c9bc9577,270.00
d1cbcd04-aabf-420e-9bc8-4270f78e25d7,26.12
d234f3d7-2f15-4fbf-92db-16c3433d644b,145.90
d2379f78-c03f-447f-b3c9-10a918d556e9,27.50
d27608e7-6539-4813-95b6-d8847cdc6a12,168.64
d27cf7b7-7982-46bd-a559-7789c0e74bae,34.48
d2d5124b-4d73-4aa9-9331-88e03779ffad,42.03
d2df84f2-08e8-43e4-825f-dccfe096d92b,92.57
d2e9decf-47b7-44e0-b380-8055b6011021,74.55
d2f8035b-c776-4213-a5e2-e6c7c3f5961f,82.30
d3016d92-a5ee-44d7-aa0a-775fa04a7c6a,27.36
d30dd823-9a04-4e3d-89c6-0fc5afc9efa4,26.79
d3677117-9b65-4a63-ad84-a633c1ab81fe,20.84
d3740beb-7fa5-4b83-be7d-039750b126c5,20.47
d3d269bc-3295-430a-9370-7d5a41b8fbf9,152.20
d3ddbe51-cd1a-4b2c-849a-7c82d622122a,46.25
d427790c-e322-446e-8d7d-a6b48ad41a42,442.41
d42a6350-b16b-4e10-a273-e6cbb55dcb7a,46.67
d4397224-5e64-4615-8c53-e6672655f2ad,31.45
d456810a-452c-4cc6-9d73-35fe64787259,26.77
d4595c19-3a8e-488b-b3cc-e7cf42aa3370,22.76
d4bf05c4-a924-4006-835e-42f8468ba869,56.25
d4f1cc9e-4f99-4c26-ac1b-8ef069fa8ceb,227.75
d4f6027a-003a-4f9d-929a-0b6da1fa42c9,25.24
d50d803f-6dad-4e4a-8f16-7be31a206170,288.25
d515da5d-90b5-435b-8e86-c95c8f30a9eb,381.05
d53b20b0-67bc-4587-817b-efbf21cb2512,55.34
d55b6a43-8961-4bbb-bd4a-c6c7d29f7234,25.37
d56421a8-34ae-4033-943f-c59a7bf2b6f9,28.88
d5726f8d-4467-4ab9-8931-432c0cefcbf4,23.97
d573ef03-4730-45aa-93dd-e45ac1dbaf4a,409.41
d5806e68-1054-458e-866d-1f2470f682b2,89.28
d582861a-ca6e-4b74-adf0-3eb588ea5ed2,96.21
d5aa920e-b93f-41c2-b505-a9350353be8b,32.89
d5b5d2a7-8185-4df0-a35a-f89c12857f87,23.59
d5c782cc-c951-4c6f-a93f-774ae6c1c214,78.73
d5c83259-9b90-47c2-b48e-c7d78519e792,369.27
d5d9ddf6-9283-4c93-9932-70362068ce72,27.24
d66e43f0-1558-409f-8248-cc1d76c6bd8e,582.20
d67be074-cdd4-41d9-ac89-0a0456c4e4b2,75.78
d6914dba-0d27-4055-ac34-b3ebf5802221,43.84
d6914ed2-9207-4689-9166-11d2f8949fdd,23.44
d6a1907c-59c4-4c72-b0f0-9e2402c05719,569.00
d6d5e36f-0049-4be8-bf85-8dc0186339a4,27.57
d7183700-6941-4a3d-a581-4f33bea795e9,36.23
d745f592-8d4d-46f4-b631-c014da1ab3a9,20.59
d79f7ecc-c43b-48de-9d90-1085cf2bce5d,21.95
d7a92aa8-53b4-48df-b731-1cbd51a3a4a1,25.67
d7b0a0d5-a9fe-49ea-9250-8825b36accc0,23.10
d7b51ccf-fcae-49ff-b4f3-cef496aa639d,263.26
d7ca8c1d-866f-4ffb-adcb-924aba8f59a9,382.67
d8337172-e15d-4e09-b3de-dc7b5bf006a7,42.69
d8d652af-4d68-436d-89c6-346f5c7ff9ae,430.49
d8d888b7-26e2-465d-b5ee-bb2f2af5c621,127.22
d9482aab-6ddf-48e1-84fa-b13d5ff81e69,23.03
d96b0f9e-fa3b-4a40-acea-b6ecc584a79f,30.12
d9785c6c-9f02-45bc-89e5-ea5dd0e768df,200.00
d980e9c0-db88-41f9-8dbf-89f0e1ac6c20,34.30
d992b336-3b6e-43e1-8662-d85664349b44,39.29
d9b2accc-11e8-4bfd-97fc-d2f6bcd94c26,26.27
da237992-2919-4e37-8f56-2164095f59b5,82.55
da248001-ed75-4b68-9532-37d3cd5afc4c,1684.47
da26289f-e0e6-4aae-8782-ebdbabf39819,29.34
da3b705c-a5c9-4e65-9a5e-31b7dc734623,106.40
da3f051c-6be3-4f92-8f66-9f72d75dbcf5,275.33
da507391-4dbd-4fff-8c81-db64bfa4162f,43.60
da56fdf3-6a8f-4833-a5c3-197650cc4889,21.49
da65d83c-67bd-4d54-9c9a-50d57ca115bb,48.34
da9a69ed-02d3-40af-9925-31f48f4e9b48,28.68
daac2a6b-27c8-4567-9e0c-7b262628d331,27.00
dac080ef-8f40-43a2-8440-b457b6074b69,42.16
dad57c08-c221-4a9d-966a-313a11ba9276,21.91
dae8751c-4c72-4034-a192-a1e166f20246,41.15
daeab88f-2bfc-4f40-8eed-ee44a9e90bd7,23.24
db149aaa-3da9-48c4-92cc-b3d804285290,61.80
db2ef311-cda3-4f70-821d-e9fb03c85dc9,842.11
db52bad2-a3ec-4f6f-9418-12e8c40703f6,49.68
db68c546-aca8-45d0-bf45-15b951ce66e5,41.46
db6d1e62-cee9-4b6d-a6fa-9d35b48856ac,41.73
db80391f-1643-4b72-a397-d141bb5702ee,116.10
dbb21f21-668a-4d57-8d05-8db11fb82d99,431.75
dbcdbf15-7578-465e-afa2-f65c01fb4802,26.39
dc20c19b-7216-4f23-a3bb-70d4dcd3865e,268.70
dc24fcdd-0f46-45cb-b76b-7d8445a6a5d3,22.99
dc5d2082-7a51-4761-b81c-830defd5269f,703.96
dc6f98e8-49ca-4a12-9376-54365f49c857,25.53
dcd6a291-5282-4f49-8203-d9b416083c48,253.25
dce4819c-7f2f-4bed-b02d-d2b7a6c2ad9a,26.95
dd27f0fe-c032-4f61-9f3d-98a6d2e2c426,39.94
dd295cd3-36e5-411d-aaf0-3b64d15fcc9a,23.77
dd4b4019-b73d-4be3-991e-2deb811ee675,31.47
dd57c7f3-4ca5-45e7-9be2-c5c1c3d6ad31,26.95
dd60b291-0a88-4e8e-bef8-76cdfd6c8183,52.48
dd6dd9dc-ef2a-4806-a3e4-0597288a8162,25.94
dda82840-1f3f-4be7-9bc7-66ff551ef5c0,35.85
ddb92ef6-0ef8-4b1d-8a45-3064fea23926,23.33
dddf66f9-a98a-4edf-831d-68b68065d75d,29.40
dde40c1f-5ccc-435b-ac35-62eb58ffeea2,240.78
dde55f0d-5997-4b60-9acd-b041f5b15a3d,999.99
de1c7202-ca36-46a3-ae04-c7da41ecc67d,28.63
de2de055-5246-408b-80fe-cd01688c145e,38.81
de38f96c-5d17-4cf2-9951-f0866eadd011,615.75
de7b3112-0f28-47a1-9048-8ff9aa67bbad,161.28
deb95b6f-db1d-40bd-8eff-62b6362ab744,35.45
dec5fc59-73d8-4735-88f1-3dbd1f15a546,50.21
df2c5d5c-f1c9-4639-bf72-3f6bde554864,141.01
df323b67-e5f9-4958-90de-1af722c482dd,25.98
dfaaa58d-89bb-4cb3-96a6-b480e6f6954e,27.14
dfb6176a-3938-4c59-b485-8751969358ad,26.00
dfb7c4b9-f2f4-4d4e-baf2-86551c8150fe,37.04
dfd176e9-55e7-454c-bd35-24a6e3fb0d81,169.90
dfddc025-4396-4d88-8d72-6c06ea7125f1,25.85
e0139f60-d48e-46fb-9f5a-1e3d7558c834,16490.92
e07f656c-97b5-4147-821a-edbb49f34e19,61.73
e09a42a2-0726-4263-ac17-fbb6ea50714f,43.59
e09a6b9b-eb0e-475d-8558-08e347412790,48.28
e0a5630d-325f-4f7a-9885-b249c6480023,20.06
e0aaee13-bfeb-47fd-93cb-2ccdd5d44e75,46.16
e0c64c01-c2aa-470b-88c6-3d3e4a969649,20.42
e0c6bba3-0830-4287-9de6-2b36684378f1,157.10
e0d88029-2569-461b-a57d-1af10673f4cf,123.87
e0f6a92f-edd8-4cb6-be91-f3ec229b20a6,45.65
e12847f4-4ace-4116-bc96-f3e5336eb35f,37.61
e12d32a7-60b4-4e49-b279-970b170c1a9c,85.65
e16fc59a-17da-462a-86ea-31f8a9ac18a1,30.54
e173c8ce-2352-405e-ad00-e3bb94ced1ad,487.26
e1dd057e-1f38-4a5f-819c-f3af9134fecf,24.17
e2067284-c6af-41d7-a4ac-d66a86d9346c,950.00
e209610d-bd1f-4f81-9a88-a6d8a43fe1c7,117.89
e20cce7f-8f97-4f9f-b440-e45d6a1095eb,226.67
e20da6b5-1057-4a28-9e85-07de714e262f,41.00
e2294ef4-3b8e-44be-991a-c68287b1cd14,67.00
e237d921-6d84-402e-b5e3-6bbdb3028f57,22.66
e24d0c78-4df5-4cc9-8b9e-65b969c5babd,593.42
e24fe07d-1328-4165-b7a0-622b60cec481,1036.06
e26c608e-773c-476a-a282-41a362a3659f,1200.00
e28be8b0-b4ae-4f05-8481-a666496c595f,130.00
e28de37e-84d5-4dc7-b36c-e14da5924729,25.09
e292577e-6232-44fa-a9c2-cc09949c6ed3,27.75
e2b15221-c8b0-4861-9f8b-8a65834ad499,405.69
e2baf73f-44e8-4249-83d4-271d78ba657f,177.01
e2c5c161-49c5-404d-bd8e-86e634222232,51.97
e351ec05-8c4d-4631-9dbf-7f85f664770b,62.92
e37da81e-be12-45a2-9128-376f1ad7b3e8,30.75
e3f17ce3-711b-4bd9-addf-dd440fa7d2b7,21.69
e40d5c20-c599-4aa0-b214-48df40236b12,26.80
e46d2cf5-e8d0-4fb2-b950-252d52084b63,52.51
e470c00b-57ac-48d4-b1e6-74b74872e620,116.47
e48b1c51-c0fd-4c08-8631-80f507b04d28,610.86
e48bc89e-6da5-43da-b4e0-60d5f850199c,147.41
e4d51c18-4b7d-4948-96bc-12c8ab3d0bd0,24.44
e4dc1103-7bf1-47f6-9006-d3ed9ccd7a6a,26.19
e5142b7a-e580-4737-a4aa-2590f6610ceb,25.02
e51e5d02-d3d0-45e5-a589-1fe25ff5082b,26.01
e54e310c-060c-40a9-a0e3-d35de672ef13,47.60
e562a30c-038e-44bb-ae07-0c3d0e8a1393,40.99
e572a0e1-a4a9-4811-847f-c06fa6413384,192.48
e57404bc-44ba-4909-87da-f4a71673168d,78.47
e5955a9d-8a0e-4e57-9433-ed3392b2f308,28.94
e59f7138-60e0-444e-aaa3-8769072da916,95.38
e5a9c089-0aad-4c14-9bfc-c0b39c976777,328.82
e5e72a97-4739-41ca-8e79-1978a7baf54d,28.76
e5fdcd21-55a3-4cad-8b73-3d6f85a69ce1,20.06
e65a0c1e-97f7-440c-be96-0adf5003bc52,20.60
e66d79c3-93fa-4232-959f-2bbc62954dfd,30.60
e674aa8a-668a-4345-95ee-73a0b87bbcb1,21.67
e68ac362-6cdc-48a6-bdd3-4f8ea32add64,1262.95
e691adef-3027-4e6a-889f-9f4e2df36a7c,138.21
e697ea72-e10e-4fed-be8f-8c6455cc3fc8,39.79
e6a06aad-6073-465b-89d0-8c4ae4307aff,96.66
e6b43916-fe2d-417a-a550-d7c795023297,1682.62
e6b4d78f-af3e-4210-8886-231a40a6bd98,37.03
e6ce50ee-2c4d-4137-82f3-e61bbc7ed8ca,2000.00
e70e4fba-4217-472a-9adb-f7d63424ef2f,27.05
e71a6bd3-7478-4c3a-8ae0-98352ce28492,104.52
e7501a66-76f8-4f1d-8b4c-2a82b5f930c4,20.49
e7847fb1-bb6b-414f-9639-8be5b6f09917,390.14
e7880157-7f27-4f1b-9cdc-ab36a6252376,31.71
e78db688-93a2-47f5-9aa5-9158a72cd973,493.04
e7a515e9-9db7-40e6-b967-bf3c7d7f8d25,1519.71
e7b60714-e208-47f1-8e30-82e705f45601,366.00
e7e778ce-3f1e-4626-8f55-bba03970d91a,41.83
e82fad14-3d4b-44dc-ab1c-35f535ea958b,325.76
e83d49c1-7d84-43f9-8548-5697603fefc0,8015.00
e85f6f21-15a0-4a36-be95-5a0299cd01a5,570.93
e869da95-2c47-4796-aadc-50652ebb4d03,25.30
e87dff94-71ed-469e-a10e-3ddfbd4a8bec,20.29
e897473b-b687-413c-a951-39bbefb1e451,24.95
e8c8039f-dad5-4ca9-a2ab-e4189a36fbdd,32.69
e9245b0e-f99e-46dd-90ad-87489197629e,254.86
e92cce01-b3bd-4307-aae5-9a7c8fa386ab,48.64
e9a213c8-f9b5-4fcb-969c-b6c574810f21,56.92
e9be371c-c688-44ad-ab71-bd4c9f242d58,49.21
ea0891f0-83ce-4eb7-b0a9-cbc8168bafff,40.04
ea1c139d-9e54-4c71-9b46-886e2a402a7b,270.00
ea3830c5-cc66-453e-9e53-0636e00ee0ee,409.62
ea58393a-7d69-4f99-90b7-ef6f31e4c80b,25.63
ea5d9476-76be-48e7-b6a0-49ced25cb092,7915.81
ea5dc646-fb05-4d2d-92db-5c2d7931dcc3,96.09
ea8dcf7e-c4b7-4ad3-a636-b55570ffac0a,339.54
eaac88da-d19e-4771-944c-3709963d04e7,23.52
eace2c85-976c-425e-9800-5a6ccbd91b56,45.79
eae141d6-f4a7-4223-ae4f-217415be559a,21.88
eb241954-a257-4e44-9b92-f4ffe63dd11b,22.28
eb49805c-8546-463d-b78c-f4ea109851b4,36.08
eb535b69-4fc7-4b76-b85b-194755d6b355,1464.00
eb64d006-1f13-47a3-a838-efb5b07114f6,22.01
eb6953fd-ee48-49dc-9c9c-bfb9a9dc06d0,33.10
eb912458-e016-4ea2-a2ea-40ac1a57f8fb,24.46
ebab854f-f041-49d8-bd7c-3d1cdca72cc6,35.78
ebb6664d-23ca-456e-9916-afcd6f26aa7f,243.82
ebc01ab4-d89a-4d25-bf54-6aed33772f4b,51.91
ebca1926-6809-4924-a80c-f322266ac38e,20.76
ebe7ddb9-ac1c-4c42-a7c7-8683c7ba448d,37.97
ec06ad7b-aeb8-4aea-b005-0b3e80af6bd4,29.16
ec136ce7-bad4-4ebb-ab00-b86de3d209a7,159.52
ec386bc3-137b-49b5-8380-8daff470f0bc,21.37
ec3de5f4-bb55-4ab9-995f-f3e0dc22c1bb,20.68
ec73bc43-aae6-499f-bb48-b88c375f0ce3,30.33
eca877a6-4b17-442f-8432-03b322e3f6dd,29.50
ecb293d5-b13b-400f-ac7b-162a1e127ec7,48.06
ecb4025e-8c7b-47d9-ba74-08015ccc1ce6,23.38
ecb4cd41-24a0-4498-b5c4-31cdc0994ed5,90.44
ecc1027a-8c07-44a0-bdde-fa2844cff694,31.61
ed20fecf-dc1c-4d3c-8ddf-e91aab1e9b47,3000.00
ed36429e-ec50-4bdf-9d07-03b4e4861661,33.81
ed3b5f52-ce33-4e67-aca0-6d417fe7f5fa,45.69
ed7a8162-304a-4148-ad2e-c6e513aaff92,43.63
ed7bcbf1-9045-4810-93fa-9918c45856ca,28.78
ed972e99-c563-4da7-a60a-895949d5f032,39.39
edcc56a0-1dc0-4261-8f9c-5a88ce83f9e9,248.12
edeba4e1-9012-4962-8797-3a1f6a660952,54.96
ee266113-34ce-4189-84e7-ee2c86a2722c,1816.12
ee38f0a0-efc2-4939-8e66-79c82d23ae7e,34.77
ee5a45b1-169b-468e-9251-424c09cd7f0f,23.96
ee8a05a4-0ce3-4abe-bb60-08af53cf08e5,29.16
ee9eb598-d2ef-4b3d-8038-bc33dc5e123e,92.24
eeb9ae06-2f87-49e2-ad76-31c49f1f0f8e,268.05
eec216e1-971b-490f-aba7-2d5bd5085023,23.54
eecdd5a0-f4cf-42da-9570-84ab943e7025,283.54
eed14b5f-c23b-4651-9c58-28a88feb3641,26.32
eee9e106-a248-49d2-b8c8-6bbcd56ce739,1682.09
eeea32ba-dfe4-4a9b-b403-43c2abc80b78,42.50
ef043a59-31d2-4f01-882d-139fd69c7b56,24.95
ef099f25-2b0b-4028-8490-fbc859e35f6c,36.06
ef2f3e0d-43e5-4d62-8a93-821ec723d522,31.10
ef6ec496-9103-43d0-b3b4-43ee76c5e4d1,95.63
ef7f4762-4283-4368-948b-e60a29e78a0c,24.75
efc66a6b-8ac7-4cb7-82f1-710fb0e86f82,25.93
efd97080-c5c7-47db-b605-8bdd06c2dd5a,31.38
efdba2a9-d171-45ed-8dd4-9d0046128f68,83.21
f0095386-6e4d-432f-a5ac-7407ffaf7938,21.66
f00d33dd-4eb2-4446-9813-1923d8e2d2f3,122.87
f020aa2f-cc1b-4bb4-bf05-4050ea935d66,177.59
f079c74e-a39a-40f9-9c7e-9319c0c189c6,34.65
f07c4821-c964-405f-a5bb-a25293e4b2d7,31.16
f09cbd18-79f1-49a0-a3bd-b380ff5ecf03,239.21
f0c5ea58-c6b0-4cf0-bc5e-45c9aa780b91,60.47
f0d040ca-e1e6-4531-a9f1-5500abdcd84f,25.74
f0e003f9-2fad-48b4-8e5b-4cda8612ecd2,37.09
f131fd27-18da-47ca-b59f-135bcac83abd,346.01
f132acbd-53e5-430a-8f93-8b7469633c0e,54.91
f13ad58a-6f9b-420a-bac1-40929f5e616a,514.91
f150d6e9-3da6-4655-9c63-dd34525d08a1,55.56
f15bf2b2-6848-4fbd-b89a-8d8da8ae1cdc,862.60
f19a6f20-8ca1-4a8b-8488-bcb5d86868dc,30.49
f1a42691-98bb-4234-9b56-085e6677f3e4,23.06
f1b483ba-ba51-4d8b-a455-a47c6be70ee8,251.07
f1b9e3ae-c7e9-455f-abfe-220262719beb,142.63
f1bafbb8-1c8c-4d39-8d86-5fde416ff6bb,367.44
f1d61b33-4950-4a48-bc19-537802c87614,500.00
f1e5e413-85ea-4528-97b9-e1db5117ec2a,94.10
f20c89d9-71c9-45f5-a9cb-6e253b0a7cca,79.07
f24021ca-f493-4de8-9e65-01bf10fe2920,23.38
f25a4bbe-2af0-4d4a-95d4-d52c5937c747,35.86
f2661d4a-450a-433a-b893-b1ee15982494,29.15
f2752cf2-9a48-49a8-98ff-2e32a9121d78,20.49
f2b9983e-20d4-4d12-9e2c-ec6d9a345787,116.65
f2f2e39f-bf39-4b27-b211-e46b6045039d,49.61
f3081c9f-39de-4b88-b01a-df8227934e9b,46.81
f32373dd-06d8-45d1-8777-3b1411bcb30a,73.77
f340cbf7-5bbe-45b9-a4bf-d1caa500ff93,109.72
f3537373-ef54-4578-9d05-6216420ee349,39.42
f395278e-6d74-4f35-af9d-21bad7b19763,27.70
f39aa2e9-e294-4ce6-bf5e-e1f579101a7a,22.40
f3d62dbd-63db-4ac9-950f-9852627f23f2,65.88
f3d7381b-9075-4c9b-adf5-a0d1c26fab67,112.29
f3d9e8f7-0727-48cb-adf0-5cede170118d,33.07
f3e122e9-ffa3-48dd-94d6-8f2886668e59,38.69
f3edb27c-4faa-464a-9bb1-fbe17013c022,31.35
f3f5b68a-6b0e-431e-89f0-ff60f17687a5,33.84
f421a21a-763f-479b-bcc3-2abae29098d7,22.97
f4395b19-2118-4a09-8932-f9ce9bc54d6d,20.72
f442758d-4fee-43fa-a2cb-d09c326da149,47.30
f484d47a-fb1d-4746-8f1d-dd9d24e67c1a,28.06
f485596f-3a23-4714-ad7e-4c493ab1b530,22.51
f486df00-7c4a-4ff0-bb0b-c8b5432ac742,175.27
f48ed192-c1a1-437a-80dd-647a616b46e3,550.40
f4c65751-f037-4b60-a4ad-7ea41b3dc847,29.21
f4e32327-380d-471e-813b-4c27477787ce,1045.50
f4f0c479-5fd1-45c2-af3f-15b6e5811b0f,29.65
f520601f-c092-4f83-9c21-66e999a01c16,43.74
f5208aff-a33e-48d9-94eb-98a517099741,21.42
f527010e-d382-4bd5-8de6-0e3898b80deb,21.25
f52eb10a-a9eb-44b7-95ae-12fb551c8fa5,162.90
f571ef55-50dd-4624-aa42-fea5a0303033,30.32
f57d0446-1eae-4b88-b65c-92a14a3f9cef,64.34
f584f9a4-4ef1-463e-8aa3-a21b4f820e2a,109.66
f591b6a9-ac99-42ad-9b01-c09a3e90201b,26.32
f594b7aa-d44e-47c4-989b-565f881e25f1,802.39
f5a4970b-2ba6-4c91-a301-369369cdf360,23.39
f5b7d3df-4e9b-422b-a88c-43650a67a9c6,21.02
f60a2091-fb97-4f04-911b-fce9b6351044,20.51
f60cd0ad-43b9-4c8e-a10f-cbd240cbe120,211.84
f63de2e4-f094-4b10-b754-1285ad64effc,25.55
f690bd2a-e565-4316-8312-3d0386c8ba36,28.14
f69d77d1-5980-436c-bf48-790939b069aa,27.46
f6c4df1f-f148-42ec-8e22-e7114216927d,25.18
f6c69c2f-729b-49ed-909d-57190a728e11,37.27
f6c8b155-1fb0-4991-b027-9f77bf7f5a04,400.00
f6cbc754-8aed-4c32-857c-ea639943b5d2,105.08
f6cd3fbc-908d-4653-a133-e35843a5ac65,21.15
f6db03ef-db89-43c4-89b4-d48e0620e101,40.41
f704397a-c180-44ae-9e4e-90180556b87b,27.74
f747a422-2706-4b0c-b45c-bf599e2f8eed,313.41
f77a14a7-0e77-4445-8d72-be8adcff2f3e,29.33
f78aef20-e3bb-484c-9fa1-d2859408b04a,152.99
f7a18130-dbaa-4657-a885-3a96a985935a,397.40
f7b4c94f-a38a-461c-9bb8-aadc587a1ae6,31.90
f7bb9f31-0818-4422-8533-99a4e6845a02,139.58
f7d82f1d-631e-4668-9d10-7bf0ee515267,4121.42
f7e165f1-d016-4f6b-afcd-8711d26f055d,21.45
f7f3dd95-bd14-4e0f-a388-444f9cf1b0dc,48.63
f7f84dc2-5a29-447d-97ab-a10afd9ee538,77.33
f7f99277-a65a-489e-9db4-7865f1b9c50b,26.47
f7fefff7-2ff5-4abf-a9ec-0e2e737ee225,391.74
f8914ba3-5e76-4392-bc8d-05d14585918a,21.56
f8aa8193-abed-4e78-9e1a-70e4c2c0c670,23.43
f8ac5006-91bd-4803-93da-f87cf196dd2f,1025.74
f8b49030-55fe-4bf4-a2b9-c78f36e2d425,33.17
f8fe2f99-7ec2-490c-8ec3-aa2fb4680826,36.76
f90e55c1-08e0-4b25-9d0d-2512584398cd,400.00
f921e711-168d-4836-bca2-f9bb43992708,49.63
f9232508-d363-4ef3-987a-741f6bff331f,34.67
f973a1f3-6dcb-470d-89d2-6ddbf2426999,35.56
f979fc86-2c7e-49b3-965e-607a203cbfb1,22.87
f9ac9036-9e8d-43b8-b930-693971fe802f,47.21
f9baef6e-a086-41d4-a20e-486f01d72406,36.12
f9fa5b11-0375-4378-932d-119fdad92c88,264.13
fa161987-2dd1-4efe-b934-acbd93653169,37.07
fa48b15c-7312-4f3f-b7aa-b2ad98234bf1,34.87
fa4b80b1-fc8d-4da6-964a-3b85451c3049,46.92
fa5466cc-aa57-4a7f-8b21-d92b2fe02e13,27.79
fa7349d9-c82f-4cf8-a852-92168d1f4966,28.20
fa793e56-827c-4ba0-b330-4010a84e75f3,22.10
fa9af8e5-bc97-4704-ae5c-e3d2d5b72586,22.52
fabc7c01-3235-42f2-849c-930b642ad68b,1096.00
fac2f9be-94ca-4657-b2eb-8df9548e6855,22.14
fad0bbc4-f760-47a2-aab6-0dbb66ee3a95,1536.89
fadd5e4b-9833-4564-a7d2-3ac1364f40d5,60.90
fb12be1a-d3b6-4467-b711-3693bbcdd7ab,800.00
fb220c6c-8dda-45f4-87fa-f754e94fac42,25.54
fb348aec-ab4e-4940-9235-43f2ef581195,21.20
fb3d9b29-948c-4768-b5ea-db2512817c30,32.37
fb4da609-6c08-4a18-b7d9-fb2f9b11bab2,124.56
fb97e2a1-0e86-4c12-8d31-6ff7b825ca10,32.18
fbd25e79-d29b-4b51-9653-3932c980b931,23.89
fbfd1278-1486-4516-8846-007ce1985ee9,64.85
fc2b2b9e-5abf-4c41-a85c-ef95e6ab84d6,54.12
fc5be7df-16e0-494c-b960-19fd64d57b35,80.38
fc71dd0f-dffe-4671-b9e3-ddec70626688,114.52
fc776814-bc15-421e-990f-6de7b5f6873f,390.14
fc78dced-27d2-441a-b63b-32356bc33747,532.75
fc898fec-4cc6-4587-b556-c5a8d38ccbd0,34.69
fc8f431d-b7eb-4848-99dd-a5f896248145,885.89
fc9c542d-ff46-4193-9972-68287879a8a0,24.24
fcb4c268-441f-41cf-8c25-538eefc6a710,29.38
fcc1004f-7cee-420a-9f0e-2986ed3ab852,76.96
fcd068bf-2b7d-4290-a86a-12355382ced5,21.84
fcddbea7-3025-47b1-a597-2d2b2711fb81,52.58
fcf88542-e5af-430e-9d48-03a216d7526f,23.68
fd082697-493f-48e3-a41f-123700435025,104.61
fd08f69b-4210-4f24-b038-9507f04f3214,27.56
fd142004-10bd-46d7-9ea6-87f2992c10c1,62.39
fd254044-2b66-4fd8-9f72-3c30226c2a9c,20.42
fd4f6e34-3f66-4e10-8170-56039c5f6fcc,194.56
fd5ac34a-dd0d-4814-8cf6-43dce405a139,419.61
fd5cb1fc-71b2-4b05-abd3-c90e95c53ad1,48.36
fd5ed955-1193-4e6a-a3e2-f54c1f9bf063,1928.81
fd8617ce-36a9-4748-81e2-f44957f4205d,235.81
fd891fc6-d9d6-494e-ae65-8bea8f44b575,562.83
fd896dfa-66c0-4327-8e5b-489bbe350c95,48.78
fd9ac9e6-1395-4fbd-80e2-645f0d910c29,397.33
fdac742b-16db-4e03-be8f-c600dbd522d5,5252.32
fdfeeb64-0f86-45e9-97e3-dcec72683164,20.38
fe8ecaee-0de3-45ee-8428-09dc400d63d8,76.19
fe96fe60-f251-403c-acd1-d658a1d0c930,40.74
fea53448-fc0d-45bb-8d30-03720865b541,30.30
fea7f618-5757-4611-8689-e34690404992,26.31
febad44a-eaf0-4122-87c5-a12d17f28392,44.09
fec5bfbf-5c80-4a04-a8bf-c61710e34a0e,220.96
feddb683-a8f8-4def-bd3e-6d630c42cd34,23.23
feef6ea3-67f3-42d8-bf19-02ba9151c2a3,24.75
fefbf149-f988-4f8b-9f53-56f5878116a6,6375.04
ff00e877-3588-4ba9-a1f2-86f726157017,74.03
ff018fe2-9feb-431d-b4c5-61b2ed0d919d,42.67
ff08e5ed-f47b-4d8e-8b8b-41675dccef8b,23.70
ff37b863-f8c4-4584-8cc2-ac0e096e583f,2430.55
ff4a22d9-007b-4eb7-af9e-b5c2cae36238,24.31
ff727bfb-8cd8-43dd-afdf-eb74a4631eac,26.06
ff76ac86-8a8a-47fe-9388-8950ca3e26c3,12802.84
ff7e30c8-b3fc-430f-ac63-d376d9e47a8d,58.48
ff9d0f64-2bc2-42da-a2f3-f56235c2bf54,20.65
ffde74fb-cc20-4d82-bf6a-b18081047b0a,32.07
ffe0f77f-5092-4372-83fb-269dfb11f9b5,29.67
