id,name,set,cn,oid,cmc,ci,type
0014def3-4063-4929-ac51-76aef1bb2a68,Shahrazad,ARN,10,fc04f621-338b-4d4c-bf57-5e5a00d990f0,2,W,Sorcery
00372c7a-2e83-4a26-9642-0d092dfcf861,Eldrazi Temple,SLD,1154,7fab8d65-af51-47d3-8f10-2676bf6e8ba3,0,,Land
0055ea30-20fb-4324-a632-8fed87628f05,"Boseiju, Who Endures",NEO,412,bf1341dd-41a3-49f6-87ec-63170dde4324,0,G,Legendary Land
00775f44-fbe6-41ee-9977-d13d1fb5b6fb,Cyclopean Tomb,LEB,241,1edee40f-d153-4d67-aee7-ef08e11e4a79,4,,Artifact
009661e7-c704-43a1-82e3-7da0b609844e,"Lady Zhurong, Warrior Queen",PTK,139,531e6ffb-28e0-4e8e-ad88-2f3a243789cf,5,G,Legendary Creature — Human Soldier Warrior
00b016d7-e7ac-4958-b21e-82324b001369,Disintegrate,SUM,142,92d6af2f-728e-4e41-87cb-5c90878a2f2f,1,R,Sorcery
00e40c64-58fa-421e-9d01-93b0642f7d8b,Luxury Suite,ZNE,18,819e1765-8325-4e6f-89c1-63ea86de369f,0,BR,Land
01006833-6007-4c16-9ebb-20d31c60a57a,Taiga,2ED,283,22e3cf1d-3559-4ce1-954c-8dc815342979,0,GR,Land — Mountain Forest
01033dae-fec1-41f2-b7f2-cc6a43331790,Parallel Lives,ISD,199,84dc94b2-95fb-4d53-aaa2-191cb645639f,4,G,Enchantment
01116585-a8c7-4619-b0a6-fcfe78fdaf3c,Granite Gargoyle,2ED,156,ef5248d4-4cd1-447c-bdcc-78a09a67d923,3,R,Creature — Gargoyle
0163dd21-9f9f-4656-b0b2-7774be0b6ada,Imperial Seal,2X2,354,16cd0b90-f70c-4efa-b252-8de8784ef9a3,1,B,Sorcery
019b51b0-e5c6-4208-922b-7736686dddcd,Agatha's Soul Cauldron,WOE,242,c259e16f-2a44-4552-8678-815f757a02e8,2,,Legendary Artifact
01a4a36a-f10a-411b-9558-cbbb62e8b4ae,Dawn of a New Age,LTR,731,37df5ade-6a21-4b0c-89f8-e2e917589a8d,2,W,Enchantment
01bda3d7-122a-48a0-bab3-676c4a557b74,Timetwister,2ED,85,c823e687-6311-4c99-974b-fd77d204141a,3,U,Sorcery
024110ee-5520-49f8-afab-54dcce87c650,Elvish Spirit Guide,SLD,423,6b0e23cf-7d68-4329-86db-7adc26abd86b,3,G,Creature — Elf Spirit
0254bff2-a3a7-434e-980a-2d30355793fc,Library of Leng,LEB,258,867def48-4be8-4056-bcf1-d6b00450b9a3,1,,Artifact
026dd2cb-d759-43d8-a542-a7a71bdeba98,Armageddon Clock,SUM,234,70d90ef4-0cda-405f-abf1-734fa909efa6,6,,Artifact
029eaaa9-e45e-4c50-a03d-ad67e3dfcc3e,Hallowed Fountain,UNF,277,f1750962-a87c-49f6-b731-02ae971ac6ea,0,UW,Land — Plains Island
029ff21a-b175-4e81-8712-4dae185ad790,"Kenrith, the Returned King",LTC,515,d209b948-9afb-4fd1-a961-72c87282878c,5,BGRUW,Legendary Creature — Human Noble
02c4edfa-7822-40bc-88d1-d051b3a64df1,Armageddon,LEB,2,c9ed8b01-959a-47d6-891e-0abbdccf6e4f,4,W,Sorcery
02e17705-739e-409f-a6fd-7bab22120b22,"Urborg, Tomb of Yawgmoth",UMA,254,db6174d7-211d-4817-b8e4-8384594c83f9,0,,Legendary Land
02e8e540-8aa3-4e6a-9a11-c3949cab5f0f,"Tezzeret, Cruel Captain",EOE,2,0eb11b2d-a397-48da-a0f3-9f0f83f42282,3,,Legendary Planeswalker — Tezzeret
02ec317b-52a6-4490-80e5-a56826b06771,Sedge Troll,LEB,173,a6a43190-cca2-4f07-afe9-8af681d777da,3,BR,Creature — Troll
030e46a1-64a7-47e3-9b9f-82a22fe3734b,Consecrated Sphinx,IMA,47,311a449d-dc74-46e6-9a47-6a597931f736,6,U,Creature — Sphinx
0324641d-af55-4c53-b4dc-c8262e967da5,Volcanic Island,LEB,287,c718911c-c955-4eb9-9e16-be4bd49a4e4e,0,RU,Land — Island Mountain
03304c72-fe8e-42af-96ae-1e64ba0105b3,Grand Abolisher,BIG,32,c749f23c-40c0-4159-b84c-a70cbb062c14,2,W,Creature — Human Cleric
0341da27-3d77-4959-b7fa-5929b2cc7141,Living Plane,LEG,193,30e99293-3212-4e3f-b543-b1c7c416575d,4,G,World Enchantment
03482c9c-1f25-4d73-9243-17462ea37ac4,Dwarven Demolition Team,LEA,142,caf3c6ec-d17e-497c-8fe7-6f818ce93f96,3,R,Creature — Dwarf
034e0929-b2c7-4b5f-94f2-8eaf4fb1a2a1,"Sauron, the Dark Lord",LTR,224,9f8f29ba-7e64-455d-be05-ec7973f2bd0a,6,BRU,Legendary Creature — Avatar Horror
041591b9-8eae-4c47-97aa-bb0a59b3f6a4,Blood Moon,BCHR,46,94fac5fe-97d5-4c12-a80c-8efff9d853ae,3,R,Enchantment
043b2d30-a40f-4d47-933b-80544512f9c2,Rhystic Study,WOT,25,53236dd7-845a-444c-96d5-f41ed7325d8f,3,U,Enchantment
043de2ce-9ee9-414f-9385-6e5260173988,Phyrexian Altar,2X2,396,8d02b297-97c4-4379-9862-0a462400f66f,3,,Artifact
045814ab-da2c-460e-acf3-3bbf7bd5fe38,Reverent Mantra,SLD,2686,b4f7b1eb-6cd4-40f9-b259-3c39291edf27,4,W,Instant
0458b733-d689-4cb5-8970-3b675c67fc4d,Serendib Djinn,ARN,19,683e7135-de54-49c8-a978-4f84628a6a91,4,U,Creature — Djinn
04a474e3-e7de-4b4d-ad89-a72571968687,Twinflame Tyrant,FDN,469,321b5cc6-8df6-4292-97a0-a6a3a22f3b55,5,R,Creature — Dragon
04b31611-9053-4eaf-b392-21bb644fef5f,Sinkhole,LEA,129,5a46ad2a-35b1-4dd5-b7c3-fec36b7c67ab,2,B,Sorcery
05145c58-8317-4629-8573-9dff02e62c94,Utvara Hellkite,RVR,431,05a6a571-643e-429e-8e5c-1c3f8b0dc746,8,R,Creature — Dragon
053f724c-c88d-44c0-9902-6400c064640b,Counterspell,SLD,1933,cc187110-1148-4090-bbb8-e205694a39f5,2,U,Instant
05514fab-079c-4c73-bc4c-355621f56d73,"Tezzeret, Cruel Captain",PEOE,2p,0eb11b2d-a397-48da-a0f3-9f0f83f42282,3,,Legendary Planeswalker — Tezzeret
0551d66e-8cd4-48f0-aa17-15f26be9d85f,Evil Presence,LEA,107,3d8ac41c-0566-48b2-a744-39db2f72272c,1,B,Enchantment — Aura
05b2cc68-1d20-421f-9800-af0996071554,Phyrexian Tower,JMP,493,1861e642-21d5-4232-89f3-b5557f2946c1,0,B,Legendary Land
05e9d580-5da2-4559-b611-870726c53791,"Rograkh, Son of Rohgahh",PF25,11,584cee10-f18c-4633-95cc-f2e7a11841ac,0,R,Legendary Creature — Kobold Warrior
05e9fec4-1e0a-4206-ab2b-cc2543cba667,Mana Vault,5ED,388,736892cb-a34b-4bb9-b56c-e26e3db207a2,1,,Artifact
06008bcb-ce6b-482c-9253-f5b9b5e0718e,Three Tree City,BLB,338,da3b17a2-e1e1-44e9-b9b1-ae54a92037db,0,,Legendary Land
062fcd2b-7f63-47bf-83ba-88e33d397a6e,Chromatic Orrery,PM21,228p,95c3976c-33f3-490b-bfd3-7f1af2fe0416,7,,Legendary Artifact
0631c7c8-9aa5-4333-8e20-20247fc47033,Phantasmal Forces,LEA,67,06a158c6-7e36-49f8-a8e0-a7b7df5fd7ed,4,U,Creature — Illusion
064efadf-fdba-41fb-bf2f-ef42b274e934,The Great Henge,LTC,348,78427103-9543-41fb-b6d4-72963fe87275,9,G,Legendary Artifact
065cd3b9-b5aa-44d3-93f4-3a43694d7a1a,Sword of Fire and Ice,SPG,62,2ccdc60a-49a9-44b9-a7af-0ebf18b26785,3,,Artifact — Equipment
06728070-b888-4a57-9248-2a9615a4cda0,Terror of the Peaks,PM21,164p,f8e17f4f-080d-4bba-bd05-ca27e94ccecc,5,R,Creature — Dragon
067c44e9-1b23-42fd-9acb-daafb62c32a2,Colossus of Sardia,ATQ,46,9be9625e-b98b-416b-aac4-9f7b2dfbd39d,9,,Artifact Creature — Golem
067fac91-2483-4678-b86a-2c54a3a480cf,"Kozilek, Butcher of Truth",ROE,6,7b8528b0-71eb-4c9e-bed9-aa2d2e84038f,10,,Legendary Creature — Eldrazi
068bb15a-fc2d-42a2-859b-837b946d23c0,Underground Sea,SUM,290,4b22be3a-8ce1-47d1-b82e-6c3ccfb0548b,0,BU,Land — Island Swamp
06900a71-34ca-48c6-94ac-fca744356829,Season of the Witch,DRK,52,307813c5-c3a8-46c5-8ed4-3b244dd169dc,3,B,Enchantment
0690f724-eb95-416b-b064-f1239e2a30e8,Dark Ritual,LEB,99,53f7c868-b03e-4fc2-8dcf-a75bbfa3272b,1,B,Instant
06d4fbe1-8a2f-4958-bb85-1a1e5f1e8d87,The First Sliver,MH1,200,55e4d4b2-1bd8-4c29-a21a-c014a974b715,5,BGRUW,Legendary Creature — Sliver
071ca80b-62b4-40e6-81c6-fc5bd9019354,Guardian Angel,SUM,21,1a91ca69-e890-41dc-866b-3aabf10c9a9c,1,W,Instant
0760068d-71c2-4b38-9f66-4454875de27e,Enlightened Tutor,TLE,305,c5229c17-b7be-4b05-b683-f2277edc4849,1,W,Instant
077cdb3f-b70f-4310-bc5d-47a0ee35c701,Wanderlust,SUM,227,73bddfdb-d1fb-4038-b676-201f6b82beb0,3,G,Enchantment — Aura
077cf242-f866-497f-a23c-70e1b04a748e,Consecrate Land,LEB,15,4627691c-4ed4-4add-9cc3-2e019be2f9fd,1,W,Enchantment — Aura
0782653e-9d8c-485b-b152-9353cd4f6ec8,Balefire Dragon,CMM,697,3d783beb-9ca6-4681-9276-fc3ad13b993f,7,R,Creature — Dragon
0790fb8c-7ff3-4681-a2c0-f16642f4f94b,Amulet of Vigor,LCC,103,dba16032-66c1-4ccb-9d65-d41ac550d182,1,,Artifact
07ca436a-e992-40a9-978a-501a82e443ed,Vaultborn Tyrant,BIG,85,e8d0accc-b320-4c07-8a71-a09db860351e,7,G,Creature — Dinosaur
07e40ddc-0483-4a2e-a776-807b37bada7f,Three Visits,SLD,1676,1b882a0e-0ede-4d1a-bd1a-9b7cffbcde8e,2,G,Sorcery
082f6551-2332-4a9b-9865-aae19156b3dd,Island,PALP,2,b2c6aa39-2d2a-459c-a555-fb48ba993373,0,U,Basic Land — Island
083f76c8-3e6d-4de5-b408-2f2394faed5c,Mahamoti Djinn,LEB,65,c39ea5f9-6ec0-4697-897b-779e326754a7,6,U,Creature — Djinn
0845f0b0-9413-4ddd-861d-9607636bebc6,Natural Order,VIS,114,8c1fe337-375a-4add-93b6-0ac39ed72b4f,4,G,Sorcery
086b6003-6d90-426b-809e-ea837d868290,The Walls of Ba Sing Se,TLA,329,af7d7da5-aff5-48e1-901a-f81257a85f71,8,,Legendary Artifact Creature — Wall
086d94a0-763e-495e-b952-5c13383657c9,Cryptothrall,40K,155,e26f0fcd-d6d2-4e7b-82dd-711bc0b9dad3,4,,Artifact Creature — Construct
086f1ee3-d83b-410b-b51f-ad4be841ac59,Rakdos Signet,SLD,289,3adb7681-977f-4a32-9ec8-51481b958268,2,BR,Artifact
086f97e9-8b62-44f3-b467-149c2ac5ca78,Opposition Agent,CMR,141,1f438b8f-fe23-4f3b-ab2e-f6c33676c462,3,B,Creature — Human Rogue
08950015-eee5-4327-888c-82dfd13bb9ad,The Meathook Massacre,MID,112,127de52b-df75-4342-95a0-20d84c5bf916,2,B,Legendary Enchantment
089b6e6f-c178-4612-866f-da9cbc01b442,Edgar Markov,INR,328,41e2790d-49f5-4e98-b8d9-04179f47f13a,6,BRW,Legendary Creature — Vampire Knight
08c63a42-7969-4e07-ad98-c312156ad0d2,Mox Amber,BRR,98,7a43bd27-fdd8-41f0-9bc4-92568f3408f1,0,,Legendary Artifact
08dae3b8-917e-404c-87b8-ce8ee7928f0f,Siren's Call,SUM,80,269fc857-a052-4f0a-9759-467ccf42bebb,1,U,Instant
09381c85-d38d-4a5b-9d6c-526d10f1f722,"Mondrak, Glory Dominus",PONE,23p,fe83087d-c6c1-40be-9295-baaa1c6b2db1,4,W,Legendary Creature — Phyrexian Horror
09535dd7-5d14-426e-8bbb-efdfe9b7543d,Pact of Negation,LTC,523,f3e213a4-ba5a-468a-93b3-c0a34e1bd725,0,U,Instant
0961e7f0-a6c2-46b4-9069-d5e2068171b4,Burgeoning,CN2,178,88cf4c1a-5863-45fc-b76d-7ad33b175b2b,1,G,Enchantment
096eacf4-16bb-47d5-b229-c46cbe6a73f7,Holy Strength,SUM,24,9357de36-f8be-4f49-b2c8-9fe9eaf82b07,1,W,Enchantment — Aura
09705595-47c6-4f7c-9351-4004bfa39218,"Elesh Norn, Mother of Machines",ONE,414,5ade11c0-41dd-4b6a-9f5b-c5903a3a0d7f,5,W,Legendary Creature — Phyrexian Praetor
0987461a-45c0-4956-8627-cd27a7e038d0,Shatterstorm,ATQ,28,96ce2403-4607-440a-92ae-80aceb458c5d,4,R,Sorcery
098c976b-6096-4ac7-8d52-2f219ae21d1f,"Lara Croft, Tomb Raider",SLD,1501,ddfd9dca-c886-4e13-b467-990469c31a61,3,GRU,Legendary Creature — Human Ranger
099352e2-38c8-4fb4-a25f-6d928aa20f9e,"Shizo, Death's Storehouse",DMC,233,008f2698-1721-45a3-8353-10f2f400dc8f,0,B,Legendary Land
09b12bcb-a935-48be-a5e8-abbb890e91ca,Darkpact,LEB,100,74f10b9a-a286-49b2-bfa1-a427ff041bd4,3,B,Sorcery
09dbe391-a817-4347-986f-13849746db56,The Meathook Massacre,INR,387,127de52b-df75-4342-95a0-20d84c5bf916,2,B,Legendary Enchantment
09dd9023-f7ee-4e99-8821-7059deb83730,Adarkar Wastes,ICE,351,d5ad26cc-2bdb-46b7-b8bf-dd099d5fa09b,0,UW,Land
09ddb4a6-8144-4acc-9caa-4026a7a0537f,Solitude,SPG,44,dcb9c2a7-ae54-4ddc-a567-640bf4bf4366,5,W,Creature — Elemental Incarnation
09ed98e1-898b-494b-a27d-7c1ab28cd9f1,"Yawgmoth, Thran Physician",DMR,431,a1e232c0-dc38-47be-a5a0-f68bc1d86a29,4,B,Legendary Creature — Human Cleric
09f1958a-50cc-43cc-80e1-988800e44ca8,Timetwister,LEB,85,c823e687-6311-4c99-974b-fd77d204141a,3,U,Sorcery
0a07cba3-2e8d-48ec-a6f8-4d2edfcd833d,Vampiric Tutor,VIS,72,ededbdae-d9dc-4206-9335-d7158f2d7700,1,B,Instant
0a09344c-e869-4a8e-9be6-a29f1a5b6df6,Helpful Hunter,SLD,895,c0864adb-e9aa-40b6-91ff-a0646193e887,2,W,Creature — Cat
0a22ee47-fc56-436d-8570-88fbff421027,Serra Ascendant,IMA,31,27ad3e00-6ffb-48f7-8469-8868d066d1e2,1,W,Creature — Human Monk
0a31e063-80c6-4f72-a80a-8f4e576d4736,Lifetap,SUM,63,52ac09af-2aa7-4d80-be26-3e6a6efd5c23,2,U,Enchantment
0a469d00-1416-48dd-ad91-eb6f3fb4b42b,Sword of Feast and Famine,2XM,364,d0901053-6de0-46d0-9ee3-8d40510236c1,3,,Artifact — Equipment
0a481bb9-d213-4cb4-ace4-f8a2ebf663c9,Finale of Devastation,SLD,2680,69872a9a-fe54-4e58-940c-89395af71acd,2,G,Sorcery
0a4abd89-28d2-4458-81d7-4f3b43fd0184,Blood Crypt,RVR,397,43985bbc-a0f6-4812-984e-392bc8562633,0,BR,Land — Swamp Mountain
0a5453f5-065b-4134-b6f5-2f1cf460a9ac,Conservator,SUM,241,1940e56d-0972-4ca4-946c-bbd42dde1dcb,4,,Artifact
0a5df970-c6ba-4824-b8ba-67244aec2b82,Cabal Therapy,JUD,62,018107d1-ebf7-4657-bc91-c8374af55cc5,1,B,Sorcery
0a7a90bb-5ff0-48ec-b578-63ebcf7f1e70,Whispersilk Cloak,SLD,1574,9ad4f730-a18e-4a7c-a468-a926c718c741,3,,Artifact — Equipment
0aa81390-4e0b-484b-a5be-a9449cd41860,Magical Hack,LEB,64,cba229fa-9035-405b-b091-3798898a37ee,1,U,Instant
0ae0db84-bf72-4d67-a4cc-b32e1233a530,Magnetic Mountain,SUM,163,5c28fc22-7da6-4f15-b02b-6ff10981466c,3,R,Enchantment
0aea8148-43a7-45dc-84b1-8636cdb50412,Island,SUM,296,b2c6aa39-2d2a-459c-a555-fb48ba993373,0,U,Basic Land — Island
0affc8ed-9ba1-47fe-aa81-8fde61345bfc,"Tevesh Szat, Doom of Fools",SLD,1199,79a1783f-ea7e-4cdf-95f5-53b383d38c66,5,B,Legendary Planeswalker — Szat
0b0595fe-3042-4fcd-9f8e-a0f601f858c4,Basalt Monolith,SUM,235,6b8cf2a0-b045-4d91-9d91-c602d40c6237,3,,Artifact
0b1689f3-9dfa-4525-90b3-7af15f7eb720,"Eladamri, Lord of Leaves",TMP,224,dcbb6b0e-2219-4ba4-9720-3e58b59b4328,2,G,Legendary Creature — Elf Warrior
0b35ed4a-c1b1-4cf7-8eab-95a85ce75e92,Swamp,SUM,299,56719f6a-1a6c-4c0a-8d21-18f7d7350b68,0,B,Basic Land — Swamp
0b47f6d2-9f65-47a4-bfc4-15619befe53d,Phyrexian Tower,MH3,303,1861e642-21d5-4232-89f3-b5557f2946c1,0,B,Legendary Land
0b64dd0f-2e99-41bd-87aa-f623582d64d0,Time Vault,2ED,275,99d4d99d-cf56-45aa-aa39-a250695612f2,2,,Artifact
0b7acd81-1fcb-4758-95f4-e64cb696c9d2,Field of the Dead,SLD,1356,aa959340-c869-4caa-92c7-572bd8d23eef,0,,Land
0bb0349e-38b8-4750-b5c8-a831e6b20aea,Shanodin Dryads,SUM,216,998484cc-fefc-4da5-9987-5d6e89599c34,1,G,Creature — Nymph Dryad
0bc1dbbf-73a7-4f79-b499-4668c853d958,Portal to Phyrexia,PBRO,240p,301d1d8e-d3fc-4010-8b29-4724fa0b31cd,9,,Artifact
0c58f236-0b2c-4b71-8819-1beaea7ded17,Disrupting Scepter,2ED,243,cd30a128-4b23-476e-8066-2272fdc395d9,3,,Artifact
0c8b1f49-550e-405f-b17c-1d94589494ad,Willow Satyr,LEG,212,c7c660bd-5f58-464c-bc75-dd244b7ca535,4,G,Creature — Satyr
0c9ac08c-11ce-4e8a-8ea8-c18cfc745ac7,Ancient Copper Dragon,CLB,368,48daee9d-ddaf-410f-8c3a-12fa1064ab56,6,R,Creature — Elder Dragon
0c9c514f-f506-4b2c-af58-79922834cde7,Parallel Lives,MAR,36,84dc94b2-95fb-4d53-aaa2-191cb645639f,4,G,Enchantment
0c9ebec9-3474-4062-9607-2e2a72f78299,Enlightened Tutor,EMA,9,c5229c17-b7be-4b05-b683-f2277edc4849,1,W,Instant
0cadfe0e-9cdf-4e64-b143-f996c76bf93b,"Kefka, Court Mage // Kefka, Ruler of Ruin",FIN,322,6d3ca5cb-781d-4608-b7f1-38c020536376,5,BRU,Legendary Creature — Human Wizard // Legendary Creature — Avatar Wizard
0cb33b46-4d1b-4f97-bfdc-d815aee111da,Mana Crypt,EMA,225,2c63e4e1-89d2-4bc6-a232-94e75c4b1c8a,0,,Artifact
0cb4cef5-99e4-4855-a782-801b2cb974ec,White Knight,SUM,44,ddb021df-ae4a-4ac1-8353-d0b375761714,2,W,Creature — Human Knight
0cb6cbbe-c3e9-4d14-a6b8-fb74e6a02b33,Mind Twist,LEB,116,78f9c223-9982-4282-a496-a6f892f0a5bf,1,B,Sorcery
0cc818c8-32b7-4f15-9db5-0aacb92296b1,Mountain,SUM,303,a3fb7228-e76b-4e96-a40e-20b5fed75685,0,R,Basic Land — Mountain
0ccd5597-2d4e-4f3e-94b7-46783486853a,Blightsteel Colossus,2XM,357,e80772e2-8623-4094-81a2-70828b2b151c,12,,Artifact Creature — Phyrexian Golem
0cd2a4f9-8f80-4ee3-8068-73e686d6eeb9,Kormus Bell,LEB,257,d2d477a5-f055-4d47-a852-26e8239f2a01,4,,Artifact
0cd81355-8e02-4103-8707-d502ccb4fee8,Living Wall,SUM,262,4844312c-3c9d-4ca1-986d-4ad35e68454e,4,,Artifact Creature — Wall
0cf789e7-045c-4ad1-abc3-23eabda54f02,"Terra, Magical Adept // Esper Terra",FIN,323,54ca5904-9099-497a-9684-101656025487,3,BGRUW,Legendary Creature — Human Wizard Warrior // Legendary Enchantment Creature — Saga Wizard
0cfc4614-f6c1-4247-ab96-5bd41006ad85,Vivi Ornitier,FIN,514,0452be2a-e97a-4269-a9e3-b616265ecb2e,3,RU,Legendary Creature — Wizard
0d08f5e4-d2d3-4659-86d4-a983d80e3b2c,Tundra,2ED,285,02418479-9455-417f-a6a1-004356faff37,0,UW,Land — Plains Island
0d42f473-3e3f-4441-b7ee-6819a3a8f52e,Copy Artifact,3ED,53,80bc56a9-40e0-48da-ae86-190e39c8a4a3,2,U,Enchantment
0d446f70-cdbf-4ac3-81db-6fe77e064dd0,Mountain,SUM,302,a3fb7228-e76b-4e96-a40e-20b5fed75685,0,R,Basic Land — Mountain
0d77c149-cca2-45c7-bc83-5ba1872ad5e0,Desert Twister,ARN,46,6f880348-6dc8-4cf8-9313-9893c41a70a3,6,G,Sorcery
0dccb71b-a25a-4ef8-b2ab-716fd38dcc0b,Crucible of Worlds,2X2,393,33c722cf-b4bf-431f-aefd-ee96241a7fbf,3,,Artifact
0dd4d070-38cf-4517-8152-84c9fcf2c984,Trouble in Pairs,MKC,326,f349f58b-8cc8-45e4-9565-2b46fdf976c9,4,W,Enchantment
0ddb98e8-13fe-4786-83f7-b72c56db135a,Hill Giant,LEA,157,342199e0-15b6-4824-83da-25caef2592b3,4,R,Creature — Giant
0de4df3c-ac5a-4cff-9fbc-9269991224f9,Urborg,LTC,519,b6114962-035e-4e7f-9009-4739bf83a05a,0,B,Legendary Land
0dee69f8-cceb-41b9-a0ee-6b2ac9f4bad9,Tsabo's Web,INV,317,96a4e515-2b4e-4c2d-aa1a-963597484723,2,,Artifact
0df55e3f-14de-46ef-b6b1-616618724d9e,Counterspell,LEA,54,cc187110-1148-4090-bbb8-e205694a39f5,2,U,Instant
0e13f735-54fa-42b6-aea4-ced33811d7d4,Deadly Rollick,CMM,147,0456ec64-2c81-4763-a352-8ff64a4c3d6b,4,B,Instant
0e2181c0-e0ff-4e5e-b59c-0e389642d45c,Dread Return,SLD,2564,352b64d2-2ae5-44ee-a64f-94932ef545d3,4,B,Sorcery
0e818a8b-d0b1-4524-91b7-89ee03d12e41,Shadowspear,LTC,353,8b27326f-e7b8-4a4d-b589-df459246d19a,1,,Legendary Artifact — Equipment
0e863861-eb0d-4f86-9770-bd32b8227d07,Command Tower,SLD,697,0895c9b7-ae7d-4bb3-af17-3b75deb50a25,0,,Land
0e8ccfa7-4178-476a-a155-0ca1c98556c9,Exquisite Blood,LCC,195,8f933fae-6c0c-42d7-a817-14760d8285cd,5,B,Enchantment
0e94d334-e043-42f2-ba5c-be497d82f2c8,Chrome Mox,2XM,358,ec3d4466-547c-4e02-b1b5-a156ec4637e9,0,,Artifact
0e9ad288-d164-44a6-96ec-4185a1587f1a,Abu Ja'far,ARN,1,a2404d88-0621-49ae-9908-052c23a96ac6,1,W,Creature — Human
0e9aeaa8-9a75-4719-992f-cbb316f72175,Savannah,LEB,281,703243f0-8cb3-420f-958f-5fd4bde30293,0,GW,Land — Forest Plains
0eb8f591-d763-49bf-8ef9-86265aaa72f7,Feedback,LEA,57,2ff92886-5c17-47a4-a02b-a97432d9203e,3,U,Enchantment — Aura
0ee0f160-7339-4d98-8a8c-f08889ee52f5,Gamble,USG,188,a54f0869-94c8-42af-9080-166efb9486a4,1,R,Sorcery
0ee4a931-5d61-49ba-affc-f022263938ca,Allosaurus Shepherd,JMP,28,98295bdc-db58-4e1f-ad4c-63092aea207e,1,G,Creature — Elf Shaman
0f1cebcb-0e3f-4dce-81ff-44bc8c0b9ad7,Blood Crypt,UNF,279,43985bbc-a0f6-4812-984e-392bc8562633,0,BR,Land — Swamp Mountain
0f2917bc-d7db-4b7b-8366-6c992869603f,Diabolic Intent,LTC,526,038519b9-bca8-4b27-b5ac-2409595469d0,2,B,Sorcery
0f2c32a0-ee97-4239-94e3-aabab91dab83,Balance,LEB,3,17fa98cd-ed8f-483f-9525-7e989a82ebb2,2,W,Sorcery
0f45e837-7b98-46ef-b21b-e3508ce999e5,Lady Sun,PTK,45,dcc363a7-652d-4d2b-9081-3e5735120f21,3,U,Legendary Creature — Human Advisor
0f61e93f-5f97-4c7d-b3d5-0e05242faeb3,Trouble in Pairs,MKC,15,f349f58b-8cc8-45e4-9565-2b46fdf976c9,4,W,Enchantment
0f7585c8-9e21-4eef-afc1-2852de23db2f,Polluted Delta,ONS,321,ef86989d-ce80-4e55-aece-7d11710eeffa,0,,Land
0f84d676-5327-454c-a033-b4498a9d28e2,Guardian Angel,LEA,21,1a91ca69-e890-41dc-866b-3aabf10c9a9c,1,W,Instant
0f9668ba-d26d-4484-b4b8-6fb91fbfb617,Tormod's Crypt,DRK,112,1573f7f9-672c-421a-b1ac-3d0d8aea59ca,0,,Artifact
0fad0e0d-f34a-45ff-9f01-e6ac10b6928f,Elvish Archers,2ED,192,534ce8e2-53a1-407c-9881-d3b5347d43c3,2,G,Creature — Elf Archer
0fb05d34-05cb-4536-b7e6-2d526dc30a9f,"Fynn, the Fangbearer",SLD,1449,c0b1fba1-4338-4671-934b-098689ad2085,2,G,Legendary Creature — Human Warrior
0fbb8533-9404-4af0-a14a-1e136eacdb3a,Demonic Tutor,CMM,696,82004860-e589-4e38-8d61-8c0210e4ea39,2,B,Sorcery
0fc3ed63-96ee-420c-bde1-e0c904059931,Animate Dead,2ED,93,c0d8fef4-65f4-4769-982d-b397d2b7e977,2,B,Enchantment — Aura
0fd4c537-e2ef-4c6f-93d0-f427a40c1cf5,Zurgo Helmsmasher,SLD,1028,6c48d888-9f5d-43f4-adbd-61dbdba09260,5,BRW,Legendary Creature — Orc Warrior
0fe474af-55bb-4732-abaa-350984d5d7e5,Grave Pact,CMD,85,6f4ac4a4-53ec-4bc9-8f5c-d4b801d867b2,4,B,Enchantment
0ff7858d-f18d-4e5a-9467-ebef3ef53ac1,Roaming Throne,LCI,344,3640c29b-1534-4952-b297-619ade948431,4,,Artifact Creature — Golem
1045bdc7-6fbb-4b63-9798-a2a993f95bc2,Cavern of Souls,MM3,232,89ca686a-7c72-4d8f-9290-e89635624a83,0,,Land
104b4849-cfa0-438a-b01e-71995960aedf,Wall of Brambles,SUM,224,f8d82a00-c10e-4b9e-9642-d05706900a97,3,G,Creature — Plant Wall
1066a94a-8e4f-4d77-820b-7a77a18116f0,Wooded Foothills,ZNE,4,6587a463-a108-4854-b6d1-944e89b8c8a4,0,,Land
107ea1fe-167f-4a79-b0f1-f76dce2e6b0a,Commander's Plate,PLST,CMR-305,cae166de-e681-40a0-83a8-3c17cf40e2fc,1,,Artifact — Equipment
10a4e202-b564-4ac8-8bdf-a2a563662563,The One Ring,LTR,748,3aa83ed2-f48b-4ce6-a614-2c54ddf50538,4,,Legendary Artifact
10d42b35-844f-4a64-9981-c6118d45e826,The Ur-Dragon,CMM,361,87b22b09-4f6d-4bc5-9cfc-663e4c7c6981,9,BGRUW,Legendary Creature — Dragon Avatar
10f58d3b-d68b-4b23-b564-a181c2f22fa7,Void Winnower,SCH,32,70ac902e-1eb5-4f83-a5a6-00ac89cfe50f,9,,Creature — Eldrazi
11130547-391b-4fe7-8821-ef9514f6073f,Stoneforge Mystic,SPG,29,358789f9-7d87-411d-919e-d597da665cbd,2,W,Creature — Kor Artificer
111a16a2-e875-4756-80db-290f9e8606db,Greed,LEG,101,1ff62220-be95-4901-b8d8-812b9a1a1b0a,4,B,Enchantment
115400ae-a43b-4b3d-9ea0-be1e7224dea5,Bloodstained Mire,MH3,435,fc0707c7-d504-4ccf-a0d2-3eb6e26e7a57,0,,Land
11600105-56c6-4073-a4a6-8469030b39c9,Benalish Hero,LEA,4,4c81cfb7-8765-4e28-ae33-4287fa9a86cc,1,W,Creature — Human Soldier
1164f22f-2706-4f35-9f58-d0eb8c344396,Time Vault,LEB,275,99d4d99d-cf56-45aa-aa39-a250695612f2,2,,Artifact
1175b8f8-859f-4930-9725-2d2afea3703d,Sakashima's Student,SLD,2355,afcc68e2-3634-43ce-ae99-dd2ec735d146,4,U,Creature — Human Ninja
1177787f-bf1e-438b-9615-97d03b04128c,Greater Auramancy,SHM,7,e6e888ea-9935-4df2-a344-c54637e55f43,2,W,Enchantment
1183d4d7-094b-4024-ab1d-23c458cb7e71,Goldspan Dragon,SLD,1780,716b3ea2-45b7-4a8f-af72-de7f4e510eff,5,R,Creature — Dragon
11a1cfc1-0bfc-40e8-b57f-f267bf9b6542,"Sheoldred, the Apocalypse",PDMU,107p,34f34409-326d-4994-a0ea-1a69aa278f03,4,B,Legendary Creature — Phyrexian Praetor
11add837-7ee4-4104-b031-c161bce459ae,Lifetap,LEA,61,52ac09af-2aa7-4d80-be26-3e6a6efd5c23,2,U,Enchantment
11dca9ba-b27f-4af8-9962-3794e743886f,Ravages of War,PTK,17,265236d1-d96c-4424-835e-a0fe91c41170,4,W,Sorcery
120139f9-3dc5-482f-a70c-7c6a4f264c19,Grand Abolisher,SLD,1285,c749f23c-40c0-4159-b84c-a70cbb062c14,2,W,Creature — Human Cleric
120be808-ff3b-4fca-96a1-4db6b9825856,Quantum Riddler,EOE,72,58582fac-4c42-4a1c-9ab1-4a892b500da4,5,U,Creature — Sphinx
12164aee-6a27-4246-8d15-2d6dd20d92e9,Sacrifice,LEA,124,068b3692-411b-44d4-a7e9-005262760cfc,1,B,Instant
125a355d-bfcf-4125-aa6c-35e7dea6f63e,Abeyance,WTH,1,6300de53-6e71-4f0e-87e1-b0acd25c59a8,2,W,Instant
126ea71a-9a64-4d1e-a8ca-1efce3b8346f,The One Ring,LTR,451,3aa83ed2-f48b-4ce6-a614-2c54ddf50538,4,,Legendary Artifact
12926dc8-8e6f-4a47-a12b-4d674189615a,Nevinyrral's Disk,LEA,266,96230edf-568a-47dd-b877-9d92aa58fac8,4,,Artifact
13186bc9-8d9c-433b-ba15-121ef94dd68a,Conversion,LEA,15,a24e05fb-dffb-4400-b4ca-22fdde45e7a7,4,W,Enchantment
131cb967-9569-4fbf-8143-c410d3a94538,Shadowspear,THB,345,8b27326f-e7b8-4a4d-b589-df459246d19a,1,,Legendary Artifact — Equipment
133204e4-fef8-4851-aa50-c96ffa35b802,Mox Jet,LEB,263,0677f49e-f8bf-4349-af52-2ccde9287c2e,0,B,Artifact
133315bd-3c46-4eff-938e-4dba63631c1b,Control Magic,LEB,53,cd0d7141-46d2-4aa3-bc77-6b3b4513803e,4,U,Enchantment — Aura
135de5c7-6ac9-4b68-8f1a-97f120a4b125,Mishra's Workshop,ATQ,81,ba284fe6-bb29-455c-8321-9714a0cdc05e,0,,Land
13788423-db82-4e76-83ad-3f812a4d547a,Sol Ring,LTC,410,6ad8011d-3471-4369-9d68-b264cc027487,1,,Artifact
1381c8f1-a292-4bdf-b20c-a5c2a169ee84,Cavern of Souls,AVR,226,89ca686a-7c72-4d8f-9290-e89635624a83,0,,Land
13a68a17-22ee-47c9-870a-83e911862b94,Meekstone,LEA,260,5ba73182-30a7-4bad-9cb6-c0feecc2db33,1,,Artifact
13d7e352-4d01-4947-a76f-f8a01dd876cc,Thassa's Oracle,THB,308,1de1b591-a73f-4974-b507-8c63e07a0868,2,U,Creature — Merfolk Wizard
140d4a7b-95b6-4911-99b5-7e8586255fc7,Island,PALP,7,b2c6aa39-2d2a-459c-a555-fb48ba993373,0,U,Basic Land — Island
140e567c-6e4a-42b0-8084-d6c9695ae802,Wall of Stone,LEA,182,cd4cadb4-3156-49bd-b36e-12ba5c85938b,3,R,Creature — Wall
141451e7-eb21-48ab-bf9f-632f4ea632bc,Torment of Hailfire,SLD,2287,30a0a6c2-1fbb-4784-ab96-22611d57e62c,2,B,Sorcery
14c45416-a826-42e9-9967-8838158cf16d,The Wretched,LEG,121,27af77e5-6680-43d3-9202-40be9b5d14a0,5,B,Creature — Demon
14ffcd73-dfb2-4056-a7a4-d71c4c7c9ef7,Unholy Strength,SUM,133,090d88a9-7f2d-4bd1-a30a-7c48d05068be,1,B,Enchantment — Aura
153983dd-54dc-420d-9249-665b0d669614,Lotus Petal,PLST,TMP-294,32e5339e-9e4f-46f8-b305-f9d6d3ba8bb5,0,,Artifact
15c34447-b0f4-4fcc-b557-23c92850b31b,Archangel of Thune,2XM,5,4f2d4538-dc1d-4c09-964b-b0d7c240fb7d,5,W,Creature — Angel
15ce92a3-0d51-4c8e-bbce-d225021b4c35,"Cloud, Ex-SOLDIER",FIC,202,653f0452-5802-4639-86c2-1500c3964fcb,5,GRW,Legendary Creature — Human Soldier Mercenary
15faa763-b897-4e86-b094-73f3236291a9,Verdant Catacombs,MM3,249,67d60b24-d429-4ded-90d9-06e49f28c396,0,,Land
160cf235-6463-4e16-a426-8b5be76b10d2,Mana Crypt,PHPR,5,2c63e4e1-89d2-4bc6-a232-94e75c4b1c8a,0,,Artifact
16114a68-58d1-4aad-9b3a-890e9c84b253,"Sun Ce, Young Conquerer",PTK,55,93b0185c-b86f-4137-bc6d-96212eee1708,5,U,Legendary Creature — Human Soldier
16779471-4636-4a10-9c6a-3eb5fac405ef,Stasis,4BB,104,a8cf1379-0195-4e11-b994-481ef1284245,2,U,Enchantment
1685e8ee-1c6a-4d9c-8ca7-e08590089818,Timber Protector,LTC,533,9bc8a69b-6065-4ef7-a580-adb1e7c72ef4,5,G,Creature — Treefolk Warrior
16b4d0a8-3270-4e53-9f1d-90f995c3b712,Worldly Tutor,DMR,442,e8863518-0bfa-49c3-8c6e-6c9116a81051,1,G,Instant
16c8d2fa-54a7-46e8-980c-905258497c90,Arid Mesa,ZEN,211,c5acf2a5-40f4-433d-a74d-1cb56c521464,0,,Land
16cbac60-fd88-4369-942e-e8a1d16f7300,Tundra,FBB,289,02418479-9455-417f-a6a1-004356faff37,0,UW,Land — Plains Island
16cd79f1-88dd-40a0-b348-6eb6757e3b13,Goblin Lackey,SLD,1311,213fbbdd-f1bc-4bba-9124-7b26e9a706c8,1,R,Creature — Goblin
16ead969-8ba4-4587-a68d-47730943605e,Old Gnawbone,AFR,296,dff3f4c7-f792-4ca3-9b0a-0738e70664d9,7,G,Legendary Creature — Dragon
17518e8e-46ad-4730-b10b-b8875c0536b6,Dolmen Gate,SLD,1806,d53d000f-c92f-4d70-ae60-8be3791da8a2,2,,Artifact
175e21a3-00f7-4c51-8a8e-fbfd7089efda,Scapeshift,M19,201,c235015e-a7a9-4f8d-bf4a-cf68b3847f83,4,G,Sorcery
176f84c6-aa5e-449c-bd2b-cc91a898f0c7,Meddling Mage,PLS,116,a5d02339-9f6d-486e-87d8-5ec2274cf680,2,UW,Creature — Human Wizard
17788434-47c5-4290-8555-adc8171d55cd,Sylvan Library,DMR,350,92eed395-62ca-4293-882b-8565c40daab5,2,G,Enchantment
17c6ba55-2470-4dde-a7fa-137a60716c96,Scalding Tarn,MH2,439,cb027150-848c-4a66-88ad-e20222304dd8,0,,Land
17db2b6a-eaa8-4a08-9e86-370bbd058574,Bayou,LEB,279,b76d1ae6-ad1d-4bac-b4c3-2e03e0e84d9b,0,BG,Land — Swamp Forest
17f4d2a5-bb85-4662-b2dd-a363ec7eab9b,Sphere of Resistance,EXO,139,09c96077-3804-4f12-a613-5bebc5e0413f,2,,Artifact
17f91d5f-b717-4ff4-a598-6d57c22dd802,Cabal Coffers,HOP,132,7358e164-5704-4e78-9b21-6a9bf2a968ce,0,B,Land
17fc3a85-c6b9-4fd2-a6a2-d3210708e5ea,Hazezon Tamar,LEG,230,d298df4e-7b60-4495-9773-cc81954b7dd9,7,GRW,Legendary Creature — Human Warrior
17fc8e0f-6dba-40d6-a6f9-3eb505059727,Cavern of Souls,PLCI,269p,89ca686a-7c72-4d8f-9290-e89635624a83,0,,Land
180679fa-b820-4793-8f2e-a2d8791192d5,Fierce Guardianship,SLD,1823,d09c9cba-fdd2-479b-ad5d-d05181c3e3f9,3,U,Instant
1825a719-1b2a-4af9-9cd2-7cb497cd0317,Force of Negation,2X2,50,ac2173f9-f223-440a-9231-fd98762bdc6f,3,U,Instant
18348df2-9037-4db4-bddb-76dc933229bf,Elephant Graveyard,ARN,74,8ada7388-fd8b-434c-a17a-bce19cf3e615,0,,Land
18381713-3f20-4d5d-8cd4-f3d1fdfad4f4,Kodama's Reach,SLD,371,1593ea18-2f2f-4ab4-83fb-6ccc0bec8a90,3,G,Sorcery — Arcane
1858ac51-e6a7-48d7-8759-166070ca13d8,Invisibility,LEA,59,de26b0c6-dfb7-45a8-9d7f-f8d45522d675,2,U,Enchantment — Aura
18607bf6-ce11-41cb-b001-0c9538406ba0,Khabál Ghoul,ARN,30,cb558dda-0c05-426d-aedc-bc07cc54db76,3,B,Creature — Zombie
186fd917-8d65-4de5-8546-a32a5f6d3bab,Winds of Change,LEG,172,f525cf10-e24c-4c46-9a13-6f8579d09d50,1,R,Sorcery
1875542d-8a51-48e2-a2f2-ccef96a7aa77,Smoke,SUM,178,8aa97d25-cd51-4ceb-b7eb-af64f0914a8c,2,R,Enchantment
18787a2d-6688-47e9-94bc-ccf229df823f,All Hallow's Eve,LEG,88,ebed900f-6de3-4ae7-9795-fae34882298d,4,B,Sorcery
188b275f-a17a-4ee5-93eb-e7ed6e6346bc,Fork,FBB,153,50c53ae0-51ba-4046-ac74-87c65e688032,2,R,Instant
18a1bb9e-006c-495e-8f99-d451183d2669,Food Chain,MMQ,246,5c8e5092-962e-49ef-ab82-8434e475e4e7,3,G,Enchantment
18adbda4-8d36-47cd-afbc-c785aaa8ed80,Blightsteel Colossus,2XM,235,e80772e2-8623-4094-81a2-70828b2b151c,12,,Artifact Creature — Phyrexian Golem
18bd50f2-c3ba-4217-a2d5-bb771e199706,Vampiric Tutor,CMR,156,ededbdae-d9dc-4206-9335-d7158f2d7700,1,B,Instant
18cc2bc6-12bb-4795-b2b2-9d414823b773,Warg Rider,LTR,826,3f4dd9e2-6460-413e-a3b8-96b20bf57f8b,5,B,Creature — Orc Warrior
18e286b0-b4c4-4b42-ba11-2eec962fee8c,Isolated Chapel,SLD,739,7e5d9efe-48a9-434b-bb09-056e0e09cc9a,0,BW,Land
18f53d47-fd5c-41de-8d7a-490c1b529f4f,Ancient Gold Dragon,CLB,376,44cb725a-72fc-4e0d-b966-f0b6d33f6b79,7,W,Creature — Elder Dragon
19080c3f-67fa-4f98-9b5a-ede8579823d6,Lightning Greaves,SLD,99,ca204b66-8d0c-431a-8d34-282f7c2d17da,2,,Artifact — Equipment
193071fe-180b-4d35-ba78-9c16675c29fc,"Sea Gate Restoration // Sea Gate, Reborn",ZNR,76,4a8d41fe-e04d-484b-a7d1-19be311e6ca7,7,U,Sorcery // Land
1941cf19-b1f6-4148-a1de-6d03531f2f1c,Serra Angel,2ED,40,4b7ac066-e5c7-43e6-9e7e-2739b24a905d,5,W,Creature — Angel
19499cb7-eccb-4e69-af32-6002d447a160,Mana Vault,LEA,259,736892cb-a34b-4bb9-b56c-e26e3db207a2,1,,Artifact
1954e618-b4ac-48d8-9218-b29878bae710,Goblin King,2ED,155,d236b3fc-0d3f-4d99-875d-e32a33fe5767,3,R,Creature — Goblin
1982f910-a9bd-4e94-a187-84381b22aacc,The Soul Stone,SPM,66,92cfba68-12f6-4f97-9187-0f6a39656a0f,2,B,Legendary Artifact — Infinity Stone
19992dbd-7a6a-43d3-b1db-01716b2eed27,Commander's Plate,CMR,305,cae166de-e681-40a0-83a8-3c17cf40e2fc,1,,Artifact — Equipment
199e3667-33be-415f-8f10-1c42a78d7637,"Liliana, Dreadhorde General",WAR,97★,5e958212-6a5b-4288-8d31-f1572619d7dc,6,B,Legendary Planeswalker — Liliana
19e1224f-82cb-4f41-8739-f880cba61bbb,"Urborg, Tomb of Yawgmoth",PLC,165,db6174d7-211d-4817-b8e4-8384594c83f9,0,,Legendary Land
1a5fe13b-f719-446f-8651-9d5ee36abdb1,Regeneration,SUM,213,89390a33-b289-4edd-a114-6616e49a49c2,2,G,Enchantment — Aura
1a708266-e3e9-4d25-a75b-80671bf36f5e,Nazgûl,LTR,724,48a62778-7c11-486f-a0e1-020c283a7ef9,3,B,Creature — Wraith Knight
1a96315d-edc6-4d68-a260-d14f61281dc1,Mountain,LEA,293,a3fb7228-e76b-4e96-a40e-20b5fed75685,0,R,Basic Land — Mountain
1aa28b92-6e79-4907-af6b-e153eb60f567,Temple Garden,RVR,300,f413a83d-a40d-434c-b20a-4c707c0527fa,0,GW,Land — Forest Plains
1aae46bb-15d3-4049-9eae-86c6c5b5dcff,"Heliod, Sun-Crowned",SLD,214,63e596a2-9126-4af6-8782-c38687d664ad,3,W,Legendary Enchantment Creature — God
1ac01fff-4de6-4783-9489-4127e25bc641,Prismatic Vista,ZNE,27,032b8a0d-491a-4a12-ab9f-689010054d5b,0,,Land
1ac9577f-dd41-4e1a-a96b-6b615297425a,"Nykthos, Shrine to Nyx",PLST,THS-223,84dc18f0-8225-4b40-a165-b10321e41769,0,,Legendary Land
1b15d04c-62cb-4704-8cc7-9842cef27a1b,Mana Echoes,ONS,218,369e90e5-a31b-49cc-b594-8a853f244be1,4,R,Enchantment
1b234fee-a2b6-4661-9f98-4da6fc26aebc,"Tamiyo, Inquisitive Student // Tamiyo, Seasoned Scholar",MH3,443,1ed9e351-0000-4b75-8ecb-d15bd88df68a,1,GU,Legendary Creature — Moonfolk Wizard // Legendary Planeswalker — Tamiyo
1b258c47-48b8-4787-9af7-1635cc17dff6,Galadriel's Dismissal,HOC,16,e46d0b57-5eec-4ab6-b9a7-a5c5cc01cc34,1,W,Instant
1b342dd3-09b9-4108-bf12-a65d4cef4eb9,Power Sink,LEA,72,39412e6d-2837-4729-abf9-e64a5ba87e40,1,U,Instant
1b486b75-4680-4a94-af8c-c1c335c9782b,Sire of Seven Deaths,FDN,292,a15547d0-bbcb-41ee-a9ae-8325a9e7fe1f,7,,Creature — Eldrazi
1b93ce48-219c-49ea-9ad0-b7357bea4606,Tundra,LEB,285,02418479-9455-417f-a6a1-004356faff37,0,UW,Land — Plains Island
1bd40caa-0cbb-426d-a988-1d826988e707,Battle Angels of Tyr,CLB,370,c2bd0c24-3973-48bc-a591-3779e3640c5d,4,W,Creature — Angel Knight
1bea2eb6-dfae-4bdc-9ab3-b2b491c69c59,Karma,LEB,27,fac4da47-f0b2-4b57-9703-e0ed100d3499,4,W,Enchantment
1c1a1278-b221-4d31-8625-062f96453b6b,Evil Presence,SUM,110,3d8ac41c-0566-48b2-a744-39db2f72272c,1,B,Enchantment — Aura
1c3fc61c-c26e-47f3-a1eb-f6f10f8469e2,Exploration,2XM,351,0c2841bb-038c-4fbf-8360-bc0a1522b58d,1,G,Enchantment
1c473253-3992-4cc1-8b46-5d1da308c537,Imperial Recruiter,PTK,113,4d6a1391-817a-4ddc-840d-886b138eeb3f,3,R,Creature — Human Advisor
1c4b515f-732d-415a-bc1e-6f1022150ebd,Passionate Archaeologist,CLB,633,6299d18e-a6a7-414c-85c0-d57a8e7d2627,2,R,Legendary Enchantment — Background
1c829d83-d5b8-4be7-80f7-55b42f52b309,Reset,LEG,73,4faa5a70-ac0c-4a29-8bec-218a35a29fdf,2,U,Instant
1c9675fb-1a89-420f-aea8-50e0642f549c,Enlightened Tutor,DMR,6,c5229c17-b7be-4b05-b683-f2277edc4849,1,W,Instant
1cb16046-10bf-433a-acaf-7127c0954a1c,Three Tree City,BLB,340,da3b17a2-e1e1-44e9-b9b1-ae54a92037db,0,,Legendary Land
1cb9d405-f2b5-4e10-a405-feafd2a87d90,Elvish Archers,LEA,191,534ce8e2-53a1-407c-9881-d3b5347d43c3,2,G,Creature — Elf Archer
1cdd8e69-5a71-4933-914e-dfede7b1ac93,Doubling Season,CMM,283,01546b7d-a233-4176-8843-d732074dc5b6,5,G,Enchantment
1d2750d1-ca70-4a36-bff3-bc95faf2f58b,Icetill Explorer,PEOE,192p,109cdefd-e8cc-4ac7-b6ba-2cfdef8d780f,4,G,Creature — Insect Scout
1d842f91-a04c-4b11-8ac9-0c0536b82d03,Cavern of Souls,LCI,345,89ca686a-7c72-4d8f-9290-e89635624a83,0,,Land
1d8b9830-2b79-44d1-a2f7-964194521d9e,White Ward,SUM,45,860468b3-625a-4663-a5ae-336ae10fc7d0,1,W,Enchantment — Aura
1db2c9c2-e087-45b9-8cc8-e0bd3f333ed8,Hew the Entwood,LTR,737,8818bbf8-58ec-4070-a81a-c7ce248057ab,5,R,Sorcery
1dba16d3-292d-430c-88cc-c49ded13effb,Earthquake,2ED,147,9a40614b-50a3-422c-849e-53c8b7d3d204,1,R,Sorcery
1ddfceae-b9d0-4de8-aaf1-c12f780536c6,Taiga,FBB,287,22e3cf1d-3559-4ce1-954c-8dc815342979,0,GR,Land — Mountain Forest
1df4c9a2-8d26-4075-8ee1-b5b848ef5e31,Grizzly Bears,SUM,201,14c8f55d-d177-4c25-a931-ebeb9e6062a0,2,G,Creature — Bear
1df66b60-9107-44d8-a013-24732b226c16,The Great Henge,PELD,161p,78427103-9543-41fb-b6d4-72963fe87275,9,G,Legendary Artifact
1df7007b-9e17-4957-8f52-fa78ba7721b4,Goblin King,FBB,155,d236b3fc-0d3f-4d99-875d-e32a33fe5767,3,R,Creature — Goblin
1df98d4a-0f11-4064-a113-54ab14b9b3eb,"Animar, Soul of Elements",A25,196,725880b2-1675-414f-b61b-cf6533797dbf,3,GRU,Legendary Creature — Elemental
1e03d335-d259-4ab4-814f-9333cfd3afc9,Preacher,DRK,16,d5ea9176-30c1-4152-9086-322f39245f46,3,W,Creature — Human Cleric
1e07f838-a813-43aa-9bcf-9f62797d7313,Darksteel Monolith,CMM,778,fdd3482d-7bce-411b-80c4-956a12fc143d,8,,Artifact
1e10013c-0dbc-4153-8937-f612ffd93d2f,Winter Orb,FBB,280,1dcbd583-3388-4b34-a7cd-131648aa6abd,2,,Artifact
1e180975-c62e-46a8-bb22-e4fcbfcb5e3e,Ponder,SLD,7119,02090581-61aa-4348-ad57-451be8ee91c2,1,U,Sorcery
1e1f470f-1194-4a87-ab6e-3574f5731642,Field of the Dead,SLC,6,aa959340-c869-4caa-92c7-572bd8d23eef,0,,Land
1e3fe454-a3b3-4fcf-8d00-5bdfe077298e,Psychic Venom,SUM,76,a60422e8-f2f4-4c37-a0f4-eedad27eb08c,2,U,Enchantment — Aura
1e5e5f25-41c8-4626-bb14-a121167a9d79,"Narset, Parter of Veils",SLD,1041,ab26fbe2-e808-48b9-8d0d-3fbb6c3d554f,3,U,Legendary Planeswalker — Narset
1eb2e494-1414-4d1f-91d2-7cb20acdb128,Dancing Scimitar,ARN,61,82b13601-d460-45c5-94a1-07e146d463a9,4,,Artifact Creature — Spirit
1eb3178b-dac5-4b34-9d3e-4f5a170d1c87,Mox Sapphire,LEB,266,d5ed1233-df87-4b90-8918-13922ec95249,0,U,Artifact
1eb34f51-0bd2-43c3-af95-2ce8dabcc7bb,Twinflame Tyrant,FDN,97,321b5cc6-8df6-4292-97a0-a6a3a22f3b55,5,R,Creature — Dragon
1ecc64b6-6f2c-4b20-aa80-54cc47382606,Thoughtseize,SLD,1117,edd8d1e8-be43-4c38-bb3a-83081fbaf0b5,1,B,Sorcery
1eced352-d49c-4e91-a368-52904d77a69d,Black Knight,LEB,95,9456c5b6-946d-403a-8ed0-dff9f921d98c,2,B,Creature — Human Knight
1ee65b44-eeb6-418b-b022-a0aef587c738,Serra Ascendant,M11,28,27ad3e00-6ffb-48f7-8469-8868d066d1e2,1,W,Creature — Human Monk
1f152529-8aa7-4f5a-87e9-09c1e521520b,Arcane Signet,SLD,1919,0bc7f093-bef0-4f1a-852c-4b75ebf54838,2,,Artifact
1f35877c-e66c-4ef0-842a-f68cd233ae4b,Underground Sea,3ED,290,4b22be3a-8ce1-47d1-b82e-6c3ccfb0548b,0,BU,Land — Island Swamp
1f372950-6693-4838-80ef-8fd9aa3e0349,Gate to Phyrexia,ATQ,16,bbb005de-bbba-458e-87c1-912a004e80da,2,B,Enchantment
1f4b6f5a-1ba2-409d-9b9b-91e2c1470f62,Tsunami,LEB,222,ef2b1565-7b02-4cab-9031-beb1701ee929,4,G,Sorcery
1fadf1e3-4f4f-4f58-b8a9-11e14bb550f8,Cyclonic Rift,C14,104,d75b9c82-1b49-4c3e-a1b5-aeef57d6644b,2,U,Instant
1fbb4493-23db-4c91-a3e0-17b139f5d00f,Gitaxian Probe,SLD,2067,1d67f5ff-1fce-45e5-b6a1-416c569351e2,1,U,Sorcery
1fc6b109-4657-4e9e-82f3-53ddd56aef1c,Arcane Signet,SLD,1492,0bc7f093-bef0-4f1a-852c-4b75ebf54838,2,,Artifact
1fdf9438-fd5f-4638-8f41-dae35ae8f257,"Elspeth, Storm Slayer",TDM,398,f78af825-023a-42e9-8374-5c52303a1417,5,W,Legendary Planeswalker — Elspeth
1ffb0ecd-1326-43d8-9a68-39bc238e5d3c,"Thassa, Deep-Dwelling",SLD,1279,2396299a-c031-4020-b13e-1f9bf9d64511,4,U,Legendary Enchantment Creature — God
20094a0c-ea67-4c62-811a-5225f70d41f4,Kaalia of the Vast,SLD,1563,cb8d80c9-ed58-4f2d-aa8c-c383370c7f1a,4,BRW,Legendary Creature — Human Cleric
2050d414-71c7-4c42-a1ff-4c04068ba7f2,Metalworker,UDS,135,9ed9accb-9f0c-40fa-aeea-2d1e1c9d1bd1,3,,Artifact Creature — Construct
205c4689-8b02-4d40-9274-3c1fcafa8b82,Cyclonic Rift,RTR,35,d75b9c82-1b49-4c3e-a1b5-aeef57d6644b,2,U,Instant
2064a0d6-3739-4466-9657-be694c0eb6e1,Cyclonic Rift,RVR,419,d75b9c82-1b49-4c3e-a1b5-aeef57d6644b,2,U,Instant
2073ca8b-2bca-4539-94d7-989da157e4b8,Armageddon,POR,5,c9ed8b01-959a-47d6-891e-0abbdccf6e4f,4,W,Sorcery
209c591a-4ab2-4e89-9523-a7b766cf4e51,Ouroboroid,EOE,201,50d6fd91-23d3-4d32-804f-6233e4386904,4,G,Creature — Plant Wurm
209f7479-b3a0-4c27-9602-78babb8d2e99,Caverns of Despair,LEG,136,a1034a02-36cf-4586-a001-9dc3fb76e904,4,R,World Enchantment
20b7357c-7afc-466a-b74c-a7a8a4c5a4b1,Crucible of Worlds,SLD,2110,33c722cf-b4bf-431f-aefd-ee96241a7fbf,3,,Artifact
20b7cb55-16bf-4329-a711-3dbcdaab728b,"Thor, God of Thunder",MSH,369,2842217a-173e-4879-8b25-fefe2fc1123f,5,R,Legendary Creature — God Warrior Hero
20bb8c55-4b0b-425f-8201-b54fa2fdde86,"The Theorist, Jace Beleren",FRA,43,89a6e876-0b00-4671-9652-766fd7ef9bf2,4,U,Legendary Planeswalker — Jace
20c9c856-af15-40b1-a799-1c2066df2099,Doubling Season,2XM,350,01546b7d-a233-4176-8843-d732074dc5b6,5,G,Enchantment
20d5059a-60a4-4135-863f-85a48bff8731,Animate Dead,LEB,93,c0d8fef4-65f4-4769-982d-b397d2b7e977,2,B,Enchantment — Aura
20d666ef-39bf-4fbf-8201-5f1056539da2,Blue Elemental Blast,LEA,49,65e1558c-6b09-4ddc-b520-f19f4fb972af,1,U,Instant
21004958-2c7e-4a55-bc80-411c4d780106,Terror,LEA,130,b81f041d-98db-4408-9472-c483e4a502bc,2,B,Instant
210c4a90-fc7a-4c76-aeaa-20a005e45386,Lord of Atlantis,LEA,62,cc7f290f-ca00-4285-9bdb-4b4402444f30,2,U,Creature — Merfolk
21152782-15ac-47c1-affe-1bf093ecb79e,Nevinyrral's Disk,FBB,267,96230edf-568a-47dd-b877-9d92aa58fac8,4,,Artifact
2135ac5a-187b-4dc9-8f82-34e8d1603416,"Boseiju, Who Endures",NEO,266,bf1341dd-41a3-49f6-87ec-63170dde4324,0,G,Legendary Land
2138dfbb-a4e3-49db-b908-95d0b2b7e82f,Urza's Saga,MH2,380,4c6a0c30-b547-4eff-8ff4-0ca25803c076,0,,Enchantment Land — Urza's Saga
214828eb-434c-47ed-b4af-faaa6c784fb4,Reconnaissance,SLD,1575,32599d7c-243b-447b-9d5d-e8e29830ac61,1,W,Enchantment
214ec172-bd8a-42ec-9fb0-282e8f7b1cc2,Ankh of Mishra,FBB,233,63c1eda1-3e6f-4e9c-adf3-a43164df98bb,2,,Artifact
21551cb6-3a53-42dd-9bbd-4bc56304d6d3,Force of Nature,LEA,194,e3c4c27d-f263-4c69-a4fe-2928136ff68b,6,G,Creature — Elemental
21755311-ccad-4d86-ba47-0060a6c4cfff,Fellwar Stone,SLD,2557,95560508-7ac9-4be9-8a3f-3c7d5b52807b,2,,Artifact
2183848b-c0ad-46a0-a017-e60210c4c6b7,Copy Artifact,SUM,53,80bc56a9-40e0-48da-ae86-190e39c8a4a3,2,U,Enchantment
2189b1cb-94c4-4477-a5ef-17a1ae2c6708,Ancient Tomb,PLST,TMP-315,23467047-6dba-4498-b783-1ebc4f74b8c2,0,,Land
21b7cbae-6647-4f36-b02d-5535ac88b1a6,Mox Ruby,2ED,265,ed85fa82-e4fa-434b-92a8-36b6075708d1,0,R,Artifact
21f348f7-f14a-4752-a4d1-d8becffa1ba8,Bone Miser,PLST,C19-15,3984e5f6-8643-4104-aa9c-18d474e07801,5,B,Creature — Zombie Wizard
21fd184c-326e-4045-86e4-5867bc7579c0,Old Gnawbone,PLST,AFR-197,dff3f4c7-f792-4ca3-9b0a-0738e70664d9,7,G,Legendary Creature — Dragon
220a03ca-8c9b-4acb-821d-f6577fbb20fb,Wanderlust,LEA,226,73bddfdb-d1fb-4038-b676-201f6b82beb0,3,G,Enchantment — Aura
222cfbec-8839-43fa-95a0-2ea91b59515c,Necropotence,5ED,182,94a844d2-0574-45a7-b347-e0e329767c42,3,B,Enchantment
225e3cc6-34d0-4f81-9f49-162d97e2ea59,"Ulamog, the Infinite Gyre",ROE,12,b817bc56-9b4d-4c50-bafa-3c652b99578f,11,,Legendary Creature — Eldrazi
2271862c-b1df-45f8-bb19-ae4b8ab0739e,Teferi's Protection,PLST,C17-8,0d4ecdb1-ec90-497f-a7a4-1c68092b8757,3,W,Instant
228abefc-9f64-4d64-ad58-41b0201eb82e,Commander's Plate,SLD,1733,cae166de-e681-40a0-83a8-3c17cf40e2fc,1,,Artifact — Equipment
228b4677-a00f-47f9-819b-88c003ac080b,Unearth,SLD,2191,4e0b647a-6e1a-421b-bca9-8d5e346bda80,1,B,Sorcery
229ecfc9-8d6b-4fdb-9001-64dc3e4e7a3f,Scalding Tarn,MH2,478,cb027150-848c-4a66-88ad-e20222304dd8,0,,Land
22b5b5ef-9b8d-4ace-86db-21ce00b29928,Prismatic Vista,SLD,2699,032b8a0d-491a-4a12-ab9f-689010054d5b,0,,Land
22b85759-532d-4632-a2e0-c598597133a8,Mountain,PARL,4,a3fb7228-e76b-4e96-a40e-20b5fed75685,0,R,Basic Land — Mountain
22cd80dd-1c57-423c-81e2-9a956901565f,Sword of Fire and Ice,2XM,365,2ccdc60a-49a9-44b9-a7af-0ebf18b26785,3,,Artifact — Equipment
22d1b078-9175-45ab-8fbe-ed4af2abde1f,"Toph, Earthbending Master",TLE,145,ad5d3e7e-bf8c-4fa3-a81e-1523aec2585f,4,G,Legendary Creature — Human Warrior Ally
22e22287-21c5-4733-a527-b176fbf3725d,Dryad of the Ilysian Grove,SLD,191,bdbde5d0-f5e4-44da-b27c-b4ad6f374cc9,3,G,Enchantment Creature — Nymph Dryad
22ea73ec-1325-4437-a23f-dcda1767c713,Vaevictis Asmadi,LEG,269,4d2cc2a8-e08a-420a-8922-c63e39129e23,8,BGR,Legendary Creature — Elder Dragon
2340edcb-8cd5-4ccd-99e2-b9a29f72c495,Library of Leng,LEA,257,867def48-4be8-4056-bcf1-d6b00450b9a3,1,,Artifact
234b53a3-cf34-46dd-a556-653e2348c5da,Simian Spirit Guide,SLD,1548,44e0ffa3-8915-4c1f-8f1a-4aeea1365f07,3,R,Creature — Ape Spirit
235c0ece-aed0-4120-99cc-5d0e28fa70ab,Sliver Queen,STH,129,b8376cca-ea96-478a-8e98-c4482031300a,5,BGRUW,Legendary Creature — Sliver
23614289-0d73-4747-a849-5cb67cc97d6a,Drudge Skeletons,LEA,106,c180ed02-07f4-4538-9bea-8c249234a8e2,2,B,Creature — Skeleton
236a1f7c-3ca9-4029-9064-4c215d02137a,"Heliod, Sun-Crowned",SLD,2165,63e596a2-9126-4af6-8782-c38687d664ad,3,W,Legendary Enchantment Creature — God
2371c126-f19a-472a-ba5f-3b1366274ea0,Deathgrip,LEA,100,20ae75a7-14ca-4366-af0a-3f3f02159f3f,2,B,Enchantment
23749375-1416-47a4-9251-52f41fe2fae9,Thoughtlace,LEA,82,6452b6a6-6235-46a3-a712-a26592450438,1,U,Instant
2383a8d9-96fd-4f9a-bcf9-eb81fdb15ead,Hatred,EXO,64,40601061-1b25-4db8-8b99-33324ce945cf,5,B,Instant
239a5d29-95cf-468a-8b07-aea1f7dc8d52,Forcefield,2ED,244,bd6823fb-a696-4e6d-9c5e-3b55dfe03730,3,,Artifact
239c8547-207b-41d1-a2be-8825bfc6ef7f,Word of Command,2ED,137,e8ad3a77-b293-4d69-b080-27ca9f95d443,2,B,Instant
23d8e67a-5150-4782-98d1-da2ca79607ad,Misty Rainforest,MH2,477,09dd85aa-47bc-4713-a9b9-8b52ff2285ed,0,,Land
23dd9551-c686-465e-92a1-2e668f266bd2,Basilisk Collar,SLD,1920,f5f4dd28-f4ae-4d39-b9b8-6ebfd63c93fe,1,,Artifact — Equipment
23df4919-1a2f-489a-ad21-e8df0e2847ee,Concordant Crossroads,SLD,467,ff01b408-6d17-40a3-9efd-a1b341ec1307,1,G,World Enchantment
23eb19f9-2e8f-4bf0-9bf8-868e6da70e2d,Tetravus,ATQ,71,85255c26-4e74-4cf0-91a6-78ddba5abdc6,6,,Artifact Creature — Construct
2401d2a5-f65b-4a13-906c-999990589a1e,"Thorin, Mountain-king",HOB,243,94917b80-ac32-45ab-b4ee-157ade024bcd,4,R,Legendary Creature — Dwarf Noble
240b3b04-6ad4-42cb-bb4d-e1d486667675,Akroma's Memorial,PLST,FUT-159,967e8b3f-8266-4d9a-a38b-d0e10184e1e4,7,,Legendary Artifact
2429510d-ce59-472d-b0df-5e6b7cdf63af,Dragon's Rage Channeler,SLD,2048,0c016ccc-a341-4b76-87ba-69c639d2746d,1,R,Creature — Human Shaman
24584ffa-8ed1-4930-b6d8-ac1d02738ed0,Flight,LEB,59,6a4068b0-fb4f-429c-a94e-47849f3eb7ef,1,U,Enchantment — Aura
245e16ae-4514-42fa-b409-2c3ae084436c,Arid Mesa,ZNE,9,c5acf2a5-40f4-433d-a74d-1cb56c521464,0,,Land
24626988-81df-44c9-9a8e-ecb9f82c383b,Lord of the Pit,LEB,115,ea152809-85a2-4fde-8251-3b1f267e4443,7,B,Creature — Demon
247a2ba4-aa5d-4970-b886-90196f684f80,Force of Nature,2ED,195,e3c4c27d-f263-4c69-a4fe-2928136ff68b,6,G,Creature — Elemental
2488a80b-6882-4b59-8232-f02f800204a9,"Boseiju, Who Endures",NEO,501,bf1341dd-41a3-49f6-87ec-63170dde4324,0,G,Legendary Land
248add6e-bf11-4378-90c3-49e154fa54e5,Sakashima's Student,SLD,2359,afcc68e2-3634-43ce-ae99-dd2ec735d146,4,U,Creature — Human Ninja
248c76d3-b5cb-4582-be17-7cd1d0cb0f58,"Nissa, Resurgent Animist",MAT,22,c1fc5923-c3cd-448a-98d1-c154661c2812,3,G,Legendary Creature — Elf Scout
24a5cc2c-0fbf-4a5f-b175-6e0ffd0d0787,Misty Rainforest,ZEN,220,09dd85aa-47bc-4713-a9b9-8b52ff2285ed,0,,Land
24afe08b-6b88-42b3-a996-33f138431a87,Sol Ring,SLD,2560,6ad8011d-3471-4369-9d68-b264cc027487,1,,Artifact
24b2acd2-ad1a-468c-bacf-00d94f642e6d,"Valakut, the Molten Pinnacle",SLP,14,1bc44216-4e06-4f66-89b7-5c327004604e,0,R,Land
24bfbb10-409f-4885-b792-73958250a65d,Force of Will,SOA,84,956381ba-6d37-4a8a-846c-bad79222dbee,5,U,Instant
24d9a4d3-e1d2-42ae-bca4-02bc2cf69c9d,Ancient Silver Dragon,CLB,382,939556c8-e363-4453-a624-ca52b151467e,8,U,Creature — Elder Dragon
25158cd5-749b-408c-9ab1-0f83e38730f7,Phyrexian Altar,INV,306,8d02b297-97c4-4379-9862-0a462400f66f,3,,Artifact
255099be-c64e-4f6a-8463-4fc058d6908d,Swords to Plowshares,LEB,41,b1544f21-7e98-461b-aed5-e748b0168c52,1,W,Instant
25929dd3-f4d5-4888-ba2f-389950960f86,Queen Marchesa,SLD,2688,d7ac4be1-dcca-49b6-8ddb-d1b0e6cf2dcf,4,BRW,Legendary Creature — Human Assassin
25976cb2-3123-4935-adcc-70e3db51d381,Cavern of Souls,UMA,237,89ca686a-7c72-4d8f-9290-e89635624a83,0,,Land
25ac5405-df7b-4097-914a-022cb18e20d4,Arid Mesa,MH2,244,c5acf2a5-40f4-433d-a74d-1cb56c521464,0,,Land
25ad2444-9985-423c-ad36-387218866409,Swamp,LEB,295,56719f6a-1a6c-4c0a-8d21-18f7d7350b68,0,B,Basic Land — Swamp
25ae9afd-7d97-4a24-8e22-fc9eaeeb9389,Fungusaur,SUM,197,3e771f5b-2de3-4a1b-8281-ab1f7491e5a1,4,G,Creature — Fungus Dinosaur
25b0b816-0583-44aa-9dc5-f3ff48993a51,Gaea's Cradle,USG,321,7c427c3d-ecd8-45ef-bebd-8f10f4a311db,0,G,Legendary Land
25b9319e-1a6f-4e7e-b69d-1c0de558b14d,Duress,PIDW,17,33d405ea-7a9a-4970-b70f-9c05d90dd6f0,1,B,Sorcery
25e6ebfb-8f0b-44f0-a911-103ade41c6bc,"Indominus Rex, Alpha",REX,14,723a66c3-2c2c-411c-bba5-922e8601981b,5,BGU,Legendary Creature — Dinosaur Mutant
25fbffba-7266-43f0-adb0-ca9bafeb782e,Shadowspear,PTHB,236p,8b27326f-e7b8-4a4d-b589-df459246d19a,1,,Legendary Artifact — Equipment
2626d4c9-fcef-4057-a154-7d987a4a4b84,Sword of Fire and Ice,2XM,297,2ccdc60a-49a9-44b9-a7af-0ebf18b26785,3,,Artifact — Equipment
26343f80-4d60-407a-a44a-ee6295d2e5ec,Windswept Heath,MH3,360,29737a60-3ebd-40d9-b935-c4f54b90d45d,0,,Land
268403bc-733d-446e-a7c1-abc957c42bc2,Aluren,TMP,213,44e02e70-07ab-4795-8037-55185bd11d54,4,G,Enchantment
268f6afc-bf16-4ca7-a986-945a95d3bffc,Cyclonic Rift,MM3,35,d75b9c82-1b49-4c3e-a1b5-aeef57d6644b,2,U,Instant
26a7c62c-12ed-493c-ba95-0f55fec83686,Sylvan Library,SPG,155,92eed395-62ca-4293-882b-8565c40daab5,2,G,Enchantment
26df2161-e168-4ea4-8848-fae9cebf160c,"Bristly Bill, Spine Sower",POTJ,157p,d3b2d8a2-d3bc-448c-9cf6-6bead6010c28,2,G,Legendary Creature — Plant Druid
26e090d4-e7fe-403c-9aca-05c1b45ed238,Drop of Honey,ARN,47,383e9005-5869-4d1d-917d-30e5f214fbd9,1,G,Enchantment
2705117e-c1bf-464a-9dc8-58ee2ce00d1c,Reconstruction,SUM,77,ad8fb78b-5ca5-4ef1-8c68-ee57d1e32fec,1,U,Sorcery
2713f2b0-5dbd-4777-b5b3-0c99a55ca6f1,Reverse Damage,SUM,35,eaaf7c30-f463-4115-a40e-7dc717063413,3,W,Instant
271df2c5-04c4-49f4-82fd-bdde9f1fa779,Volcanic Eruption,SUM,89,4c15889e-3172-413b-b805-a2b7ad05f636,3,U,Sorcery
2722d7e2-61c6-4934-9c21-875ee78fd06c,Disenchant,LEA,18,a7e97fa9-4b72-4548-b854-5be5f18a6f1a,2,W,Instant
272f65a3-3c0c-417d-b5b6-276a643d643e,Earthquake,POR,124,9a40614b-50a3-422c-849e-53c8b7d3d204,1,R,Sorcery
273fb2b6-3d11-4f0d-9fb0-0364353c2060,Island Sanctuary,LEB,26,7d1769d0-d942-45b3-a31c-2bbe45e68661,2,W,Enchantment
27611498-176f-435a-91ad-f97e8c5d26de,Bruvac the Grandiloquent,SLD,2181,274b999f-f193-48fd-9a4a-0fdaf535e6c3,3,U,Legendary Creature — Human Advisor
2765545b-5e2d-4d4c-b126-93415774a2e9,Necropotence,WOT,74,94a844d2-0574-45a7-b347-e0e329767c42,3,B,Enchantment
27b52628-de05-4ec1-9978-e998cf17bb26,"Thassa, Deep-Dwelling",THB,261,2396299a-c031-4020-b13e-1f9bf9d64511,4,U,Legendary Enchantment Creature — God
27d7ac1f-2243-4c70-95a4-2b7343c8d92d,Lord of Atlantis,LEB,63,cc7f290f-ca00-4285-9bdb-4b4402444f30,2,U,Creature — Merfolk
27db5cf4-e023-4bd8-9f51-4dc42957007e,Zulaport Cutthroat,SLD,156,76b003e0-15af-4f22-bdf2-1ade5430964a,2,B,Creature — Human Rogue Ally
27f916a2-0ace-44b5-99dc-72979af34db9,Clockwork Beast,LEA,236,eb97c8db-ac6c-476c-b14d-87785e9c82f0,6,,Artifact Creature — Beast
28028830-83ed-45e2-b495-3b9ad9d3e988,Mox Diamond,STH,138,f3c5978a-70fa-431f-933b-b954bd0db0ea,0,,Artifact
281172b9-15ce-4128-afe5-17cd47d87dc9,"Ugin, Eye of the Storms",PTDM,1p,5c58353a-fd60-4528-bf0d-669626cda0b2,7,,Legendary Planeswalker — Ugin
285e4f85-c54b-4dda-9b59-fca7a2626671,Sword of the Animist,SLD,1642,d79cbc61-6c15-48ea-bbba-3cffb819ccba,2,,Legendary Artifact — Equipment
287ba07e-6434-4850-940f-454fcab3f535,Sylvan Tutor,POR,188,935e0cac-51ee-4cb7-a209-f085e0f099ed,1,G,Sorcery
28a11489-11c5-4018-aab8-c9d036638414,Simulacrum Synthesizer,BIG,36,eb7a1f21-a66d-415b-8520-710b44890bb6,3,U,Artifact
28ce1dbc-508c-4d09-8e44-37bf5ebfdc8f,Traveling Chocobo,FIN,406,2e5675d3-3fb0-43b5-a65c-95aacbe48bf9,3,G,Creature — Bird
28e21c8c-5ad1-4830-8621-f0fd6500ca79,Teferi's Protection,STA,11,0d4ecdb1-ec90-497f-a7a4-1c68092b8757,3,W,Instant
290f395d-0827-4f62-b117-4766d4ab5dca,Wolf Pack,PTK,158,ec58a82f-8c78-4f88-90d5-e32d83be7a48,8,G,Creature — Wolf
291af6dc-9f71-4e8e-9ecc-24fa90aacb23,Grave Pact,9ED,135,6f4ac4a4-53ec-4bc9-8f5c-d4b801d867b2,4,B,Enchantment
2926777a-4f6e-4965-ba83-22cf7df02602,Lord of the Pit,LEA,114,ea152809-85a2-4fde-8251-3b1f267e4443,7,B,Creature — Demon
2973e855-fe93-41a1-a62e-4699ef2c3d1d,"Doctor Doom, Unrivaled",MSC,654,cb3dd50b-ce78-4727-b174-06f99fc5ec74,4,B,Legendary Creature — Human Sorcerer Villain
29ba5a2d-d787-4214-8cd7-7f2bcea938f8,Doubling Season,BBD,195,01546b7d-a233-4176-8843-d732074dc5b6,5,G,Enchantment
29dc1596-a2e7-4d60-9f99-89babaef8a06,Icy Manipulator,LEA,248,3608f1f7-8dc5-4dd1-ae91-c830e1de9529,4,,Artifact
2a25a785-ddd8-45e8-b10f-32d39f867ca7,Tsunami,SUM,222,ef2b1565-7b02-4cab-9031-beb1701ee929,4,G,Sorcery
2a58ec38-f1dc-4c69-9d26-a4599bce586a,"Zhang Fei, Fierce Warrior",PTK,32,f3f815b8-75c6-40e0-9716-872f0f5c9d46,6,W,Legendary Creature — Human Soldier Warrior
2a717b98-cdac-416d-bf6c-f6b6638e65d1,"Tamiyo, Inquisitive Student // Tamiyo, Seasoned Scholar",MH3,242,1ed9e351-0000-4b75-8ecb-d15bd88df68a,1,GU,Legendary Creature — Moonfolk Wizard // Legendary Planeswalker — Tamiyo
2a7cf252-1af0-4b03-89bc-8287b4052a23,Icy Manipulator,2ED,249,3608f1f7-8dc5-4dd1-ae91-c830e1de9529,4,,Artifact
2a87b26e-0431-42e9-b44f-94ba8546111a,Lure,LEA,211,7a7425ba-4478-4bc4-855f-abf947ea4fa2,3,G,Enchantment — Aura
2a9229b8-088e-4c8d-953a-9d8143a0200d,Fabricate,SLD,7124,422e1869-134f-463d-9fa1-86b66a998b3e,3,U,Sorcery
2ab9c69f-cb12-4095-af83-89319f00a3fa,Bloodchief Ascension,CMM,636,d5ea905b-4bb6-48d0-9082-c472703db550,1,B,Enchantment
2ac29c5c-3c55-4778-9bcd-642d38a0d3f9,City of Brass,7ED,327,f25351e3-539b-4bbc-b92d-6480acf4d722,0,,Land
2ac9fdee-ad50-486a-9fde-4aba6848a6c6,Arcane Signet,SLD,589,0bc7f093-bef0-4f1a-852c-4b75ebf54838,2,,Artifact
2ae1bb79-a931-4d2e-9cc9-a06862dc5cde,God-Eternal Bontu,PS19,92,183891b0-b5ec-47f4-8d09-b9d3cfc4e7f1,5,B,Legendary Creature — Zombie God
2b0e16d5-a3e5-4e58-9f97-3d967618f015,Quantum Riddler,EOE,305,58582fac-4c42-4a1c-9ab1-4a892b500da4,5,U,Creature — Sphinx
2b20d3e1-62ef-44db-8109-a33d4fa3e7f1,Exploration,CNS,164,0c2841bb-038c-4fbf-8360-bc0a1522b58d,1,G,Enchantment
2b234903-d7bf-4136-891a-0d66f49c2477,Celestial Prism,SUM,239,eb228a6c-bceb-45c3-a258-3f209682e1c6,3,,Artifact
2b347ecf-d032-4d6c-9b4b-6e33c08a0722,Displacer Kitten,PCLB,63p,09ef446c-a13d-49d9-a94c-cd5f5a2d440b,4,U,Creature — Cat Beast
2b42c421-da39-41e1-af2e-005aebb3a7c7,Swamp,PALP,10,56719f6a-1a6c-4c0a-8d21-18f7d7350b68,0,B,Basic Land — Swamp
2b7002f2-6846-4a53-921e-663ca5f99363,Doubling Cube,PLST,10E-321,9afd8f12-0796-4500-aaa3-10b4a46ef6ec,2,,Artifact
2b827094-fb2c-46db-b898-02e0c308601f,Merchant Ship,ARN,17,69556f6c-c05b-4902-bac7-012f0ed81b75,1,U,Creature — Human
2b871039-6a66-4ac3-95e7-24759c1f2f92,Merfolk of the Pearl Trident,LEA,66,218d9277-c179-4de3-9c7f-79b5a6d4fa38,1,U,Creature — Merfolk
2b9d2a9b-daf2-4ebe-bb8c-0b1d4dfa9e35,Grave Pact,CMM,639,6f4ac4a4-53ec-4bc9-8f5c-d4b801d867b2,4,B,Enchantment
2bb0e884-5bb4-41f3-b04b-6f638357c166,Chains of Mephistopheles,LEG,91,eae87919-6322-4bd2-ae9c-b1ce25d686da,2,B,Enchantment
2bb8c103-37c3-4c5f-9b3f-48d8b2292783,"Chatterfang, Squirrel General",BLC,82,f15b3b76-d38a-48db-bb44-3296183c8641,3,BG,Legendary Creature — Squirrel Warrior
2bca2cd2-4d4a-44e4-87c3-732692b77921,Flash Photography,FIC,463,a92ae7b0-cbbb-44a8-bfd8-2a68f4c1ce1a,4,U,Sorcery
2bd4202c-0477-45aa-82fd-83c85d6d4bef,Magical Hack,LEA,63,cba229fa-9035-405b-b091-3798898a37ee,1,U,Instant
2bd93079-b10e-4be3-9545-17fa3bc3bfd2,Arid Mesa,SPG,109,c5acf2a5-40f4-433d-a74d-1cb56c521464,0,,Land
2be38927-637b-4dce-b228-83ce4f50c4a4,Ravenous Tyrannosaurus,REX,18,9cfac390-4638-4654-8b50-65c0f0886b18,6,GR,Creature — Dinosaur
2be8d24e-1370-4e85-90f2-66b6d6e9c4a4,Sword of Truth and Justice,MH1,229,7a8baaf9-e21f-41a0-9f15-80764f6e5e68,3,,Artifact — Equipment
2c1dbc62-ceb5-4540-ae38-901e5deafc75,Arcades Sabboth,LEG,218,8ead94c5-8447-4f20-87ec-efdccde689fc,8,GUW,Legendary Creature — Elder Dragon
2c23b39b-a4d6-4f10-8ced-fa4b1ed2cf74,"Nicol Bolas, Dragon-God",PS19,207,581eedc4-efe4-4ae4-baf2-88071e7e6f6d,5,BRU,Legendary Planeswalker — Bolas
2c7ea1c6-30b2-4612-8911-03fde5ecbb2a,"Samut, Voice of Dissent",SLD,1451,b1eee275-5106-4c8d-a497-d7945ad81d74,5,GRW,Legendary Creature — Human Warrior
2c872b04-e80d-4c02-ac26-8f5cbb82e99f,"Atla Palani, Nest Tender",SLD,1397,b56cebe0-3752-4ce5-afbd-911543784015,4,GRW,Legendary Creature — Human Shaman
2c89261c-fff8-4145-9448-247a1f924409,"Purphoros, God of the Forge",PLST,THS-135,4fdbbec2-e921-4b63-958d-f9ba1e417197,4,R,Legendary Enchantment Creature — God
2c8b3180-6e29-484a-95f1-3e75af2766d3,Ancient Tomb,EOS,46,23467047-6dba-4498-b783-1ebc4f74b8c2,0,,Land
2ca5c829-0a07-4062-8550-c5dd443103a6,Guardian Project,RVR,433,4f9e07ae-6341-4b46-9f77-f17ab659d266,4,G,Enchantment
2cae1d08-5bda-4eeb-8134-bdb62ad6f44e,Marsh Flats,SPG,110,dab520d0-20b4-4273-ba6b-eb07f85ea433,0,,Land
2cba9d69-0a54-4a58-8d1a-25cca4f452a2,Exquisite Blood,SLD,1798,8f933fae-6c0c-42d7-a817-14760d8285cd,5,B,Enchantment
2cc0a11c-99f0-439d-a372-4fd77e007df4,Talisman of Creativity,SLD,1058,14d2979d-5728-42d7-a027-0eb1f754655d,2,RU,Artifact
2ce2d73f-3f64-44db-a2bc-a8f4a37dc487,Bruvac the Grandiloquent,RVR,35,274b999f-f193-48fd-9a4a-0fdaf535e6c3,3,U,Legendary Creature — Human Advisor
2cf6a3a3-4a06-4eb7-981a-b70cf05b2473,Ragnar,LEG,250,6d474413-e72f-414e-872f-aa00d38b7da4,3,GUW,Legendary Creature — Human Cleric
2cf7e8a3-fad7-413d-b17c-7519a9cf5fb5,"Cloud, Midgar Mercenary",FIN,10,33d2584b-bf29-4c22-bd45-14ba2fb98c0e,2,W,Legendary Creature — Human Soldier Mercenary
2cf97898-1e05-4c0e-896f-ba6713bf6a7b,Field of the Dead,SPG,28,aa959340-c869-4caa-92c7-572bd8d23eef,0,,Land
2d16cf1d-a7c3-4038-a648-299c1bedae99,"Zhao Zilong, Tiger General",PTK,33,22aa8e7f-b30d-49e2-b99e-9232e1a3bcf3,5,W,Legendary Creature — Human Soldier Warrior
2d1c66a7-a39e-4869-80c7-1cec89777e0d,Galadriel's Dismissal,LTC,500,e46d0b57-5eec-4ab6-b9a7-a5c5cc01cc34,1,W,Instant
2d1ced0f-a232-4a05-aa59-6e611b52d617,Meekstone,2ED,261,5ba73182-30a7-4bad-9cb6-c0feecc2db33,1,,Artifact
2d636573-287d-4f6f-93b0-12ddd8f3e6d1,Blaze of Glory,2ED,6,b330ac89-790e-4cc9-96a5-532c48252088,1,W,Instant
2d7097c9-2076-4ebc-8c9e-aa596351588c,Last March of the Ents,HOC,27,3999cd64-ff5c-4e2c-8aa6-d14f9f8a2b4c,8,G,Sorcery
2d7643c0-b2db-478f-944e-b27b77bad3eb,Stifle,SCG,52,b3b00911-ece7-4484-bc36-f211ce72b6cc,1,U,Instant
2db7a0e6-eea5-4fa6-ac14-401411b106cc,Unmask,MMQ,168,1a3a274d-41da-47db-ad41-5720f36a7963,4,B,Sorcery
2dd41293-d7c8-4422-9f0c-b3e96350f5c9,Ancestral Recall,2ED,48,550c74d4-1fcb-406a-b02a-639a760a4380,1,U,Instant
2dd78806-621a-4f9f-936c-527ec9659667,Bone Miser,SPG,87,3984e5f6-8643-4104-aa9c-18d474e07801,5,B,Creature — Zombie Wizard
2e009adf-aded-4d64-ba3e-ddc3448c967a,Dragon Whelp,LEB,142,705a1985-ed39-4a4b-812e-a677170b596e,4,R,Creature — Dragon
2e30b5ff-1239-4c4d-ac7c-554ecf8e1e27,Killer Bees,LEG,192,5da1f1af-d2e5-4e14-914b-d93f15626636,3,G,Creature — Insect
2e5cd12a-2a07-44a8-8eac-de00d26fe9e3,Lotus Vale,WTH,165,01fc5bb3-ebd7-4ab4-8aef-2ece1e1d9b7c,0,,Land
2e724422-e2a9-47a2-bf5a-6a1aa34fdd3d,Aura Shards,SLD,2694,8d03d050-391c-4311-8c42-4ee632d40fdc,3,GW,Enchantment
2e72f8cb-5bc3-4711-9b7c-a6eea9a0beaf,Nether Void,LEG,113,53bab610-1d27-4897-a4ad-cfecca82b811,4,B,World Enchantment
2e939761-3542-4044-9038-d1d30c6a38fc,Halfdane,LEG,229,2ee13155-a3b8-4cad-8e68-5d2c5aba3bb4,4,BUW,Legendary Creature — Shapeshifter
2ec2246d-8bea-43c4-bf7f-2acad363e0af,Ice Storm,2ED,202,a0b97e33-2d0c-4800-a9f5-9cd9be651ea8,3,G,Sorcery
2eed143f-450b-4465-afac-fc1751b85e2b,Instill Energy,SUM,203,8695c3c1-fb4b-4429-ae33-ec186f68796b,1,G,Enchantment — Aura
2f09e451-0246-45a2-8bfd-07d3c65ddfe6,Exploration,USG,250,0c2841bb-038c-4fbf-8360-bc0a1522b58d,1,G,Enchantment
2f18e125-ac4a-45d0-8055-98f59c77324e,Sol Ring,FBB,274,6ad8011d-3471-4369-9d68-b264cc027487,1,,Artifact
2f314ca8-19fa-4cc9-9d23-c280de3b79bc,Crucible of Worlds,PIP,357,33c722cf-b4bf-431f-aefd-ee96241a7fbf,3,,Artifact
2f532e49-5f70-4210-9b09-5a8ced370215,Surge of Strength,JP1,4,bd3e55cf-ffca-402c-91ea-2420035a9dd1,2,GR,Instant
2facf462-55cd-4da4-997f-2cf4add75628,Purelace,LEA,32,3773001a-8868-49ec-a406-298cf72359c2,1,W,Instant
2fb67912-3d3d-40d4-8aa0-141a8025b037,Badlands,FBB,282,13ff3222-91cb-4796-a34e-899ed817694c,0,BR,Land — Swamp Mountain
2fce5989-a2a0-4825-b90a-a1f78659b6e0,Ashcoat of the Shadow Swarm,J22,19,9cc69ea5-42a2-4306-ac6d-cff5adb20bcb,4,B,Legendary Creature — Rat Warlock
2fea0356-6684-4730-9eb4-0262856bc1f9,The Cabbage Merchant,TLE,134,e31808bb-fb6e-487b-a973-db44961c84ee,3,G,Legendary Creature — Human Citizen
2febfa1b-5a5e-411a-a7aa-f2ca6ee66f51,Terror of the Peaks,SLD,2650,f8e17f4f-080d-4bba-bd05-ca27e94ccecc,5,R,Creature — Dragon
2ff21a6f-83a7-4bf3-a078-294e303232cc,Uthden Troll,LEA,180,d6329dcc-b450-482a-8ee3-45449f7a4b3d,3,R,Creature — Troll
3003bf1e-8085-45d8-882b-c449109e7631,Singing Tree,ARN,54,23f9bee4-ac7e-4828-82c0-576fee0d29b7,4,G,Creature — Plant
3009ba46-c9f8-46dc-8ffc-2aa4cef7b17c,Demonic Tutor,STA,27,82004860-e589-4e38-8d61-8c0210e4ea39,2,B,Sorcery
30125a5d-f9cd-47df-9314-5ba2deff35ba,Scathe Zombies,SUM,127,e0fefaf0-da20-4d58-8db7-019dba16c780,3,B,Creature — Zombie
30641539-de35-46c7-99ab-e4478afe064c,Burgeoning,SLD,408,88cf4c1a-5863-45fc-b76d-7ad33b175b2b,1,G,Enchantment
306d22ae-657e-4b52-8cd9-6fc3df9e8376,Three Visits,PTK,153,1b882a0e-0ede-4d1a-bd1a-9b7cffbcde8e,2,G,Sorcery
30935e4a-013e-4c46-ad05-304df8e5dfa4,Copper Tablet,LEA,238,16d1023b-2162-4010-8bf4-218dbe7c99a0,2,,Artifact
3097b876-ffb4-4388-beb1-d25d887593b9,Phyrexian Tower,SLD,208,1861e642-21d5-4232-89f3-b5557f2946c1,0,B,Legendary Land
30ce1bf0-7561-418f-a217-3ce10f28be82,Taiga,LEB,283,22e3cf1d-3559-4ce1-954c-8dc815342979,0,GR,Land — Mountain Forest
30d1450f-2909-410e-9920-731278fa74de,Oubliette,ARN,31,c753e9e3-9374-4e3c-8622-94576a8c1da3,3,B,Enchantment
30e401e3-282b-4524-87e1-c6cd50cd6d00,Ancient Tomb,TMP,315,23467047-6dba-4498-b783-1ebc4f74b8c2,0,,Land
30f6058b-777b-4216-959e-d9435152aed2,Mishra's Factory,4BB,361,5963e0ef-e0bc-4611-ad4f-813a4c0eacfb,0,,Land
30fcbb16-f8e7-4f6e-a806-541ef54aa025,Two-Headed Giant of Foriys,LEB,180,38aa31bd-7145-43b9-9409-463d9ad6cd69,5,R,Creature — Giant
310de1ef-f1b6-4b61-9d6c-6b70382a7f95,Lightning Bolt,4BB,208,4457ed35-7c10-48c8-9776-456485fdf070,1,R,Instant
31415b9b-fb30-4132-a9a3-795b4573a901,Cursed Scroll,TMP,281,514752ea-d453-41d4-97cf-b1dcdb4b4a08,1,,Artifact
314671b3-26c6-463e-934c-93f62e704db6,Get Lost,PSPL,5,522dd417-364b-44ab-8ca9-fb55db5f26a6,2,W,Instant
31540016-1896-47f7-9c4d-f07598c75421,"Aragorn and Arwen, Wed",LTR,394,b8a3440a-03c5-444c-a1de-252524c3db82,6,GW,Legendary Creature — Human Elf Noble
31540dde-7cea-4eb1-896e-27e21b56f00a,Cavern-Hoard Dragon,LTC,114,939e8448-013a-4aef-9a92-7c883a77a1a0,9,R,Creature — Dragon
315a6bfb-5417-465f-97d9-e157f5c3cf79,Natural Selection,2ED,213,57f90b30-bcb0-447e-8788-5c5ded187207,1,G,Instant
3164be2f-28c9-4a33-bd70-d5089396538c,Wooded Foothills,MH3,441,6587a463-a108-4854-b6d1-944e89b8c8a4,0,,Land
316caa4e-a53a-460b-978c-5f0fba7bc549,Trinisphere,2XM,303,69d994f2-b8f6-425f-9655-977c2144d40c,3,,Artifact
317f1133-7cf8-4b7a-919e-88c45f8c2c3a,"Avacyn, Angel of Hope",CMM,14,216cb26e-8da9-478b-bfbc-8030f7adee72,8,W,Legendary Creature — Angel
317f1aff-9d0d-4003-84e9-3b63bd4e4fae,Dismember,SLD,1674,fd74f8eb-0253-42dd-8277-186d4934da38,3,B,Instant
3183897e-4f86-4020-b149-cc4c2451a6c0,"Emrakul, the Promised End",INR,330,4e7a8817-1a66-45c3-ade9-eac79b40b89f,13,,Legendary Creature — Eldrazi
318f8ec3-0613-448d-87d2-0bcc9e95da64,Black Market Connections,ACR,161,d2664f28-49e1-46f8-a863-b217e961a57c,3,B,Enchantment
319430fa-11e4-426e-8297-67df8474c3cc,Phyrexian Devourer,ALL,125,28b1ed69-784c-4642-86c7-104792d5afc2,6,,Artifact Creature — Phyrexian Construct
31bf3f14-b5df-498b-a1bb-965885c82401,Juzám Djinn,ARN,29,4e81596c-9225-43d1-bd35-798212144f2c,4,B,Creature — Djinn
31c687dc-ee0c-4e54-a2b3-5d8e633b3245,Two-Headed Giant of Foriys,LEA,179,38aa31bd-7145-43b9-9409-463d9ad6cd69,5,R,Creature — Giant
31d2422a-bb7d-4cdd-9aac-e5a936a4be3b,Karakas,LEG,303,59119143-c0fa-49dd-adf0-e2fd3029c48b,0,W,Legendary Land
31d3f007-67aa-47c1-81ae-a54c982dee83,Gandalf the White,LTR,732,5b3b5f6a-375e-4479-9384-a942eda83f9b,5,W,Legendary Creature — Avatar Wizard
3239a1e5-a002-4389-b9a7-049b1d60e2ac,Undercity Sewers,MKM,332,08d80efc-9542-4ba2-824c-c8615d8d07f2,0,BU,Land — Island Swamp
323e3084-8d84-474f-b208-a4637b1ccb51,Piracy,S99,45,131acf69-fa5c-4ce7-9e39-2677af4f8907,2,U,Sorcery
3247a7dd-f48c-4cb4-8475-4864acccef7a,Firestorm Phoenix,LEG,147,5653b40f-c566-4a14-b188-a9268ea36218,6,R,Creature — Phoenix
327cf118-cc92-4073-85d0-94d2a0a6989a,Scalding Tarn,ZEN,223,cb027150-848c-4a66-88ad-e20222304dd8,0,,Land
32a46d1d-df85-4388-acd6-91818aa9af80,Umezawa's Jitte,SLD,1865,1da10d5c-36a8-473f-a5d4-782ad61d8057,2,,Legendary Artifact — Equipment
32af6676-e780-4ebf-b2d3-0bc3436e527c,Wooded Foothills,MH3,467,6587a463-a108-4854-b6d1-944e89b8c8a4,0,,Land
32e03ed1-6d1e-4303-b67c-4a5a4f825e9c,"Cloud, Midgar Mercenary",PSPL,4,33d2584b-bf29-4c22-bd45-14ba2fb98c0e,2,W,Legendary Creature — Human Soldier Mercenary
32fd8b7c-baf3-4d3d-be6f-044a917b11a0,Roaming Throne,LCI,258,3640c29b-1534-4952-b297-619ade948431,4,,Artifact Creature — Golem
3308993d-8bfb-477a-887a-89ed35577f57,Jeska's Will,CLB,799,0fd114c4-092b-4e28-b0dc-ef529f3bc73e,3,R,Sorcery
33296718-0625-4422-a65c-b21cf99c52ec,Recall,LEG,70,4158f397-4ee4-4f53-90f2-3b64bfe4f9b8,1,U,Sorcery
336b3b8f-d104-4f06-ad4f-c92b8a9038ca,Hell's Caretaker,LEG,104,2f0d797e-d897-453d-92b6-a90e1a548dc5,4,B,Creature — Horror
33743b2c-9e30-458d-ada5-fd1cd5b25a5a,"Tifa, Martial Artist",FIC,206,0836c8d1-c453-4a3a-a52a-eb66839b8542,4,GRW,Legendary Creature — Human Monk
33887af0-680d-45a5-944f-a4480958094c,Red Elemental Blast,SUM,171,bb329a5c-b9f9-4973-a53f-090024146325,1,R,Instant
3394cefd-a3c6-4917-8f46-234e441ecfb6,Rhystic Study,PCY,45,53236dd7-845a-444c-96d5-f41ed7325d8f,3,U,Enchantment
339f83ca-4f46-4246-be23-5ca4add31d81,"Ulamog, the Defiler",MH3,383,97836c48-8777-4b4e-98fb-e99204f38bdd,10,,Legendary Creature — Eldrazi
33a1fe45-52d2-4c50-bedc-eee156ab69c8,Burning of Xinye,PTK,104,3a3cec13-4766-40d2-88e0-41bcdd5249e9,6,R,Sorcery
33a931b6-607c-4cbb-ad1e-14e2cad14947,Birds of Paradise,SLD,1148,d3a0b660-358c-41bd-9cd2-41fbf3491b1a,1,G,Creature — Bird
33ace025-c949-482d-bb6a-b3ad13bc981c,Deadly Rollick,TLE,309,0456ec64-2c81-4763-a352-8ff64a4c3d6b,4,B,Instant
340c5799-4964-44dd-8c48-8f3f3aba5211,Badgermole Cub,TLA,167,2b0afb89-0944-4861-b9c3-e909e2ac215e,2,G,Creature — Badger Mole
341292df-b9bd-4796-a12d-10fb67c91040,Ravages of War,PIP,354,265236d1-d96c-4424-835e-a0fe91c41170,4,W,Sorcery
3455b006-9ea5-4aef-8ad2-d0701eb0cacf,Farmstead,LEA,19,0d71b157-09a0-4fd4-beb9-103117a784ad,3,W,Enchantment — Aura
3458b6d2-9c82-43b1-8344-50cf39885aec,Dragon Engine,SUM,246,727a6474-d5b5-42ab-ace3-352d28f499eb,3,,Artifact Creature — Construct
34761bda-03f9-4607-bb01-10b1598509f7,Ancient Silver Dragon,CLB,366,939556c8-e363-4453-a624-ca52b151467e,8,U,Creature — Elder Dragon
347a7b0f-1239-4113-827c-aa67a6e0552e,Command Tower,SLD,744,0895c9b7-ae7d-4bb3-af17-3b75deb50a25,0,,Land
34855fa8-959d-45a2-ad91-8b17019755be,Forcefield,LEB,244,bd6823fb-a696-4e6d-9c5e-3b55dfe03730,3,,Artifact
349f13c9-9a4e-4460-873e-fec58798646c,Bitterblossom,MM2,71,fb868840-09fa-49b1-85cb-b08ad065e972,2,B,Kindred Enchantment — Faerie
34a0203f-9cce-43a4-9cb7-8ce6647895cd,Vampiric Tutor,DMR,108,ededbdae-d9dc-4206-9335-d7158f2d7700,1,B,Instant
34f0f4cb-1ef6-44cd-8cca-1d1e138c0344,Time Warp,STA,85,dbd6a94b-62ff-4a10-9d52-bdd90b26e425,5,U,Sorcery
35148573-7788-4023-a63c-4a09f48273c1,Dimir Signet,SLD,287,7d881c57-0bd9-4c57-aa4a-b10808b86143,2,BU,Artifact
351eea06-f5be-4044-b3b3-cc6bf805abb1,Generous Plunderer,BIG,41,91c835d1-22ca-4c90-9ba6-c8e01bbc0347,2,R,Creature — Human Rogue
3541ff97-f630-44f0-964d-b7d7f9353da5,Painter's Servant,SPG,147,baf93873-35e6-4bf2-bdcc-78a5206422fb,2,,Artifact Creature — Scarecrow
35a335bf-7358-460f-b7c9-1e8bc4300f64,Candelabra of Tawnos,ATQ,43,c7c7bffa-442d-4ba5-b778-ad394c192f27,1,,Artifact
35c3a78d-cc79-4187-929a-8aa1d1469990,Simulacrum,LEA,128,20d69989-7250-40c7-a064-8ed78ccbe556,2,B,Instant
35dbe45e-16df-4ebb-a76a-df24124de23b,Bloom Tender,SLD,284,0c23fefe-9891-4dd8-9bb1-eebdb3274e31,2,G,Creature — Elf Druid
35e56360-6104-48f3-a54d-ad2d4fab900e,"Lu Bu, Master-at-Arms",PPTK,115b,ff959f1f-0982-4761-a6b0-3044dff1d617,6,R,Legendary Creature — Human Soldier Warrior
35f76198-f04c-433b-823f-e99ea54c01ee,Luxury Suite,CLB,602,819e1765-8325-4e6f-89c1-63ea86de369f,0,BR,Land
36204ddd-ddf7-4b44-ae3c-b4a5a41ac9cb,Mahamoti Djinn,LEA,64,c39ea5f9-6ec0-4697-897b-779e326754a7,6,U,Creature — Djinn
362f1fe9-20af-434c-9957-7a1a564d89e6,Hellfire,LEG,105,e7b1975d-9574-4333-8530-33167948078a,5,B,Sorcery
3636ecb1-8bb9-49aa-a40b-c0d0b3b71158,"Loki, Lord of Misrule",MSC,628,20ec130f-05b4-4fbf-a54f-5874ae7ef90f,4,U,Legendary Creature — God Sorcerer Villain
3668996e-659d-413b-84e6-9f3099518d7f,Skullclamp,SLD,1112,65986c1b-8e51-4604-b685-d82fa7d1263a,1,,Artifact — Equipment
367dbefe-3366-408e-9fcf-7dc00f8cc201,Giant Growth,LEA,197,5748ebf1-24e3-499d-ab7c-c2cebd462a24,1,G,Instant
36a94a6d-26b1-4486-9444-ec366e6f4d6e,Air Elemental,LEB,47,7744bae4-a8b7-44a5-9b4c-0048ad4cc448,5,U,Creature — Elemental
36b94d0d-fbe5-4f32-af02-bbe3ab2e234a,Black Knight,2ED,95,9456c5b6-946d-403a-8ed0-dff9f921d98c,2,B,Creature — Human Knight
36f7dc8e-e02a-4ceb-8767-2875f86e6811,Aspect of Wolf,LEB,185,77b7277d-90a1-4774-a998-8c35c3f94e4a,2,G,Enchantment — Aura
3724d842-367e-4bed-8314-fdfa7440f6ec,"Animar, Soul of Elements",PLST,A25-196,725880b2-1675-414f-b61b-cf6533797dbf,3,GRU,Legendary Creature — Elemental
374d7383-a1a7-4eea-91f7-290180e14cc9,Buster Sword,FIN,255,5e060d58-4d6e-425c-b7d4-727669fcce5b,3,,Artifact — Equipment
37634ffe-788f-4262-88e8-5ab7c7ca74d6,Howling Mine,LEB,248,d26b27db-a567-4631-b4b6-7294222fbdd1,2,,Artifact
3766383d-6e3d-472c-ac7b-f3521ee214af,"Sauron, the Dark Lord",LTR,744,9f8f29ba-7e64-455d-be05-ec7973f2bd0a,6,BRU,Legendary Creature — Avatar Horror
376cb9e5-89fb-4091-8a20-140bb6de0ef6,Fire Elemental,LEB,149,3912d21e-1ebc-4a81-9dc9-f404248d564a,5,R,Creature — Elemental
3792c6ef-c4e6-4923-9a51-7d28fbc5c393,Helm of Chatzuk,LEA,246,948e3bb7-8265-4e95-acd1-a0c4f22441df,1,,Artifact
37bc0128-a8d0-477c-abcf-2bdc9e38b872,God-Eternal Rhonas,PS19,163,fc4f2cdb-966c-4576-8b37-b3d138f5710e,5,G,Legendary Creature — Zombie God
37c7890a-86dc-4a97-a7ce-1436fa22d0c0,Web,LEA,228,5aa12aff-db3c-4be5-822b-3afdf536b33e,1,G,Enchantment — Aura
37c9b9d7-2fa7-4710-94bb-c55ee7bf598c,Urza's Workshop,BRC,28,71099427-e110-488f-ab29-7867241fc7f0,0,,Land — Urza's
3826d13f-e10f-4201-b680-51f826ff4ca9,Scroll Rack,CMR,699,648bd03d-247e-4d6f-87a9-12a67688cbf5,2,,Artifact
3836dddd-a7e4-499f-ad49-ce298aa65720,Ancient Copper Dragon,CLB,161,48daee9d-ddaf-410f-8c3a-12fa1064ab56,6,R,Creature — Elder Dragon
3838c2a3-7fab-4976-9c1b-2891aee24e52,Camouflage,LEA,187,9cf44db4-627a-4197-9588-6da72e41f03d,1,G,Instant
38396ae3-a48f-44c7-96bf-ea41b5aaeebc,Nether Shadow,LEB,117,c358b9e2-524c-434b-b3fa-74d2aa6d1df7,2,B,Creature — Spirit
3864813d-e6ae-48d0-8695-1119ac31dd1d,Dingus Egg,SUM,244,1973f1e9-aa14-49dc-bafe-be17b30ba288,4,,Artifact
386ea9eb-abc1-4862-aa2d-8fb808d79490,Swords to Plowshares,LEA,40,b1544f21-7e98-461b-aed5-e748b0168c52,1,W,Instant
38937c61-280e-457f-aef9-43139446163a,Savannah,2ED,281,703243f0-8cb3-420f-958f-5fd4bde30293,0,GW,Land — Forest Plains
38a51e82-cbfc-4487-9a81-6e793e93f545,Regisaur Alpha,SLD,1393,0673f4e0-66ff-458c-b4ba-eb067e560cce,5,GR,Creature — Dinosaur
38cb601b-a35c-412e-b386-e77dad3daa54,Lifelace,LEA,207,eec1de80-4b3d-481d-a235-c299e0381830,1,G,Instant
38d20e6d-4520-4a07-a28b-50f751127685,Drain Power,SUM,56,0669172d-396b-4f5a-9703-129c5c849b55,2,U,Sorcery
38e2b0ff-8fdf-4db0-85c0-c1010bacd36b,Plains,LEB,290,bc71ebf6-2056-41f7-be35-b2e5c34afa99,0,W,Basic Land — Plains
39059423-c4f6-4371-b530-48cdc36e513f,"Mikaeus, the Unhallowed",SLD,490,5d27c63e-d1ef-48af-b51d-01ebc6daeac9,6,B,Legendary Creature — Zombie Cleric
3926ef15-1696-4cc5-b7d8-a50a0bcaf095,Circle of Protection: Green,SUM,11,41b0f347-1398-4778-bf3f-4007d8a77162,2,W,Enchantment
397470c4-7f02-44ee-a18f-00bd950844d4,Verdant Catacombs,SLU,3,67d60b24-d429-4ded-90d9-06e49f28c396,0,,Land
3998ebe6-bbfd-4d9c-9741-2fe7484dc6e5,"Nissa, Resurgent Animist",MAT,72,c1fc5923-c3cd-448a-98d1-c154661c2812,3,G,Legendary Creature — Elf Scout
39a89c44-1aa7-4f2e-909b-d821ec2b7948,Jace Beleren,PMEI,2009-1,cc2b6e58-2d6f-495e-95f3-9496105c4cba,3,U,Legendary Planeswalker — Jace
39b8cf7f-8c40-40e9-8118-e8626c3c6433,"Ma Chao, Western Warrior",PTK,116,023e26d8-b67d-43dd-89b1-8905b1183094,5,R,Legendary Creature — Human Soldier Warrior
39d763bd-b0a9-46ba-bcd2-9304063446f2,Gaea's Avenger,ATQ,33,a4b60080-3f80-4aeb-8bd9-7953e77aaf75,3,G,Creature — Treefolk
3a1e8139-3690-4d4b-80b4-c733b4bbe786,Diabolic Intent,SLD,2563,038519b9-bca8-4b27-b5ac-2409595469d0,2,B,Sorcery
3a91aea3-3d04-4d66-bfbc-b039ccf1eb62,Nazgûl,LTR,726,48a62778-7c11-486f-a0e1-020c283a7ef9,3,B,Creature — Wraith Knight
3aa569e7-0f65-47b7-851f-1377c39f71a9,Harmonize,SLD,7015,7eff84f1-f772-497a-b350-bbc93d0230f7,4,G,Sorcery
3aad15a2-8a1b-4460-9b06-e85863081878,Cavern of Souls,LCI,269,89ca686a-7c72-4d8f-9290-e89635624a83,0,,Land
3ac3a8d8-47a7-4e47-a16c-109aeccd8d1f,Lord of the Pit,2ED,115,ea152809-85a2-4fde-8251-3b1f267e4443,7,B,Creature — Demon
3ae039bf-8e76-41fd-b02f-de2fa79dc788,Crumble,SUM,191,8d6e39b0-a190-40a0-a8e1-ee82f477376f,1,G,Instant
3ae4a761-6203-419c-8d49-499b6e74252c,Gandalf the White,LTR,299,5b3b5f6a-375e-4479-9384-a942eda83f9b,5,W,Legendary Creature — Avatar Wizard
3afebe8a-9f21-4260-8e93-1ab1dff13c09,Ancient Tomb,EOS,1,23467047-6dba-4498-b783-1ebc4f74b8c2,0,,Land
3b087bd4-bbb7-4963-bdb6-0a700ff19a04,Gleaming Splendor,HOB,15,c01aeaa5-1d3b-4493-9575-30175dcd780d,2,W,Enchantment
3b1a98e4-9bc6-416c-801d-141e1bdca54d,Animate Wall,SUM,1,c7a6a165-b709-46e0-ae42-6f69a17c0621,1,W,Enchantment — Aura
3bb8347b-8663-40b8-bdfb-411236d2efc8,"Sheoldred, Whispering One",NPH,73,9218b56d-aaec-482f-99e9-d95d227bfe25,7,B,Legendary Creature — Phyrexian Praetor
3bdbc231-5316-4abd-9d8d-d87cff2c9847,Demonic Tutor,UMA,93,82004860-e589-4e38-8d61-8c0210e4ea39,2,B,Sorcery
3bdcfae4-86c9-4d8a-bcfe-f0a928ec29db,Concordant Crossroads,LEG,179,ff01b408-6d17-40a3-9efd-a1b341ec1307,1,G,World Enchantment
3be9942c-89b3-422f-bb9d-b55f51a22a37,Mana Vault,4ED,334,736892cb-a34b-4bb9-b56c-e26e3db207a2,1,,Artifact
3c0071fb-afa5-47b5-b266-2b10a4f5a98a,Opalescence,UDS,13,59489b46-9d02-4f3c-bcd0-884e7605e9a5,4,W,Enchantment
3c04bbbe-cae0-4ac5-8bd3-ecc95a2b6bd8,Vampiric Tutor,DMR,430,ededbdae-d9dc-4206-9335-d7158f2d7700,1,B,Instant
3c16915b-c50d-4fb5-830f-9ca4597a9c0f,Sliver Overlord,SCG,139,762d864b-69bc-43ac-af2f-e18186010169,5,BGRUW,Legendary Creature — Sliver Mutant
3c1bf210-ecdb-4b49-8504-51360c269e66,Rolling Earthquake,PTK,122,46b96552-830e-4732-9560-9872aeec858b,1,R,Sorcery
3c340ba8-9287-4072-937a-438251b5ff1d,Bloodthirsty Conqueror,FDN,318,fd505c02-c59e-476d-8e88-35da862ddc23,5,B,Creature — Vampire Knight
3c3bf400-31c0-4ae4-8429-0f6fb92cbe9e,Flawless Maneuver,CMM,692,4e183439-17d2-47ff-9d99-5e22821d91e3,3,W,Instant
3c3e6ac4-8ee4-4802-bd86-5480222aba57,Merfolk of the Pearl Trident,SUM,68,218d9277-c179-4de3-9c7f-79b5a6d4fa38,1,U,Creature — Merfolk
3c424086-8122-404d-8c3a-f36d455271a7,Manabarbs,2ED,164,0f1afedd-c60f-454f-b84a-c8117aec0128,4,R,Enchantment
3c429c40-2389-41e5-8681-4bb274e25eba,Mana Drain,2X2,57,74d3277a-38e5-4732-afed-084a56148f20,2,U,Instant
3c66c54b-b2d1-494d-ae10-a950c184a52f,Phyrexian Altar,UMA,232,8d02b297-97c4-4379-9862-0a462400f66f,3,,Artifact
3c7de64b-3dc8-47dd-8999-4353b5a3a06f,Jeweled Lotus,CMR,319,23216e59-f147-4bb7-a698-12777c2f8584,0,,Artifact
3d4255a0-d445-4c00-b936-bbf07851e1c8,Zombie Master,LEA,137,5446c92f-ff22-4e9b-a2f6-e64c8560c1e0,3,B,Creature — Zombie
3d4b9d4e-ab16-4d81-ac15-e84b351ef2dd,Fable of the Mirror-Breaker // Reflection of Kiki-Jiki,SCH,44,c0957e5e-c71b-439c-931c-9f55d2f76ace,3,R,Enchantment — Saga // Enchantment Creature — Goblin Shaman
3d572269-3984-48d2-9705-8fe8afb4a2f6,Flawless Maneuver,ONC,68,4e183439-17d2-47ff-9d99-5e22821d91e3,3,W,Instant
3d68f607-b8a7-465c-a331-282a01916f5f,Crop Rotation,PEWK,2024b,28b46183-c62f-47b1-9fee-3ba148202cab,1,G,Instant
3d89c9be-2489-47e4-8e53-f980c82442b4,Norin the Wary // Norin the Wary,SLD,827,,,R,
3d99587a-7fb1-41fc-b7ea-1178f9625081,"Lumra, Bellow of the Woods",BLB,293,97a84e9d-bfc4-4ca2-b1e8-908dba56ccdb,6,G,Legendary Creature — Elemental Bear
3da61fc1-6201-4823-975f-2d4d9f7f3193,Savannah Lions,2ED,39,60ba93eb-39e6-4af2-9c66-cd38f72daff2,1,W,Creature — Cat
3dbeef5c-f973-480b-a148-28de397b610f,Braingeyser,2ED,51,9908e597-9470-4c13-8387-39431b380138,2,U,Sorcery
3de472d0-cca2-4bc3-ab0a-9f79fa6325ce,Bloodstained Mire,MH3,463,fc0707c7-d504-4ccf-a0d2-3eb6e26e7a57,0,,Land
3df4e7f8-1f40-4e97-8737-be5e2ce0d39d,Birds of Paradise,4BB,234,d3a0b660-358c-41bd-9cd2-41fbf3491b1a,1,G,Creature — Bird
3e64afdc-7623-4b88-a952-45243b4dff79,"Ugin, the Spirit Dragon",SLP,6,eecb3047-a563-441a-9175-200421981ac3,8,,Legendary Planeswalker — Ugin
3ea0c673-7be0-4581-84a8-4d9d61657bab,Island,PAL03,2,b2c6aa39-2d2a-459c-a555-fb48ba993373,0,U,Basic Land — Island
3eb27381-505d-4e47-bf66-9e7ba91a5075,Firebreathing,LEA,150,8603bf74-faab-4910-8e45-0f2e3b318efb,1,R,Enchantment — Aura
3f16e3fe-cc9f-414e-8643-3f66c0ab2536,Nazgûl,LTR,335,48a62778-7c11-486f-a0e1-020c283a7ef9,3,B,Creature — Wraith Knight
3f1b7b3e-3449-4c8f-8eb7-aacc62d9eadd,Spectacular Spider-Man,PSPL,6,eed5e0cc-8f88-4779-bf10-6a823c72df7f,2,W,Legendary Creature — Spider Human Hero
3f2004c1-8efe-407f-bf48-27b807422eea,Forcefield,LEA,243,bd6823fb-a696-4e6d-9c5e-3b55dfe03730,3,,Artifact
3f22dd2f-41c1-403b-a3bc-617d15922602,Shivan Dragon,FBB,177,711eea87-0fa3-46e0-a42b-fa5a86455f04,6,R,Creature — Dragon
3f469cf9-d4dd-4ea5-8ce5-07cc2b0503b1,Palantír of Orthanc,LTR,698,7798a4d9-1c1d-48e6-b9a2-ecd6aec1efa7,3,,Legendary Artifact
3f4ef7a1-148d-44ac-89ed-0ef379cca0c6,Kormus Bell,LEA,256,d2d477a5-f055-4d47-a852-26e8239f2a01,4,,Artifact
3f9b6fcd-129b-4c94-b216-d065485ba736,Fear,SUM,111,355bbe9b-59bf-470f-8600-410af4c7fe18,2,B,Enchantment — Aura
3fdb52dd-4fc5-4594-b53b-ea169325be0b,Goblin Balloon Brigade,LEB,154,10bc98b0-3fdc-46d1-8d3b-6d160e9dd62f,1,R,Creature — Goblin Warrior
3ff26cbe-eb5d-444b-9de2-51dd85d0a492,Vaultborn Tyrant,PBIG,20p,e8d0accc-b320-4c07-8a71-a09db860351e,7,G,Creature — Dinosaur
40064484-3ed0-4724-ba51-6bf3b66cc0ae,Harmonize,SLD,1596,7eff84f1-f772-497a-b350-bbc93d0230f7,4,G,Sorcery
4023a6de-3ac7-488a-b1a9-b1e26681d9bc,Nazgûl,LTR,339,48a62778-7c11-486f-a0e1-020c283a7ef9,3,B,Creature — Wraith Knight
402eea7c-2afe-4e93-9773-3e0424cabfdd,Lance,SUM,27,5960dd01-6797-4c73-b48a-f637b9c288cc,1,W,Enchantment — Aura
4047df9c-335c-4c1a-968d-00f40e2e7386,Mishra's Factory,ATQ,80b,5963e0ef-e0bc-4611-ad4f-813a4c0eacfb,0,,Land
405df7c7-0e37-499e-9826-6bf9f5db7a40,Nuka-Cola Vending Machine,PIP,137,6cfb03e5-aca6-4fe2-a3f1-93e1f0cbf9e1,3,,Artifact
407650c3-9388-45c3-a599-6929c7d6e5bd,Gauntlet of Might,2ED,245,d38ad188-515e-4865-a0ed-5d0fd4c7b453,4,R,Artifact
408ec348-183b-43de-abac-7ae9e3843c10,Vesuvan Doppelganger,2ED,88,aeaccab9-3e2c-4a40-a483-52c4972b2014,5,U,Creature — Shapeshifter
40cee82f-36b2-48a9-930a-8e23cb2742fc,Lifeline,USG,299,f475b636-eb7f-4dd7-bc87-a1af07064ffe,5,,Artifact
410ac9e6-fbc1-4cc8-84db-84e2eb1bab97,Rock Hydra,LEA,171,aff84707-f5f8-4f53-869e-feec78da8d8d,2,R,Creature — Hydra
4116f1c7-9191-4d92-81ca-54d9ae3c8166,"Urborg, Tomb of Yawgmoth",LTC,375,db6174d7-211d-4817-b8e4-8384594c83f9,0,,Legendary Land
412af58e-e46e-4346-aa25-6624f0c3d142,Plains,PGRU,1,bc71ebf6-2056-41f7-be35-b2e5c34afa99,0,W,Basic Land — Plains
412ceddd-2b9a-4551-a6bf-ae2830a2010a,Bayou,LEA,278,b76d1ae6-ad1d-4bac-b4c3-2e03e0e84d9b,0,BG,Land — Swamp Forest
414d3cae-b8cf-4d53-bd6b-1aa83a828ba9,Dandân,ARN,12,88929373-b2c8-4a81-a809-fed87fd5b0d7,2,U,Creature — Fish
416d2d51-8f29-4e95-b037-e8c32b081e6c,Mana Drain,IMA,65,74d3277a-38e5-4732-afed-084a56148f20,2,U,Instant
4176a761-7542-49f2-85c1-95e9ffa54ef3,Shatter,SUM,175,84d32e68-72b9-432d-a023-7bc6a26b8ad0,2,R,Instant
419be5b4-bfff-4761-a3d7-6abcc3894476,Glasses of Urza,SUM,249,af7fabf4-8d55-4b06-9c21-472f4a5775b4,1,,Artifact
41faed1a-ded8-49ee-8e2a-c60d377775d7,Wall of Water,LEA,90,608cc65c-f99a-4ca3-be24-190d2556b411,3,U,Creature — Wall
42027613-d261-4ce2-8ba1-7a2480c660f8,Ali from Cairo,ARN,36,6517edb3-30e2-40ba-b6e4-4554b4bbb342,4,R,Creature — Human
421089c4-c8d3-48c5-b313-fb1741546271,Darksteel Forge,2XM,248,9b3bec05-441f-4fdf-8b51-69fa8613fcd4,9,,Artifact
421395b1-2694-42fd-bb90-0007e78adefc,Ancient Gold Dragon,CLB,3,44cb725a-72fc-4e0d-b966-f0b6d33f6b79,7,W,Creature — Elder Dragon
4218b57c-111d-478c-af38-fd6f971bd2d0,"Sauron, the Dark Lord",LTR,675,9f8f29ba-7e64-455d-be05-ec7973f2bd0a,6,BRU,Legendary Creature — Avatar Horror
4222863c-c851-4ef7-b29f-7111b05bb843,Cavern of Souls,2X2,402,89ca686a-7c72-4d8f-9290-e89635624a83,0,,Land
423084cf-5740-4b24-8abd-a097b5793548,Tiller Engine,DMC,96,62f6baba-da3b-45b8-a3c1-efb75763cca8,2,,Artifact Creature — Construct
4250caec-0e37-41be-9ec4-8938deb5f0d0,Lich,LEA,113,5b7515f2-7a5a-4e2a-9784-6cbacd768172,4,B,Enchantment
425d5bea-9c9a-4e8a-b4bc-02284fb9b5b4,"Clive, Ifrit's Dominant // Ifrit, Warden of Inferno",FIN,318,ceba3d03-be5a-4dd7-b829-7db216a0f44e,6,R,Legendary Creature — Human Noble Warrior // Legendary Enchantment Creature — Saga Demon
426984e0-88e1-4a2d-9a1c-798b95864df3,Scavenging Ghoul,LEA,126,68c0c04e-b0d5-4721-83bf-bf18e8b7e680,4,B,Creature — Zombie
429a88cc-53db-4c5e-a061-f0f49a38c675,Call of the Herd,ODY,231,ee243f81-f51c-4d9a-a396-f7cef84b46c1,3,G,Sorcery
42a24675-d6a1-4e88-a2d1-ddbc1fdde322,Dwarven Warriors,HOC,93,cfc553cd-3b4c-47a9-bffb-e5790befb32c,3,R,Creature — Dwarf Warrior
42b7e6e7-eb3a-41be-8459-b90ea228b3f9,Blue Ward,SUM,7,fc0bf1d0-46a2-4305-ab2e-466d79d60ab2,1,W,Enchantment — Aura
42bc0c3f-0a52-4bdc-83da-6484bf3102f3,Erhnam Djinn,ARN,48,d48a38c9-3dcd-4c18-8840-1b057ede3ff0,4,G,Creature — Djinn
42c2bbae-ec08-4846-9940-64a0c47b4e25,Finale of Devastation,PWAR,160p,69872a9a-fe54-4e58-940c-89395af71acd,2,G,Sorcery
42dcceee-2a47-4eaa-a6a3-2931b3d50244,Maze of Ith,DRK,117,38a12bd7-4394-44a8-91a0-6a4ff7fa4f71,0,,Land
4311bea6-a65c-4c1b-9596-797cc3410eb7,Terror of the Peaks,PSPL,1,f8e17f4f-080d-4bba-bd05-ca27e94ccecc,5,R,Creature — Dragon
432ecd5f-966f-4403-a973-51e175a524a0,Terror of the Peaks,M21,164,f8e17f4f-080d-4bba-bd05-ca27e94ccecc,5,R,Creature — Dragon
43572906-ea74-4411-a549-5dc401591d2a,Bad Moon,LEA,93,fc5d3341-cbce-49e5-93cc-8add92479dca,2,B,Enchantment
4367bc78-0912-4abd-8edd-bc792558d01a,Academy Rector,UDS,1,e3c85068-b4b6-40b9-a16c-5c3b2d059ec4,4,W,Creature — Human Cleric
43842b53-4d63-45e7-8247-751a7f09fb35,Ad Nauseam,SOA,90,981b0e21-e5e6-4a1e-bfde-679d56623f7f,5,B,Instant
43bf015b-152e-4d67-b773-e75fb2487a32,Volrath's Stronghold,STH,143,73b8cf90-3c71-4f8b-a29f-61894b7f27c9,0,B,Legendary Land
4407fb95-0ed2-4c95-91b9-09eb52bf537e,Wheel of Fortune,2ED,184,a8abd966-de7b-46a3-8ac7-8747ab35653a,3,R,Sorcery
443d4177-2db8-4327-b42d-82557656c159,Unstable Mutation,SUM,86,278b237e-9699-43eb-a03e-0b68eccc08b3,1,U,Enchantment — Aura
44407660-79ed-442d-a215-d388c27c5130,Chronicle of Victory,ECL,346,e949b362-4988-4482-ac51-c1049af9040c,6,,Legendary Artifact
44657ab1-0a6a-4a5f-9688-86f239083821,"Birgi, God of Storytelling // Harnfel, Horn of Bounty",KHM,123,fb81e4d3-1d8c-4779-be62-87cf49277e51,3,R,Legendary Creature — God // Legendary Artifact
44dcab01-1d13-4dfc-ae2f-fbaa3dd35087,"Elesh Norn, Mother of Machines",ONE,10,5ade11c0-41dd-4b6a-9f5b-c5903a3a0d7f,5,W,Legendary Creature — Phyrexian Praetor
44f4cea0-8491-4475-a4ac-8c7cc9fea142,Erg Raiders,SUM,109,7feba745-7d27-4225-bc9d-9b7a8692872d,2,B,Creature — Human Warrior
45026d57-0324-4312-8b86-2e7d4f581ee9,Marsh Flats,ZEN,219,dab520d0-20b4-4273-ba6b-eb07f85ea433,0,,Land
4509adb6-f1ea-4369-9e11-cba60fd5449a,Radagast the Brown,LTR,740,dfa47d0d-17f0-4a12-89d3-0d3c7f3db8c6,4,G,Legendary Creature — Avatar Wizard
450d2a6a-0576-44c3-ba66-3a64f5e65fcf,Forest,SUM,304,b34bb2dc-c1af-4d77-b0b3-a0fb342a5fc6,0,G,Basic Land — Forest
45617b0f-fdac-4747-b2d3-d571b717008f,Cyclonic Rift,SLD,1869,d75b9c82-1b49-4c3e-a1b5-aeef57d6644b,2,U,Instant
456a2f03-8304-4512-804c-76653e30f436,Mana Drain,2X2,348,74d3277a-38e5-4732-afed-084a56148f20,2,U,Instant
45812af9-191b-449a-b9a4-74bedd4860e6,"Solphim, Mayhem Dominus",PONE,150p,895f23a2-55b7-4cc0-8939-2efaaf097e6f,4,R,Legendary Creature — Phyrexian Horror
45e70109-0352-45fc-a2fd-892ca65cac2f,Deflecting Swat,CMM,698,ae120613-97d6-4393-b39d-c3e6c076f5d6,3,R,Instant
46652ae3-6572-4296-939b-0789923180d5,Zodiac Dragon,PTK,131,e5c2cf0f-c1c0-4fd6-9b5f-7d4aa25246a7,9,R,Creature — Dragon
46a62dc3-b864-4e8e-bd6c-510ca054608e,Torment of Hailfire,PHOU,77p,30a0a6c2-1fbb-4784-ab96-22611d57e62c,2,B,Sorcery
46b0a5c2-ac85-448e-9e87-12fc74fd4147,Ancestral Recall,LEB,48,550c74d4-1fcb-406a-b02a-639a760a4380,1,U,Instant
46ca9523-e126-467d-9d78-823d2e89837d,Plains,PALP,14,bc71ebf6-2056-41f7-be35-b2e5c34afa99,0,W,Basic Land — Plains
46cf22e4-cc5c-4723-a9cb-ae7ce7a55a1a,Reverse Damage,LEB,36,eaaf7c30-f463-4115-a40e-7dc717063413,3,W,Instant
46f66347-a9b5-4f5d-986f-3fb43413f899,"Klauth, Unrivaled Ancient",SLD,2499,8cefa5d6-5151-4e75-8b72-f210a4c751ea,7,GR,Legendary Creature — Dragon
470ca3f4-29aa-4c4c-8ff2-8cdd70c69943,Field of the Dead,M20,247,aa959340-c869-4caa-92c7-572bd8d23eef,0,,Land
472034a2-0ba9-4876-ab7a-aa7013d603bb,Scrubland,3ED,286,c8d95ca8-7d12-4072-aeaf-e20f248c7e39,0,BW,Land — Plains Swamp
4736a2c4-c89c-48db-a104-6303e7e2eee8,"Purphoros, God of the Forge",CMM,246,4fdbbec2-e921-4b63-958d-f9ba1e417197,4,R,Legendary Enchantment Creature — God
473d70b6-a88c-49f4-9415-19919c4468ae,Gwendlyn Di Corci,LEG,228,de44e7c8-01f9-44f9-9716-9e8a5b82b1ff,4,BRU,Legendary Creature — Human Rogue
476d3cfa-6cf4-4212-86c4-abf46d4564fe,Red Ward,SUM,33,73f84440-425f-4cf5-b01a-3ae89f1f6e37,1,W,Enchantment — Aura
477a1f53-5cdf-4b45-b584-2e36b31a3fdb,Rishadan Port,MMQ,324,f3e8dc56-2810-474e-a6a7-9c3555f94ae9,0,,Land
47a59a26-e061-4b7c-b682-587c7fec67e1,"Deadpool, Trading Card",SLD,7127,4b96c22a-0d5b-44fd-b326-5f3ffcc3917b,4,BR,Legendary Creature — Mutant Mercenary Hero
47a6234f-309f-4e03-9263-66da48b57153,Solitude,MH2,32,dcb9c2a7-ae54-4ddc-a567-640bf4bf4366,5,W,Creature — Elemental Incarnation
47a6c502-08ba-4c0d-aee9-98ce40058227,"Karlach, Fury of Avernus",SLD,1802,037355be-71e7-4866-80a6-80352c304970,5,R,Legendary Creature — Tiefling Barbarian
47dd5c4b-5972-43e1-ae2a-ebf275006458,Yavimaya Hollow,UDS,143,53d6113d-acdb-4754-9641-f7991a96c7b9,0,G,Legendary Land
4800ebc2-d5a7-4c26-a2f7-943a540ae47e,Admonition Angel,SLD,154,78a7bb30-fc60-410c-b086-862b5521c1aa,6,W,Creature — Angel
483fa1cb-1e35-44f2-a143-98c0f107f5ca,Teferi's Protection,2X2,32,0d4ecdb1-ec90-497f-a7a4-1c68092b8757,3,W,Instant
486d7edc-d983-41f0-8b78-c99aecd72996,"Otawara, Soaring City",NEO,271,e9b6a394-691c-425a-9307-76d8edc7375e,0,U,Legendary Land
48b25568-46e9-4f4e-a4b5-7f371314e49e,"Azusa, Lost but Seeking",SLD,1597,6c2c8bf3-9bf8-4a86-89d3-3bb36260dc51,3,G,Legendary Creature — Human Monk
48c5b98d-73cd-4b69-9933-4867da6e8389,Bloodletter of Aclazotz,LCI,336,469956a2-7cd4-4695-b8f4-c841526f160d,4,B,Creature — Vampire Demon
48e40927-dd87-42ed-b805-0ae8ba81f5fb,Morphic Pool,CLB,357,bd004c9d-771e-4e63-a97d-a2259c096af8,0,BU,Land
48e8f8c9-7e59-43a3-b8e7-c8515fd4b3eb,"Codsworth, Handy Helper",PIP,366,f496ff42-3644-494a-9f21-27f781ee880b,3,W,Legendary Artifact Creature — Robot
48f0a970-452a-405f-bd4d-ac4d2e89ab40,Scalding Tarn,ZNE,7,cb027150-848c-4a66-88ad-e20222304dd8,0,,Land
490eeedb-9c03-4dc7-81fd-ae54a7932e4d,Kobold Overlord,LEG,155,5839bc83-868e-402a-9233-ad3d2871ac6d,2,R,Creature — Kobold
49129453-1fe8-47de-b6aa-5b92d3d74c99,Sylvan Library,DMR,441,92eed395-62ca-4293-882b-8565c40daab5,2,G,Enchantment
4923062a-91d3-4132-b97c-42139d330d44,Steam Vents,RVR,298,17039058-822d-409f-938c-b727a366ba63,0,RU,Land — Island Mountain
492fa77b-d103-446f-95d0-e4b11dfac05f,Wooded Foothills,MH3,361,6587a463-a108-4854-b6d1-944e89b8c8a4,0,,Land
492fe79b-7af2-4911-8497-cbee8d529d18,Tiamat,AFR,298,f00e4df1-13fb-4514-8abb-92954068689a,7,BGRUW,Legendary Creature — Dragon God
49411808-630f-4bb4-af52-137932adcd7c,Great Furnace,SLD,303,f4819061-b0b5-48ab-af7b-6525c3d2eab7,0,R,Artifact Land
49515199-f53c-4595-94ba-3a3e46b86372,Scalding Tarn,SPG,112,cb027150-848c-4a66-88ad-e20222304dd8,0,,Land
497f3315-13d2-41be-bf3a-a75de57a5e08,Quantum Misalignment,WHO,368,197582b9-4c86-41a3-ad0c-789a0db8e087,5,U,Sorcery
499c2b20-e83e-40ff-919e-1d134ad50c0a,"Agadeem's Awakening // Agadeem, the Undercrypt",ZNR,336,562d71b9-1646-474e-9293-55da6947a758,3,B,Sorcery // Land
49b22665-1501-420a-82ad-f71f6768bcf8,White Ward,LEA,44,860468b3-625a-4663-a5ae-336ae10fc7d0,1,W,Enchantment — Aura
49dcda11-4200-4ee2-b353-2321282463be,Sedge Troll,SUM,174,a6a43190-cca2-4f07-afe9-8af681d777da,3,BR,Creature — Troll
49fcf47d-0f1d-469e-a8c4-d5c97be7a1ef,Sunglasses of Urza,LEB,272,eea64b1f-d6a9-4f72-8612-efab4b124b63,3,,Artifact
4a184a4a-2c8c-4a10-9b26-a174859fa1e8,Blasphemous Act,SLD,322,7a2484a9-04fd-41a0-8224-610c1c07ed10,9,R,Sorcery
4a1f905f-1d55-4d02-9d24-e58070793d3f,"Atraxa, Grand Unifier",ONE,196,abbcb153-0763-44c6-964f-b4ff0eb64257,7,BGUW,Legendary Creature — Phyrexian Angel
4a289787-2d30-4e0b-ac97-3767818d0387,Warp Artifact,LEB,134,f4b18451-1f40-48bd-8ca9-eec784ad5dd7,2,B,Enchantment — Aura
4a2e428c-dd25-484c-bbc8-2d6ce10ef42c,Black Lotus,2ED,233,5089ec1a-f881-4d55-af14-5d996171203b,0,,Artifact
4a4ca473-3000-4e98-9881-03372c4f79a5,Gleaming Splendor,HOB,239,c01aeaa5-1d3b-4493-9575-30175dcd780d,2,W,Enchantment
4a4d851b-1fa9-4f5d-a8f6-6967b1ee5b50,Rise of the Eldrazi,CMM,716,982f70af-077f-40df-b2fe-7c80ebcc7712,12,,Sorcery
4a77e0f1-449d-4a7d-9fa0-ba7598f7a73a,Jade Monolith,LEA,252,1e105ab7-fb10-4cfd-ac2f-5e11488cf1b0,4,,Artifact
4a80fbb2-4b3a-46fc-b105-09e512bc414a,Teysa Karlov,SLD,1235,644eeefd-e684-4ca8-8aef-a892ca130c07,4,BW,Legendary Creature — Human Advisor
4a98ada6-923a-44a5-bdef-ea6a160b481e,Living Wall,LEA,258,4844312c-3c9d-4ca1-986d-4ad35e68454e,4,,Artifact Creature — Wall
4aaac603-6c4f-46fb-85f4-d6b51c966524,Kaldra Compleat,PSPL,2,7359e82b-db79-488d-a1d4-75a00f12a4cf,7,,Legendary Artifact — Equipment
4aeebaea-a2b2-48a3-8bd3-b605684d41b6,Air Elemental,SUM,47,7744bae4-a8b7-44a5-9b4c-0048ad4cc448,5,U,Creature — Elemental
4b60630c-f97c-43be-8410-53a68613b735,Will-o'-the-Wisp,LEB,136,8b60fcfe-fb90-4a00-a708-25b59bfc9b5a,1,B,Creature — Spirit
4b73009e-1ded-4614-af7a-0ad8e2afa7b1,Burnt Offering,SLD,7047,86eb30a0-0beb-42db-9ddf-cf8be6c99dd3,1,BR,Instant
4b81c23e-8177-4a0c-907c-23b2ab359417,Goblin Mutant,JP1,1,540e1371-baa9-412f-a17a-22ea833ea3e8,4,R,Creature — Goblin Mutant
4b851c17-55ed-4671-b471-dc7b34944432,Show and Tell,USG,96,b83a3ba0-249e-4c39-bbf0-cb005413f7d2,3,U,Sorcery
4ba2f8c2-0cba-4bd5-abb3-cdb2b7026cde,Circle of Protection: Red,SUM,12,df2738fe-9cd1-4347-8808-105fcfde1190,2,W,Enchantment
4ba4c892-fe7e-4d0c-bce4-724eb4744831,Sword of Feast and Famine,ACR,124,d0901053-6de0-46d0-9ee3-8d40510236c1,3,,Artifact — Equipment
4ba8325a-1203-4125-9111-94d9e2b1f14b,"Squee, Goblin Nabob",MMQ,214,0ef760f4-bbec-4735-8d60-fc24d973452a,3,R,Legendary Creature — Goblin
4ba8493c-ae69-48d1-a050-a887ae27c83f,Northern Paladin,LEB,30,f5975294-508a-453e-893a-2fbea2487d17,4,W,Creature — Human Knight
4bdc1632-6824-4059-a6bd-bce9cd4a02f4,Voidmage Prodigy,P03,1,7e2cacae-2934-4ff5-81c6-dfce7a2820ef,2,U,Creature — Human Wizard
4c27c6ac-889f-4591-8789-4a6f1a264d98,Palantír of Orthanc,LTR,381,7798a4d9-1c1d-48e6-b9a2-ecd6aec1efa7,3,,Legendary Artifact
4c2fd7bd-6528-453b-b55d-a708967b14e8,Bitterblossom,SPG,133,fb868840-09fa-49b1-85cb-b08ad065e972,2,B,Kindred Enchantment — Faerie
4c44abab-85ff-4196-a739-8e363df84aef,Jeweled Lotus,CMR,695,23216e59-f147-4bb7-a698-12777c2f8584,0,,Artifact
4c5ffa83-c88d-4f5d-851e-a642b229d596,Fierce Guardianship,C20,35,d09c9cba-fdd2-479b-ad5d-d05181c3e3f9,3,U,Instant
4c7f0ea5-a142-4157-b85d-ec49dd79adf6,Mana Drain,OTP,11,74d3277a-38e5-4732-afed-084a56148f20,2,U,Instant
4c85d097-e87b-41ee-93c6-0e54ec41b174,Blacker Lotus,UGL,70,41dd29b9-f08d-4ccc-8dc0-da11d2d456e9,0,,Artifact
4c8e9f5c-deba-4443-bf9d-fb2be75c5418,Obsianus Golem,LEA,267,ac41171e-c454-49e9-9004-c082ae099630,6,,Artifact Creature — Golem
4c91dbf4-94fa-45d0-b8ed-a778b11d789b,Battle Angels of Tyr,CLB,9,c2bd0c24-3973-48bc-a591-3779e3640c5d,4,W,Creature — Angel Knight
4c92756f-1dc2-49be-bb38-0f8cf10079fa,Tainted Pact,STA,33,1a85ba2b-ae10-4917-954a-7709b75a9740,2,B,Instant
4c973008-913d-4e9f-8a99-37b748cb996b,Bruvac the Grandiloquent,RVR,418,274b999f-f193-48fd-9a4a-0fdaf535e6c3,3,U,Legendary Creature — Human Advisor
4cbcf6db-52e5-4e7d-87af-b6980f25930b,Titania's Song,SUM,220,30ac0f06-3dd3-4827-8136-4cf8adbf9b12,4,G,Enchantment
4cd54279-57f5-4cd9-b524-4f094bd2fc36,Exquisite Blood,AVR,102,8f933fae-6c0c-42d7-a817-14760d8285cd,5,B,Enchantment
4cee07c5-0651-4dfb-861d-3fd016e3bf63,Nevinyrral's Disk,4BB,338,96230edf-568a-47dd-b877-9d92aa58fac8,4,,Artifact
4d227cd3-ebfe-4dd3-929a-4f8ff7c8981e,Blightsteel Colossus // Blightsteel Colossus,SLD,1079,,,,
4d2354ee-2ce0-4adb-b48c-0e30b952e545,Orcish Artillery,LEB,166,c000811e-bde7-4840-a3bb-9714d5c977eb,3,R,Creature — Orc Warrior
4d393cc4-0e6b-44fe-a74a-822c52678ec9,Luminous Broodmoth,IKO,371,28c7c816-07e7-42fb-923c-bf149ba28b38,4,W,Creature — Insect
4d3dce0f-2168-4f63-b2f9-156a11beeea7,King Suleiman,ARN,6,97f548b1-6398-4dc7-b5eb-da5a3f24ddb7,2,W,Creature — Human Noble
4d6c0dc6-ab2e-4ab5-951a-1ddd6698e80e,Bitterblossom,WOT,72,fb868840-09fa-49b1-85cb-b08ad065e972,2,B,Kindred Enchantment — Faerie
4d960186-4559-4af0-bd22-63baa15f8939,Mana Crypt,2XM,270,2c63e4e1-89d2-4bc6-a232-94e75c4b1c8a,0,,Artifact
4d9715c2-9036-4ae2-a5b4-1b190d50c963,Powder Keg,UDS,136,ca1144c2-49a3-49b4-9085-3094141769ea,2,,Artifact
4da4f9a8-024b-4707-b300-ccb11bd87cea,Mana Short,LEB,66,48207d1c-448a-4e1b-974a-642dfea75933,3,U,Instant
4da892c5-071f-416f-9e42-c4bff102eb88,Mox Pearl,LEB,264,824597b8-c89a-47ec-8526-7efc6e24ef0e,0,W,Artifact
4db44dd2-6bb4-4f0b-8bab-c0d89ba7f2ca,"Elesh Norn, Mother of Machines",ONE,298,5ade11c0-41dd-4b6a-9f5b-c5903a3a0d7f,5,W,Legendary Creature — Phyrexian Praetor
4e4daeab-d8ee-409c-8817-10d618650784,Terror,SUM,132,b81f041d-98db-4408-9472-c483e4a502bc,2,B,Instant
4e50454c-3927-4e7e-b4f6-7f5d5fd9b913,Birds of Paradise,2ED,187,d3a0b660-358c-41bd-9cd2-41fbf3491b1a,1,G,Creature — Bird
4e5fa88e-1ba5-4166-a7c3-cead597c65b8,"Azusa, Lost but Seeking",SLD,1234,6c2c8bf3-9bf8-4a86-89d3-3bb36260dc51,3,G,Legendary Creature — Human Monk
4e6bf56e-2d74-4e4d-a667-885853979377,Master of the Hunt,LEG,194,cdf89ad2-ce08-4708-88c2-8acdc861526d,4,G,Creature — Human
4e8397e6-d13a-4996-8fde-b8a9895de287,Marsh Flats,MH2,476,dab520d0-20b4-4273-ba6b-eb07f85ea433,0,,Land
4e91d96d-cc69-439b-b876-a7d57039022c,Jeska's Will,CMR,187,0fd114c4-092b-4e28-b0dc-ef529f3bc73e,3,R,Sorcery
4eb064da-aba8-445c-bde7-e0f2172b3176,Consecrated Sphinx,SLD,1657,311a449d-dc74-46e6-9a47-6a597931f736,6,U,Creature — Sphinx
4ecb1362-9a67-4d4c-8d69-9ac2ebf4d0b0,Lifeblood,LEG,27,a205cbbf-b16f-44c0-9299-175c36cd86db,4,W,Enchantment
4edcf8eb-d0b0-4aec-bec0-64c56982cdce,Smaug the Magnificent,HOB,229,c53b7602-5e36-4900-896c-844bf6eac22e,4,R,Legendary Creature — Dragon
4eebf042-61e1-4b2a-a90e-fd8de18bfa3a,Mind Twist,FBB,117,78f9c223-9982-4282-a496-a6f892f0a5bf,1,B,Sorcery
4eec0470-82bf-4a07-a7d9-e5d40a518041,"Emrakul, the Promised End",SLD,1160,4e7a8817-1a66-45c3-ade9-eac79b40b89f,13,,Legendary Creature — Eldrazi
4ef603c2-b09c-40e9-b3ab-fceb4964aafd,"Yawgmoth, Thran Physician",DMR,315,a1e232c0-dc38-47be-a5a0-f68bc1d86a29,4,B,Legendary Creature — Human Cleric
4f009d4a-3b50-40ae-b52e-0b9535049265,Chord of Calling,SLD,1595,6789a170-f2c5-4fc0-8a45-2b2361e67410,3,G,Instant
4f67aa6c-6dce-47f7-9a8e-b8970b3c121e,Voice of Victory,PTDM,33p,b12cbda1-ac09-49eb-96b3-a4df27bc37ea,2,W,Creature — Human Bard
4f72e9e2-ed47-40ff-bc2e-8446ef545022,Goblin Sharpshooter,C13,111,d81285b7-a718-411a-8be3-ecc0cfe0bcb0,3,R,Creature — Goblin
4f7e8366-82ba-4df0-b9df-7d0aa9b972eb,"Cao Ren, Wei Commander",PTK,69,99cbc054-2757-4c07-ad04-9ac67dad4abc,4,B,Legendary Creature — Human Soldier Warrior
4f915cf0-6273-4896-bf24-fb0ec17b6096,Phyrexian Tower,USG,322,1861e642-21d5-4232-89f3-b5557f2946c1,0,B,Legendary Land
4fafd3f9-f7de-4d6e-8824-6b60866fc50f,Red Elemental Blast,LEB,170,bb329a5c-b9f9-4973-a53f-090024146325,1,R,Instant
4fbb25bc-7071-40eb-bea6-16387db164a7,Demonic Attorney,2ED,103,65a9f643-063f-406a-8d5a-5ebbe0f04c3d,3,B,Sorcery
4fc89e7f-f2a4-41a6-a948-17b230545fe9,Cruel Tutor,PLST,POR-87,d9353eb6-c7e7-4d85-a0c2-32b1d091881a,3,B,Sorcery
4ffcef6f-4498-4f2a-8557-caaecb5593a3,Sylvan Library,SLD,2058,92eed395-62ca-4293-882b-8565c40daab5,2,G,Enchantment
4fff6e6f-4ebd-4ec8-9443-59efb22d376c,Resurrection,LEA,34,837417d8-8260-486d-a3ed-3b5711eaf34a,4,W,Sorcery
503256f8-3aab-49d0-b78b-6502aa29ce52,Rasputin Dreamweaver,LEG,253,fef452ee-9018-4175-bb79-476544e48433,6,UW,Legendary Creature — Human Wizard
504a69eb-3c2d-4bb1-b117-252b15acf0c2,Mana Confluence,JOU,163,d0ee5bdc-2b69-4b73-9a20-ffcc18783b29,0,,Land
507dddd9-6576-482d-86c9-88564723b554,Wall of Stone,SUM,184,cd4cadb4-3156-49bd-b36e-12ba5c85938b,3,R,Creature — Wall
50abfba8-c9f9-4ebf-965a-4b425fe83129,White Knight,LEA,43,ddb021df-ae4a-4ac1-8353-d0b375761714,2,W,Creature — Human Knight
50b0f731-6af5-45cc-a6a4-577c015dc6bd,Hypnotic Specter,4BB,142,759af941-f6a3-4726-91f2-9b1e4e55ea71,3,B,Creature — Specter
50baf426-ea0a-4875-8fd2-1d45657c74ef,Winter Orb,4BB,358,1dcbd583-3388-4b34-a7cd-131648aa6abd,2,,Artifact
50bf546a-83ac-470f-a5c7-2b214d18f5c1,"Michiko Konda, Truth Seeker",SLD,259,fbe190eb-fd4b-40e7-9a17-48c96b60f653,4,W,Legendary Creature — Human Advisor
50dc7fc1-cb6a-4c68-b993-1a25cf16226e,Shatter,LEA,173,84d32e68-72b9-432d-a023-7bc6a26b8ad0,2,R,Instant
50f8e2b6-98c7-4f28-bb39-e1fbe841f1ee,"Ojer Axonil, Deepest Might // Temple of Power",LCI,158,d3b7b541-6f05-46c1-8031-c848c4bd4635,4,R,Legendary Creature — God // Land
50fc5b10-6215-48a9-8993-b61681f61186,Swords to Plowshares,2ED,41,b1544f21-7e98-461b-aed5-e748b0168c52,1,W,Instant
510840f4-7c0e-4b47-8ebf-23c20cac4bd9,Sengir Vampire,LEA,127,749141aa-f6c4-4ad8-b146-406e68ae9b0b,5,B,Creature — Vampire
5129b422-7a35-4bc5-b14b-c814012a0d8f,Goblin Balloon Brigade,LEA,153,10bc98b0-3fdc-46d1-8d3b-6d160e9dd62f,1,R,Creature — Goblin Warrior
5140d5d0-15ad-45b2-8ae8-aa53b1cd8132,"Ojer Axonil, Deepest Might // Temple of Power",LCI,317,d3b7b541-6f05-46c1-8031-c848c4bd4635,4,R,Legendary Creature — God // Land
51477c65-1fc6-4a0c-986f-d51d4e36bc1a,Swamp,SUM,298,56719f6a-1a6c-4c0a-8d21-18f7d7350b68,0,B,Basic Land — Swamp
514ad860-dff2-45f2-ad5c-77c776c1cf74,"Y'shtola, Night's Blessed",FIC,207,3268251a-8292-44f9-9267-c961b182f739,4,BUW,Legendary Creature — Cat Warlock
5159a2cd-036c-482e-9b5a-b595391deef3,Black Vise,2ED,234,de7839fb-7040-48ab-a6d4-d1952972943d,1,,Artifact
51662253-789f-4a02-9937-688e36775024,Plains,LEA,287,bc71ebf6-2056-41f7-be35-b2e5c34afa99,0,W,Basic Land — Plains
51879585-9cdf-499b-b7cc-226319c74a0c,Ultron the Annihilator,MSC,668,33f2c6cb-f864-4bee-b365-aedf33fbedf5,5,B,Legendary Artifact Creature — Robot Villain
51ccdca0-2c29-4b5c-ba5a-364cc6945801,"Dong Zhou, the Tyrant",PTK,109,a1da64bc-8cff-4c89-9b9c-db0ddff5abc4,5,R,Legendary Creature — Human Soldier
51f8f6e1-a451-4262-90d3-5107caf54175,Howling Mine,LEA,247,d26b27db-a567-4631-b4b6-7294222fbdd1,2,,Artifact
520db5fb-d961-45a3-af74-6f054b8be3ab,Eureka,LEG,185,917f2b4b-79ec-4ded-b4c8-cbcf363cb23b,4,G,Sorcery
5249f9dc-d5e2-4e1f-b7da-8fcbf574f276,Omniscience,WOT,70,730e39e6-c61d-48b5-8827-bfd952bf1be7,10,U,Enchantment
52593d64-182f-45ff-82c6-fb7649d36736,The Meathook Massacre,MID,348,127de52b-df75-4342-95a0-20d84c5bf916,2,B,Legendary Enchantment
5261e0f6-55bf-4d45-92ea-7acbab41162c,Cavern of Souls,ZNE,22,89ca686a-7c72-4d8f-9290-e89635624a83,0,,Land
52ea0f54-cf21-4d7d-af19-d6dc861e0b76,Displacer Kitten,SLD,2506,09ef446c-a13d-49d9-a94c-cd5f5a2d440b,4,U,Creature — Cat Beast
52ea4387-f23c-430c-99d6-0248a4ab1713,Sinkhole,LEB,130,5a46ad2a-35b1-4dd5-b7c3-fec36b7c67ab,2,B,Sorcery
52ea8286-225b-4990-981a-6b8c49748794,Trinisphere,SLD,1485,69d994f2-b8f6-425f-9655-977c2144d40c,3,,Artifact
52eef0d6-24b7-40b7-8403-e8e863d0cd55,"Bristly Bill, Spine Sower",OTJ,157,d3b2d8a2-d3bc-448c-9cf6-6bead6010c28,2,G,Legendary Creature — Plant Druid
52f22229-95d4-4a84-a581-e23816db2494,Phyrexian Tower,MH3,355,1861e642-21d5-4232-89f3-b5557f2946c1,0,B,Legendary Land
52f5a19f-16e4-4d35-89e1-969ac8202f88,Hurricane,LEA,200,9c021685-4017-49c7-9f58-2ae0243361a0,1,G,Sorcery
52ff493a-6336-416e-af5e-1eb6d10c080e,Plains,LEB,289,bc71ebf6-2056-41f7-be35-b2e5c34afa99,0,W,Basic Land — Plains
530a26f1-cf7a-4e56-886b-6799b057c739,The Fifteenth Doctor,SLD,1584,90aa8344-ffc7-4a1a-a02a-80eceb1babe5,4,RU,Legendary Creature — Time Lord Doctor
530be94d-7f6a-4c23-948f-22c5bdbceb4f,Contract from Below,2ED,97,9e0ed4b0-28b5-44be-ab83-f1e8eb07138d,1,B,Sorcery
531cba81-afd7-4be4-adec-87edb77ba2a9,Archangel of Thune,M14,5,4f2d4538-dc1d-4c09-964b-b0d7c240fb7d,5,W,Creature — Angel
532746e2-f822-4920-ab31-94e0c8baaa84,"Kinnan, Bonder Prodigy",IKO,338,8d11aa49-d4cd-48b1-aa0f-8548fa733416,2,GU,Legendary Creature — Human Druid
5371142e-bafc-4259-b86a-16902c4a6404,Sea Serpent,SUM,78,c16495fc-784d-4bac-9a68-ed437008df73,6,U,Creature — Serpent
5396b405-6fa0-43d7-a8f6-f64154e95e98,Force of Negation,2X2,346,ac2173f9-f223-440a-9231-fd98762bdc6f,3,U,Instant
53b11c30-1c4e-4238-9d42-2e1480df60c1,"Ugin, Eye of the Storms // Ugin, Eye of the Storms",TDM,382,,,,
53f5c55d-09e5-49dd-906c-0f48a79b4c15,Swamp,SLD,361,56719f6a-1a6c-4c0a-8d21-18f7d7350b68,0,B,Basic Land — Swamp
54039c4b-23c7-4e2c-8bd3-7a28714244b8,Nettling Imp,SUM,119,c58dfcbf-49e6-4ef0-bd31-ebd81b0cfa41,3,B,Creature — Imp
543e99bd-04dc-4bf9-87df-86a810135dfe,Allosaurus Shepherd,2X2,365,98295bdc-db58-4e1f-ad4c-63092aea207e,1,G,Creature — Elf Shaman
544a7138-eae8-4ff9-9e17-680bfa717183,The Hive,LEA,272,87a77482-f286-4fb1-b179-85b2095bb768,5,,Artifact
546e0452-5304-41fa-9e3a-a3fa5a571315,Urza's Mine,2XM,370,33e85a8a-86df-4cdc-a9cc-8cbabe92c3c0,0,,Land — Urza's Mine
547872bd-d2b3-4c24-b3fb-481e0c90c3c0,Bitterblossom,UMA,85,fb868840-09fa-49b1-85cb-b08ad065e972,2,B,Kindred Enchantment — Faerie
547e3aa5-d88a-4418-ab9d-dd65385f031b,Mox Opal,2XM,362,de2440de-e948-4811-903c-0bbe376ff64d,0,,Legendary Artifact
54992fda-45a9-4ed1-b380-34d167feec90,Time Walk,LEB,84,d0209d3f-3f7e-4fd5-bce5-10bce6f29c86,2,U,Sorcery
54c5c65a-a444-4e0f-ae44-a3722cdd32a1,Taiga,3ED,287,22e3cf1d-3559-4ce1-954c-8dc815342979,0,GR,Land — Mountain Forest
54ced5cf-b51a-4dab-97f7-50fb18e5c463,Arid Mesa,MH2,475,c5acf2a5-40f4-433d-a74d-1cb56c521464,0,,Land
54d7a0c1-efb4-4a8d-ad92-a96d43835052,Necropotence,ICE,154,94a844d2-0574-45a7-b347-e0e329767c42,3,B,Enchantment
54dccbc0-528c-4e99-a6db-f2373978fe5f,"Birgi, God of Storytelling // Harnfel, Horn of Bounty",KHM,311,fb81e4d3-1d8c-4779-be62-87cf49277e51,3,R,Legendary Creature — God // Legendary Artifact
55073560-e52c-4f03-a260-57cf084b3478,War Mammoth,SUM,228,b2a8fcf9-2ec2-40a9-9955-90f8605b11a3,4,G,Creature — Elephant
55251b3d-b408-4612-b53d-c90ef26ea57d,"Emrakul, the Promised End",INR,481,4e7a8817-1a66-45c3-ade9-eac79b40b89f,13,,Legendary Creature — Eldrazi
552bb59c-085f-4caf-8430-ba6e2888ea6d,Archaeomancer,SLD,283,a91a3266-cadd-47a0-9b20-160307f14c07,4,U,Creature — Human Wizard
554362d7-97b3-4a55-9292-15e90435088d,Gaea's Liege,LEB,197,8d134a60-e1e5-4163-8bdc-36af91567185,6,G,Creature — Avatar
55454150-de1b-4921-9c23-7d10724c2ee7,Verduran Enchantress,2ED,223,cd98a31b-cc7e-43f9-982e-109ad9850908,3,G,Creature — Human Druid
555f7253-0126-4c3c-a264-877d4c8e005b,"Astarion, the Decadent",SLD,1797,03048844-32bb-45a2-a754-73f75eaa4566,6,BW,Legendary Creature — Vampire Elf Rogue
5575e0ad-a2f5-4e56-bf45-100001d2bdca,Steam Vents,RVR,412,17039058-822d-409f-938c-b727a366ba63,0,RU,Land — Island Mountain
55872bce-08ce-4d4f-8951-9fa230f3e160,Smaug the Impenetrable,HOC,9,ce2fc562-7a71-4846-bfef-0a7c5f6c1ff3,7,BR,Legendary Creature — Dragon
559d3329-9053-4301-b867-1b49c248fe31,Helm of Chatzuk,LEB,247,948e3bb7-8265-4e95-acd1-a0c4f22441df,1,,Artifact
55b202ad-3aca-4d50-a235-caf5ddcf99ee,"The Master, Mesmerist",WHO,544,306b6b9b-f488-4ea8-9f5e-9e8e7354df64,4,BU,Legendary Creature — Time Lord Rogue
55b7ef5a-4875-4c5a-9f96-0ce7825fe930,Armageddon,FBB,2,c9ed8b01-959a-47d6-891e-0abbdccf6e4f,4,W,Sorcery
55bcad78-7927-4540-a162-51a549e4aba8,Godless Shrine,RVR,294,73864fcc-1bde-4bc0-831e-2b93e546e417,0,BW,Land — Plains Swamp
55c9e915-9cee-45c3-96aa-9dfd5a600d0a,The Celestial Toymaker,SLD,1582,388fe92a-0bc0-4c0a-a7c6-910c5e71e342,3,BUW,Legendary Creature — Rogue Artificer
55e62436-8e4a-48d0-bcb2-fa650b1aafbb,Gravecrawler,SLD,231,09ff28b1-b6c9-48e6-b12e-2f0e644f709f,1,B,Creature — Zombie
55fce7b5-3c42-4c75-aa62-d3be609172e1,Verduran Enchantress,SUM,223,cd98a31b-cc7e-43f9-982e-109ad9850908,3,G,Creature — Human Druid
55fe6449-1f23-43dc-adee-d144cd505b5c,Birds of Paradise,LEA,186,d3a0b660-358c-41bd-9cd2-41fbf3491b1a,1,G,Creature — Bird
56001a36-126b-4c08-af98-a6cc4d84210e,Mox Opal,2XM,275,de2440de-e948-4811-903c-0bbe376ff64d,0,,Legendary Artifact
56058359-3c0b-49db-a0ce-9ded4c3f4372,Badlands,3ED,282,13ff3222-91cb-4796-a34e-899ed817694c,0,BR,Land — Swamp Mountain
5621db3f-a9e7-4350-9c6a-0ba04a628947,Palinchron,ULG,38,0023888e-7bec-43e0-8dee-d1a4eb94b372,7,U,Creature — Illusion
56355ff3-2232-4a11-b868-aec9a50b9ee5,Bayou,3ED,283,b76d1ae6-ad1d-4bac-b4c3-2e03e0e84d9b,0,BG,Land — Swamp Forest
5669f9c8-2e94-47e2-a551-7efff317fb34,Serra Angel,LEB,40,4b7ac066-e5c7-43e6-9e7e-2739b24a905d,5,W,Creature — Angel
56931f20-d99d-443c-8b01-ee3c3ffa643d,Blightsteel Colossus,PLST,2XM-235,e80772e2-8623-4094-81a2-70828b2b151c,12,,Artifact Creature — Phyrexian Golem
56d13d28-811d-4e13-9d93-e5051b15dd14,Ihsan's Shade,JP1,2,5eb29367-4ec3-4bd2-887e-13eeeecae8fa,6,B,Legendary Creature — Shade Knight
570ca3e8-1563-4cef-8559-776982a78838,"Cloud, Midgar Mercenary",PPRO,2025-1,33d2584b-bf29-4c22-bd45-14ba2fb98c0e,2,W,Legendary Creature — Human Soldier Mercenary
571bca7c-8655-4ff5-902c-c50fee371832,Armageddon,SUM,2,c9ed8b01-959a-47d6-891e-0abbdccf6e4f,4,W,Sorcery
57264bd9-94f6-4d4d-baff-2b2900585635,Angus Mackenzie,LEG,217,d5e6ac6b-5786-4d98-8037-0867e365fc93,3,GUW,Legendary Creature — Human Cleric
5742739a-b257-496c-b345-d4e43b073a4e,Deathgrip,SUM,101,20ae75a7-14ca-4366-af0a-3f3f02159f3f,2,B,Enchantment
576220c3-1e6b-43f3-a47e-5e8246ee7d46,Nettling Imp,LEB,118,c58dfcbf-49e6-4ef0-bd31-ebd81b0cfa41,3,B,Creature — Imp
576e811f-26a3-4a7c-bd13-3b1cc3e184eb,Twiddle,LEA,85,773ad2ef-5acc-49ea-8d85-056330e87039,1,U,Instant
5786de12-cade-43c2-a6b0-0c5b294b9d0e,Iron Star,LEA,250,e9ec67e1-7064-44d4-a1ed-04b7893ffb15,1,,Artifact
57c4bd1f-757c-4b62-a87d-73da94f904f3,Lotus Petal,MB2,226,32e5339e-9e4f-46f8-b305-f9d6d3ba8bb5,0,,Artifact
57cd70c4-17e9-4bbe-a8f8-2a29450835a9,Fellwar Stone,SLD,1040,95560508-7ac9-4be9-8a3f-3c7d5b52807b,2,,Artifact
57ff74cb-a2ed-4123-ac42-f72f9820049e,Stone Rain,LEA,177,6e880df6-fc00-43d2-a9c8-f575f40b78c6,3,R,Sorcery
57ffb8ad-d8b4-4764-bbb0-ca4106080a90,Necropotence,EMA,98,94a844d2-0574-45a7-b347-e0e329767c42,3,B,Enchantment
5804dcd3-d41d-4cbd-9f8f-9736f2d37a64,Badlands,2ED,278,13ff3222-91cb-4796-a34e-899ed817694c,0,BR,Land — Swamp Mountain
580b4818-2a01-46ad-b4d9-7d895a625bb3,Sword of Feast and Famine,MBS,138,d0901053-6de0-46d0-9ee3-8d40510236c1,3,,Artifact — Equipment
58178dd4-c61e-4017-b2e6-2d8308ded4fd,Smothering Tithe,WOT,67,153376c9-dffd-458c-8ce3-a4c8269bc4e9,4,W,Enchantment
581ad59c-29e9-4498-a6fd-33bf21e8e7c4,Misdirection,MMQ,87,c39e5fb0-6de3-4105-ad3c-0ecb8951a1d5,5,U,Instant
58334cf9-5186-4fba-963c-fffb21f2b8de,Instill Energy,LEB,203,8695c3c1-fb4b-4429-ae33-ec186f68796b,1,G,Enchantment — Aura
58698134-8e01-462b-93b7-3cf7357f3c7e,"Klauth, Unrivaled Ancient",AFC,320,8cefa5d6-5151-4e75-8b72-f210a4c751ea,7,GR,Legendary Creature — Dragon
5873672d-37ea-4c0f-97f3-12b74fde112d,Goblin King,LEA,154,d236b3fc-0d3f-4d99-875d-e32a33fe5767,3,R,Creature — Goblin
58879b7a-a7d2-4fb0-954f-1ba2e1d57761,Saruman of Many Colors,LTR,743,c2d04138-cc17-4dd0-9a4c-9c87df72ed01,6,BUW,Legendary Creature — Avatar Wizard
5890e6cd-f5af-4651-a55a-8526617152bb,Puresteel Paladin,SLD,1352,74a62c7b-4753-4af2-b7a1-9a4ae8988801,2,W,Creature — Human Knight
58aa273f-9ec7-4024-b30e-e75fa404de72,Bitterbloom Bearer,ECL,310,5effb651-f9e0-4c14-8192-bd0e132b8d5d,2,B,Creature — Faerie Rogue
58d8598b-35e5-414f-aee0-52137236f642,Terror,LEB,131,b81f041d-98db-4408-9472-c483e4a502bc,2,B,Instant
5902c2aa-c77c-4c6a-9a1e-77cb9bb53aa1,Stasis,2ED,81,a8cf1379-0195-4e11-b994-481ef1284245,2,U,Enchantment
59590768-fa96-4869-8763-9d5ab6ac22ad,Royal Assassin,LEA,123,9ed6f28f-a3db-48c5-9ab0-b90a7fba5f57,3,B,Creature — Human Assassin
599c934d-bfff-43ce-a545-6e3cde124515,Charismatic Conqueror,LCC,70,3dcc35f3-74dc-46a8-8aa9-3411189f0547,2,W,Creature — Vampire Soldier
5a2a91b9-c45f-4e3d-b3c4-944493bdd86a,Flashfires,LEB,152,c281f436-8c77-48f7-b31c-d40cd7f9ed6a,4,R,Sorcery
5a30ed3f-0b21-45ea-83af-339249b4e93e,Sedge Troll,2ED,173,a6a43190-cca2-4f07-afe9-8af681d777da,3,BR,Creature — Troll
5a5e0599-62b0-4063-9872-33d5add06754,Plaza of Heroes,EOS,78,9c58d241-4d9f-4b46-b8ee-f4587f9acfd6,0,,Land
5a7c0bd9-a2cb-4a85-a378-878760194b68,Moonshaker Cavalry,SCH,17,b3f16f34-d78c-4b61-821b-05fc6bd0da37,8,W,Creature — Spirit Knight
5aa31512-32a7-45c5-b57c-4adbf124c4f9,Pirate Ship,SUM,72,c6b3f924-806d-47d3-b044-72b48470196c,5,U,Creature — Human Pirate
5ad89f0d-b09b-40a0-84d6-3ee60dec7e23,Fungusaur,LEA,195,3e771f5b-2de3-4a1b-8281-ab1f7491e5a1,4,G,Creature — Fungus Dinosaur
5ae71290-c133-406c-8b17-9ea22b437806,Savannah,3ED,285,703243f0-8cb3-420f-958f-5fd4bde30293,0,GW,Land — Forest Plains
5b13ba5a-f4b0-420a-9e4f-a65e57721fa4,God-Eternal Oketra,PS19,16,3b03358d-f87e-4939-afc9-5ee3f044146a,5,W,Legendary Creature — Zombie God
5b346779-62dc-47bf-8199-77a5f57a545f,Wall of Water,SUM,91,608cc65c-f99a-4ca3-be24-190d2556b411,3,U,Creature — Wall
5b372045-a4a0-44c8-96ec-1e201d61ed26,Exploration,DMR,159,0c2841bb-038c-4fbf-8360-bc0a1522b58d,1,G,Enchantment
5b402a0c-4861-4b58-83b6-c754624cb6ea,"Thorin, Company's Leader",HOC,100,7926b4c1-9a93-4193-ae6f-e75bbcd762ec,5,R,Legendary Creature — Dwarf Warrior
5b43bdc7-e49e-4848-9101-6cad2ecab4dc,Bruvac the Grandiloquent,JMP,10,274b999f-f193-48fd-9a4a-0fdaf535e6c3,3,U,Legendary Creature — Human Advisor
5b6ddce7-b9c5-431d-a0b0-46d4aa93cbcb,Armageddon,LEA,2,c9ed8b01-959a-47d6-891e-0abbdccf6e4f,4,W,Sorcery
5b93c8f6-75a4-47e5-bf7f-c3db20c6d7c9,Pearled Unicorn,SUM,30,c071be90-0531-40cc-af46-0cbe80c4ddd4,3,W,Creature — Unicorn
5bd38716-874c-4e3c-a315-837839a6258c,Instill Energy,LEA,202,8695c3c1-fb4b-4429-ae33-ec186f68796b,1,G,Enchantment — Aura
5bded615-62bc-40f6-9a54-7c9d0d551d4c,Lich,2ED,114,5b7515f2-7a5a-4e2a-9784-6cbacd768172,4,B,Enchantment
5c18591d-a8e2-49ea-b31e-7358e4143024,Warren Soultrader,MH3,332,ace86e56-efde-4eb7-8815-71456a4c3abe,3,B,Creature — Zombie Goblin Wizard
5c278bd1-f120-4ade-95f1-c2cfc23bd763,Hammerheim,LTC,518,c7476beb-7923-4994-8476-bc69187ecb72,0,R,Legendary Land
5c411d18-c257-424a-9125-06eeafec1e66,"Andúril, Flame of the West",LTR,746,e6521404-8474-4727-b2d0-537d15d8a63f,3,,Legendary Artifact — Equipment
5c43add9-f948-41fe-b40c-e1d357db5f05,Avenger of Zendikar,SLD,158,4ba5b3f6-503b-43e6-b66e-4f8c55cffed7,7,G,Creature — Elemental
5c4fb7f9-a551-4253-a46e-f6284d355388,Dryad Arbor,SLD,2281,e996cd67-739c-40f4-b276-0042acf26c71,0,G,Land Creature — Forest Dryad
5c5b4738-20bb-465d-b67e-c6146dce9d0b,Animate Wall,LEB,1,c7a6a165-b709-46e0-ae42-6f69a17c0621,1,W,Enchantment — Aura
5c5e8aa5-91d7-49d2-863a-b9db836436fd,"Ozai, the Phoenix King",TLA,311,7472af8e-2e93-43b2-bc32-a3741f6d7502,6,BR,Legendary Creature — Human Noble
5c7a4e18-04a1-49f1-ad73-c93f9d0c9b11,"Lumra, Bellow of the Woods",PBLB,183p,97a84e9d-bfc4-4ca2-b1e8-908dba56ccdb,6,G,Legendary Creature — Elemental Bear
5cbc686e-a8ef-40de-b79a-803ef42f8384,Mana Vault,3ED,263,736892cb-a34b-4bb9-b56c-e26e3db207a2,1,,Artifact
5cc0b4eb-8ee9-4213-8194-02e7d63428d3,Sword of Body and Mind,2XM,363,fac42229-4f5f-4d04-85dd-5031d4e435aa,3,,Artifact — Equipment
5cc8bafb-ee70-4728-a712-0d6d244c39b6,Shadow of the Enemy,LTR,735,4f0c72ff-cd93-46a6-8649-2cd9ce8b8625,6,B,Sorcery
5ccab9c0-d19a-4cbf-8a61-e205fc3ff023,Brainstorm,SLD,7013,36cd2364-d113-47d1-b2c4-b088d9eb88dd,1,U,Instant
5cceb11b-0f70-4749-8a8c-d698cd01cd6e,Royal Assassin,2ED,124,9ed6f28f-a3db-48c5-9ab0-b90a7fba5f57,3,B,Creature — Human Assassin
5cee491e-7958-4ea1-b03d-9fb75320fe44,Howl from Beyond,SUM,114,403cf6ae-48a9-4ea9-894e-7135cfca4e1b,1,B,Instant
5cf53baa-b0c3-4190-a5c6-c141d54cff32,"Tezzeret, Cruel Captain",EOE,287,0eb11b2d-a397-48da-a0f3-9f0f83f42282,3,,Legendary Planeswalker — Tezzeret
5d077a49-73d4-4958-b42a-31b814e110e8,Drain Life,LEA,105,e75ba79f-4cc2-4ede-8641-559ab94e7e36,2,B,Sorcery
5d5aae6e-fe20-4363-9589-5a54bcbbb77e,Al-abara's Carpet,LEG,271,0f5b0c77-1e3d-46a1-ae0e-03ed79196cd9,5,,Artifact
5d7b2638-2e6b-49c4-b716-9286ee0866d8,Nesting Dovehawk,MOC,104,fe8fc442-ed17-40b2-8624-69f2eed3f9be,4,W,Creature — Bird
5d8690ec-fded-4801-8eaf-5e5fe3d444ec,"Cloud, Midgar Mercenary",FIN,375,33d2584b-bf29-4c22-bd45-14ba2fb98c0e,2,W,Legendary Creature — Human Soldier Mercenary
5d86b77f-7890-40b8-b5c3-fffa88f3fe52,Jump,SUM,62,f7518456-45ed-41d4-bd3c-5aacea28eb35,1,U,Instant
5dbceca6-74ac-4811-b879-bec6ae957d0e,Darksteel Forge,HOP,111,9b3bec05-441f-4fdf-8b51-69fa8613fcd4,9,,Artifact
5df3d7fa-2b43-4b9e-85eb-ef96537942fb,Beseech the Mirror,WOE,336,cbbe535b-12d6-4e6c-8b26-9220f06a1604,4,B,Sorcery
5e1cf470-f2af-469d-914b-e250652c861d,Ascendant Evincar,PMEI,2000-7,e32c0de7-132d-4a39-85fb-da0ed1132878,6,B,Legendary Creature — Phyrexian Vampire Noble
5e2d35f8-3cf6-4843-9030-0e9a885d836c,Spirit Link,LEG,37,c77ff526-c0a8-45c7-9730-2e306a0d01b8,1,W,Enchantment — Aura
5e51fc96-e927-482b-b13e-fb2cda62eba3,Gloom,4BB,139,4d022f53-b1fb-4071-afcc-0af3214fe604,3,B,Enchantment
5e64822a-6817-4e1e-8155-3e95f8e3763f,Shivan Dragon,LEB,175,711eea87-0fa3-46e0-a42b-fa5a86455f04,6,R,Creature — Dragon
5e7c1797-8f7b-47d2-aed1-edb88d21a0ac,Realms Uncharted,SLD,1895,e21c8fc6-d4ef-42b6-b11e-d9c931da1387,3,G,Instant
5e861bb6-0841-4a84-9d65-1d45ea87e90d,The Great Henge,TLE,41,78427103-9543-41fb-b6d4-72963fe87275,9,G,Legendary Artifact
5e8b29d9-b20c-437f-96ec-1b0009719820,Plains,PALP,4,bc71ebf6-2056-41f7-be35-b2e5c34afa99,0,W,Basic Land — Plains
5e91ce41-053e-4203-8860-49cbf854cc18,Underground Sea,LEB,286,4b22be3a-8ce1-47d1-b82e-6c3ccfb0548b,0,BU,Land — Island Swamp
5e9b3794-d0f0-4d28-85cb-22492e195ae1,"Yuan Shao, the Indecisive",PTK,128,2fc5fffa-2eb1-4a3c-af47-3ff8c7df608d,5,R,Legendary Creature — Human Soldier
5e9c9901-c329-4a68-96ab-f33d7c12aefe,Nazgûl,LTR,334,48a62778-7c11-486f-a0e1-020c283a7ef9,3,B,Creature — Wraith Knight
5eba41e6-106a-4f2d-ae92-5a01a06e158a,Prodigal Sorcerer,SUM,75,5e961d15-5972-4e4b-9385-1cd7cd7c6bbe,3,U,Creature — Human Wizard Sorcerer
5edac3e9-6c18-4801-a035-2803d35314ef,Scapeshift,SPG,34,c235015e-a7a9-4f8d-bf4a-cf68b3847f83,4,G,Sorcery
5eed50e7-c07b-415e-a847-535d08fcd8ca,Parallax Dementia,PMEI,2000-6,6ec7a7fb-0bf9-47fa-af2b-5b13b3af3947,2,B,Enchantment — Aura
5f092adf-a06e-47c1-9400-2eebf9ef719d,"Aragorn, the Uniter",LTR,741,3f31c423-d45c-4c3e-b7d4-ca125be0f92c,4,GRUW,Legendary Creature — Human Noble
5f0c0b37-056f-4c49-b5d7-e25534117e17,Akroma's Will,SOA,66,fd949f82-fc10-4e37-8aa9-6c7569fe3c55,4,W,Instant
5f2b2373-9052-4246-a644-1f5b723ea9f1,Nyxbloom Ancient,FCA,16,8b610f8f-c8dd-4eeb-bc6e-3bc706d5f63e,7,G,Enchantment Creature — Elemental
5f46783a-b91e-4829-a173-5515b09ca615,Junún Efreet,ARN,28,afda663e-c5f7-4182-86f7-d95d71793717,3,B,Creature — Efreet
5f569425-465f-42a8-ae4e-7e98d70cc2af,The Gitrog Monster,SLD,1051,a5e54d2b-aad8-4ddd-af4b-13668913762b,5,BG,Legendary Creature — Frog Horror
5f608efc-0dbc-4cc3-aadd-ed473bfc29ab,Portal to Phyrexia,BRO,240,301d1d8e-d3fc-4010-8b29-4724fa0b31cd,9,,Artifact
5f6e8830-5e62-4945-8b73-60f0628d38e7,Undiscovered Paradise,VIS,167,76c33d54-ce55-400e-bec5-79d33a5a20fb,0,,Land
5f7346d8-1aef-4618-88e6-74bd8865e0f3,Scroll Rack,TMP,308,648bd03d-247e-4d6f-87a9-12a67688cbf5,2,,Artifact
5f8bb451-706d-44ff-bbad-9ddc6f9f786a,Dystopia,ALL,47,d0e6203b-cef2-470f-8c79-7b139290e2d5,3,B,Enchantment
5f96e816-206b-4fd7-a7d7-2d90542cf30a,Fireball,SUM,150,aa7714b0-2bfb-458a-8ebf-37ec2c53383e,1,R,Sorcery
5fbd5fbb-f689-4ff0-8f23-17e4cb0925a2,Sengir Vampire,LEB,128,749141aa-f6c4-4ad8-b146-406e68ae9b0b,5,B,Creature — Vampire
6002d99a-c7b4-4845-aca9-b55dabb62d9f,Arcane Signet,SLD,820,0bc7f093-bef0-4f1a-852c-4b75ebf54838,2,,Artifact
60252226-a102-4d88-9b80-42d021b5184d,Adun Oakenshield,LEG,216,aefd49a4-ecec-42cb-b882-e5db7f81eff8,3,BGR,Legendary Creature — Human Knight
6059f2ae-94cb-42f1-80ae-45b44551d169,Consecrated Sphinx,SLD,2028,311a449d-dc74-46e6-9a47-6a597931f736,6,U,Creature — Sphinx
605fe667-8dee-4f62-a01c-0a3c44731c01,Wild Growth,SUM,230,706ae742-1807-44b7-a4fa-f2e26f61519a,1,G,Enchantment — Aura
60790b07-53da-41fa-b9e0-e7ce22fdcb11,"Zhuge Jin, Wu Strategist",PTK,66,ce995d3f-be7c-4d2a-8ec4-c7f7f831f0bf,3,U,Legendary Creature — Human Advisor
60bc8cfc-8f68-4ec7-92a7-98380d92f69e,Sol Ring,LTC,409,6ad8011d-3471-4369-9d68-b264cc027487,1,,Artifact
60c0ff39-ad65-4687-8486-24559c39e6c1,Nevinyrral's Disk,SUM,267,96230edf-568a-47dd-b877-9d92aa58fac8,4,,Artifact
60c597ee-eaf9-4294-9865-af8a18067eda,Savannah Lions,4BB,48,60ba93eb-39e6-4af2-9c66-cd38f72daff2,1,W,Creature — Cat
60df6592-0b3b-4b87-aeb2-8fa94b4fb7be,Taiga,LEA,282,22e3cf1d-3559-4ce1-954c-8dc815342979,0,GR,Land — Mountain Forest
60f37eac-e8fa-48d3-b936-74461ea1853c,Demonic Attorney,LEB,103,65a9f643-063f-406a-8d5a-5ebbe0f04c3d,3,B,Sorcery
6121f72f-680f-4bb4-ae4d-37ee4ebed4d8,Manabarbs,LEA,163,0f1afedd-c60f-454f-b84a-c8117aec0128,4,R,Enchantment
613694aa-b169-400d-8063-2b83d8303611,Treachery,UDS,50,8ed57194-7508-4aef-9373-64f7e80612d8,5,U,Enchantment — Aura
61510e88-97d0-410a-9431-ebf12990e33d,Time Elemental,LEG,81,d89075a3-4413-4796-a055-eef51fddb7f3,3,U,Creature — Elemental
61706102-67fd-4167-bd7d-ec6da41db362,Ring of Immortals,LEG,293,468a8c2e-0cc2-4108-809d-42ca1eb25ff2,5,,Artifact
6171e136-1167-4329-acb2-6853d3a814e5,Goblin Welder,ULG,80,9fc28e1f-f4ea-4bf8-9442-a36dba3b3b29,1,R,Creature — Goblin Artificer
6176936d-72e2-4205-8871-4c5a4f1cb2d8,Swamp,LEA,290,56719f6a-1a6c-4c0a-8d21-18f7d7350b68,0,B,Basic Land — Swamp
6180c476-dadf-4c03-ab1e-639386bd4319,"Diaochan, Artful Beauty",PTK,108,bf20bc37-3205-45af-a3be-05d6835c0d87,4,R,Legendary Creature — Human Advisor
61a59775-b1cd-4ed0-8abf-c2b37f7be0d5,Thunder Spirit,LEG,39,6efad3d6-4886-4b62-a4ff-bc0622f9672a,3,W,Creature — Elemental Spirit
61e4f56d-1f4f-49f2-8534-0d09196a3327,Raging River,LEA,168,a2310312-6e1e-4e34-a351-9aef499a810f,2,R,Enchantment
61e9c770-f05b-40df-a01f-82b734db1733,City of Brass,CHR,112,f25351e3-539b-4bbc-b92d-6480acf4d722,0,,Land
61ea96b1-4428-4951-88d4-f79338955981,Illusionary Mask,LEB,250,05ac866d-0405-4d25-986a-c10fcfc097e6,2,,Artifact
61fc30b6-1355-425b-a86f-18f59f83141c,Repentant Blacksmith,ARN,9,a83073a2-e63d-4105-8bad-9612e411fc85,2,W,Creature — Human
621c7296-a1d1-49da-a1f1-dd62758ad7f7,Plains,SUM,293,bc71ebf6-2056-41f7-be35-b2e5c34afa99,0,W,Basic Land — Plains
6270c798-a3ba-4826-b0a9-82f7e12890f6,The Ur-Dragon,CMM,689,87b22b09-4f6d-4bc5-9cfc-663e4c7c6981,9,BGRUW,Legendary Creature — Dragon Avatar
62835e03-49c8-42b8-91ba-3aa4beb5df66,Tezzeret the Seeker,SLD,1111,4aeafdf3-7828-4114-8c74-3bd46357caec,5,U,Legendary Planeswalker — Tezzeret
62858604-ca5a-4f69-a045-a7515ebfabf2,Power Surge,LEA,167,156b2228-f7b2-4816-b894-c4953a32c05f,2,R,Enchantment
62b19a12-6914-430e-81ce-dcfca47884df,Braingeyser,LEA,50,9908e597-9470-4c13-8387-39431b380138,2,U,Sorcery
62b3f560-262b-4bc3-9aef-535fd7082c28,Vaultborn Tyrant,BIG,20,e8d0accc-b320-4c07-8a71-a09db860351e,7,G,Creature — Dinosaur
62ef2f37-b8ad-47ad-89ca-d6abcb7ff21b,Illusionary Mask,LEA,249,05ac866d-0405-4d25-986a-c10fcfc097e6,2,,Artifact
62f96e43-aebd-4de2-969a-37cd1d62f127,Contract from Below,LEB,97,9e0ed4b0-28b5-44be-ab83-f1e8eb07138d,1,B,Sorcery
6303233b-35eb-49ca-b844-ba6b9fe1cbd2,Northern Paladin,LEA,29,f5975294-508a-453e-893a-2fbea2487d17,4,W,Creature — Human Knight
631a15c2-0a6d-4859-91e9-a08a7e756054,Cyclonic Rift,RVR,313,d75b9c82-1b49-4c3e-a1b5-aeef57d6644b,2,U,Instant
631a9966-b5d2-4696-a2f1-2d56fccad9b2,Ancient Brass Dragon,CLB,367,7d79fb4e-2ca0-404a-9663-1f5abce6e733,7,B,Creature — Elder Dragon
6321e16b-0b4b-4d36-ab94-97bf5816acf4,Thicket Basilisk,LEB,219,c4822813-cd81-465d-9fe8-3a4c2dcd31ef,5,G,Creature — Basilisk
6340e0f3-7f9c-4d71-8daf-e1be5505eb5b,The Great Henge,CMM,294,78427103-9543-41fb-b6d4-72963fe87275,9,G,Legendary Artifact
637ed5bb-9ea3-4f63-b6aa-9528048673c3,Ocelot Pride,PMH3,38p,b4ce2c8f-a19c-461e-8a2e-0ec2bd3ebca3,1,W,Creature — Cat
63b9efd6-0709-4d4b-a907-d8a77ec1a327,Morphic Pool,BBD,83,bd004c9d-771e-4e63-a97d-a2259c096af8,0,BU,Land
63bacc32-d6ba-420c-9b49-299c08e5fb39,Lion's Eye Diamond,MIR,307,ee6099b0-fb1f-42f1-b862-7708c6e36d05,0,,Artifact
63c0e240-07b0-45fb-90af-f4fce18c604e,Gauntlet of Might,LEB,245,d38ad188-515e-4865-a0ed-5d0fd4c7b453,4,R,Artifact
63c59228-c742-4abd-b4d7-9f7880190e95,Windswept Heath,ZNE,5,29737a60-3ebd-40d9-b935-c4f54b90d45d,0,,Land
640770d9-c0f8-40fd-9467-ebc099a27a4b,Gloom,LEB,111,4d022f53-b1fb-4071-afcc-0af3214fe604,3,B,Enchantment
640be32d-dcc8-408a-b8a6-077472f1e70b,Craterhoof Behemoth,SLD,376,8c52bd39-0586-48ca-b263-17210cf9feb6,8,G,Creature — Beast
6430c61b-407d-471d-9012-07f1ddef28aa,Ancient Brass Dragon,CLB,111,7d79fb4e-2ca0-404a-9663-1f5abce6e733,7,B,Creature — Elder Dragon
6431d2f1-44e7-4699-bc38-2e5222a5e243,The Reaver Cleaver,HOC,94,37a2a31d-51e6-4c07-b4c2-b206ad40eb42,3,R,Legendary Artifact — Equipment
643c027f-1e8b-490c-a1bc-91a2966153ae,Old Gnawbone,PAFR,197p,dff3f4c7-f792-4ca3-9b0a-0738e70664d9,7,G,Legendary Creature — Dragon
649aa116-4bb5-4974-b8dc-38a8c627717a,Scrubland,SUM,286,c8d95ca8-7d12-4072-aeaf-e20f248c7e39,0,BW,Land — Plains Swamp
649be99a-fa52-469e-85df-11ecc576ea39,"Elesh Norn, Mother of Machines",ONE,416,5ade11c0-41dd-4b6a-9f5b-c5903a3a0d7f,5,W,Legendary Creature — Phyrexian Praetor
64a5d494-efa1-446b-bebe-2ad36e154376,"Ugin, Eye of the Storms",TDM,1,5c58353a-fd60-4528-bf0d-669626cda0b2,7,,Legendary Planeswalker — Ugin
64b4b6cd-6d0f-4060-b51f-61f481000d51,"Kozilek, Butcher of Truth",2X2,336,7b8528b0-71eb-4c9e-bed9-aa2d2e84038f,10,,Legendary Creature — Eldrazi
64b52b42-e2af-4040-b7ba-34cc292af7ef,Fastbond,2ED,193,e27193b7-1a47-4555-865d-b1fd4c6d597f,1,G,Enchantment
64bc9b1d-5818-4d9e-b771-e49af4ff9a5c,The Tabernacle at Pendrell Vale,LEG,307,69b409b3-fa16-4c79-8b46-215a7036ed46,0,,Legendary Land
64f299eb-9cd6-40bc-ad44-22e3aeb5c930,Wild Growth,LEB,230,706ae742-1807-44b7-a4fa-f2e26f61519a,1,G,Enchantment — Aura
652bd781-1a48-42c1-9aff-f9050a9285d6,Sacrifice,SUM,126,068b3692-411b-44d4-a7e9-005262760cfc,1,B,Instant
65705a8d-6bb1-4289-b8b0-8546ccc478dc,Goblin King,LEB,155,d236b3fc-0d3f-4d99-875d-e32a33fe5767,3,R,Creature — Goblin
657a745d-038e-4cbd-9ffb-2a76009400a7,Sylvan Tutor,SPG,59,935e0cac-51ee-4cb7-a209-f085e0f099ed,1,G,Sorcery
659039ed-c269-4c2d-bce6-91d143f0618e,Marsh Flats,MM3,239,dab520d0-20b4-4273-ba6b-eb07f85ea433,0,,Land
65947312-75c2-4baa-805c-238a154156ef,Knowledge Vault,LEG,281,77d3cc31-837a-408a-b7f8-5aa9de78e1b7,4,,Artifact
65a168b8-285b-4725-a982-671557d4f0bc,Giant Growth,SLD,717,5748ebf1-24e3-499d-ab7c-c2cebd462a24,1,G,Instant
65b145dd-8529-4bff-b381-b4be53f24b54,Sol Ring,SLD,1604,6ad8011d-3471-4369-9d68-b264cc027487,1,,Artifact
65c6b4f4-2aef-4150-9a7f-70ca5f337766,Cyclonic Rift,SOA,79,d75b9c82-1b49-4c3e-a1b5-aeef57d6644b,2,U,Instant
65eb6cda-e512-40a8-9c1f-335b713409ff,Dingus Egg,LEA,241,1973f1e9-aa14-49dc-bafe-be17b30ba288,4,,Artifact
65f582e8-148f-432f-a6ba-f12a35750781,Seize the Day,SLD,1172,2a6abd59-e448-46f1-9af8-bb9040645971,4,R,Sorcery
65ffb473-0a11-44c2-9311-f39d69eef713,The Cabbage Merchant,TLE,203,e31808bb-fb6e-487b-a973-db44961c84ee,3,G,Legendary Creature — Human Citizen
66024e69-ad60-4c9a-a0ca-da138d33ad80,Mox Amber,DOM,224,7a43bd27-fdd8-41f0-9bc4-92568f3408f1,0,,Legendary Artifact
6602b025-d795-4fa4-9094-f21b2ff1b5cf,Wall of Wood,SUM,226,aa5e6894-8c97-46f8-a0fd-07c6db51e9a7,1,G,Creature — Wall
66233963-7b57-414b-8e8a-1e1ab2453bd2,Kormus Bell,SUM,260,d2d477a5-f055-4d47-a852-26e8239f2a01,4,,Artifact
664b46f5-0424-4f4e-9f26-6bd2cf5e0357,Animate Artifact,LEA,48,2dd7a4dc-902a-4e85-8a3b-c96a898fba86,4,U,Enchantment — Aura
6674c7f7-8022-4457-9a8a-6b87ff3348b0,"Gishath, Sun's Avatar",SLD,320,a311daab-40dc-4433-9ed8-feab7c558bbf,8,GRW,Legendary Creature — Dinosaur Avatar
66763118-6a1e-465a-bfe0-6fe18c419875,Last March of the Ents,LTR,418,3999cd64-ff5c-4e2c-8aa6-d14f9f8a2b4c,8,G,Sorcery
66a74c89-6f86-4ec8-af17-391cd5026054,Basalt Monolith,LEA,231,6b8cf2a0-b045-4d91-9d91-c602d40c6237,3,,Artifact
66d5effc-dc31-485c-91c0-e9a8e2b098af,Mahamoti Djinn,2ED,65,c39ea5f9-6ec0-4697-897b-779e326754a7,6,U,Creature — Djinn
6701874e-986e-4b81-9268-90b6171e6187,Bog Wraith,LEA,95,508248d1-09a4-4e41-a4c9-286618e5061e,4,B,Creature — Wraith
670f236c-f4d7-419e-82cf-65da8c2f1e15,Living Lands,SUM,210,8f0179fe-6d7d-49cc-ab06-d3b402c6fc8d,4,G,Enchantment
67299451-5302-4639-a4bc-6109521a2c0c,Two-Headed Giant of Foriys,2ED,180,38aa31bd-7145-43b9-9409-463d9ad6cd69,5,R,Creature — Giant
6739a5bb-5ed7-4f15-affb-4170239d997a,Dark Ritual,SUM,99,53f7c868-b03e-4fc2-8dcf-a75bbfa3272b,1,B,Instant
674e1b0f-c2e5-4b75-817d-19ab5f734139,"Nekusar, the Mindrazer",SLD,1301,8a5e3c8e-8e22-49b9-8ee5-4a36361f0da6,5,BRU,Legendary Creature — Zombie Wizard
67600383-bbb8-411c-b8e6-2296650bc747,"Emrakul, the Aeons Torn",ROE,4,900ca697-ad38-4b2b-bc74-2ff7eb6ea951,15,,Legendary Creature — Eldrazi
676758ee-dac8-4c97-8a62-fff25bcbb6df,Esper Sentinel,MH2,328,5def9f38-0a0b-4e8d-9f9d-29dcb46520b4,1,W,Artifact Creature — Human Soldier
676fea93-7f39-4fc7-89ab-bb3ea3f15951,Riding the Dilu Horse,PTK,144,b7162f90-8430-4c1d-9f9a-a912bf1e9f50,3,G,Sorcery
678e1ddd-caf8-4565-b9c0-cea2891a531e,Creature Bond,SUM,55,70492e32-ba4d-4314-b016-892fb15f7a23,2,U,Enchantment — Aura
678ed5f8-8bfa-483c-beeb-b4a7e7affd65,"Etali, Primal Storm",SLD,1389,078def07-ae5d-4591-8db6-d156834aab97,6,R,Legendary Creature — Elder Dinosaur
67b369c4-faa8-45c8-a1b9-98f228b69682,Wheel of Fortune,LEA,183,a8abd966-de7b-46a3-8ac7-8747ab35653a,3,R,Sorcery
67b6c902-c631-4d48-93f1-487c18c66235,Stone Giant,SUM,179,0b8e3f9b-a4da-49a3-8545-ce7a265e5856,4,R,Creature — Giant
67b99400-a53a-48c8-a4d0-21bf63274225,Chief of the Wilds,HOC,103,bf06d873-08be-4a45-b8fb-fe1dfadc3a39,4,BG,Legendary Creature — Wolf
67d1945d-d228-4dc3-a593-859408b2016b,Savannah Lions,LEB,39,60ba93eb-39e6-4af2-9c66-cd38f72daff2,1,W,Creature — Cat
67ec17e1-174b-4d07-a27f-91a333c4b2fb,Howl from Beyond,LEA,111,403cf6ae-48a9-4ea9-894e-7135cfca4e1b,1,B,Instant
67f4c93b-080c-4196-b095-6a120a221988,"Agadeem's Awakening // Agadeem, the Undercrypt",ZNR,90,562d71b9-1646-474e-9293-55da6947a758,3,B,Sorcery // Land
684c5070-e72a-42fb-ab5c-44d7f04f9d34,Black Knight,SUM,95,9456c5b6-946d-403a-8ed0-dff9f921d98c,2,B,Creature — Human Knight
68618675-3e00-4b07-b1da-0e4be5700a1c,Hexing Squelcher,ECL,317,96c2d71e-0fc9-42aa-bc6b-6d0ae3f66f8b,2,R,Creature — Goblin Sorcerer
68619895-e0bc-477e-b419-b188b6515768,Field of the Dead,PM20,247p,aa959340-c869-4caa-92c7-572bd8d23eef,0,,Land
68841ca8-a043-4f30-9a17-e983ed960bc2,Demonic Tutor,DVD,49,82004860-e589-4e38-8d61-8c0210e4ea39,2,B,Sorcery
68875b43-6839-467c-909e-52fd2212b7de,Phyrexian Altar,SLC,16,8d02b297-97c4-4379-9862-0a462400f66f,3,,Artifact
689eb54c-f99c-4f29-b2b9-4762c7a778cc,Swamp,PELP,15,56719f6a-1a6c-4c0a-8d21-18f7d7350b68,0,B,Basic Land — Swamp
68c14c36-7ef6-476a-99dd-72f984117e32,Uthden Troll,SUM,182,d6329dcc-b450-482a-8ee3-45449f7a4b3d,3,R,Creature — Troll
68c72226-6f52-4322-8b14-18737293dfa0,Bloodstained Mire,ONS,313,fc0707c7-d504-4ccf-a0d2-3eb6e26e7a57,0,,Land
68f7aa32-822c-4284-8da3-ea58c7330e47,Earthquake,4BB,189,9a40614b-50a3-422c-849e-53c8b7d3d204,1,R,Sorcery
696792c7-245a-437e-b495-477b177773ba,Sensei's Divining Top,2X2,398,13575cf9-65c1-4861-b21e-eb2155e07766,1,,Artifact
6969ef4f-e27b-40fc-9558-c9281deae80c,Tifa Lockhart,PF25,9,878df304-9d6d-4ce9-b65b-1439c251f3e0,2,G,Legendary Creature — Human Monk
69937b20-f145-4be0-aaa5-79ceae0d66fb,Zuran Orb,SLD,2111,08cb8a30-9cb4-4517-bee5-8848aa60d1a2,0,,Artifact
69b32f90-b32f-41a6-af0c-1c967ec49b73,Nazgûl,LTR,333,48a62778-7c11-486f-a0e1-020c283a7ef9,3,B,Creature — Wraith Knight
69c35da2-7dc0-4901-ac44-5ed197e5ea43,Mycosynth Golem,SLD,1433,ebcd864a-b7dd-4330-89e1-80576a9437ec,11,,Artifact Creature — Golem
69c3b2a3-0daa-4d42-832d-fcdfda6555ea,Air Elemental,LEA,46,7744bae4-a8b7-44a5-9b4c-0048ad4cc448,5,U,Creature — Elemental
69d55219-32b0-4281-a020-52107db6d16a,Cavern of Souls,LTC,362,89ca686a-7c72-4d8f-9290-e89635624a83,0,,Land
69ffe198-2696-43ea-b63b-9329f751d9ad,Constant Mists,SLD,2026,c850a29e-dc40-4ab6-89f1-d501a1a350d1,2,G,Instant
6a058e68-70af-4a64-859c-c881e5578368,Chrome Mox,MRD,152,ec3d4466-547c-4e02-b1b5-a156ec4637e9,0,,Artifact
6a5d8fad-2ffd-4645-8c49-907999b6cecf,Smaug the Magnificent,HOB,110,c53b7602-5e36-4900-896c-844bf6eac22e,4,R,Legendary Creature — Dragon
6a63e119-3b1b-4964-a4b9-b10170ff542b,Field of Dreams,LEG,55,6dcc62f8-2fd9-473b-9e6a-2dd7e610f855,1,U,World Enchantment
6a814cf1-a882-4a66-9eae-4d327685d3a3,Torment of Hailfire,PLST,HOU-77,30a0a6c2-1fbb-4784-ab96-22611d57e62c,2,B,Sorcery
6aa5cc65-f8f1-4f6f-8b4e-2fedccbda684,"Rofellos, Llanowar Emissary",UDS,118,3015882b-4897-4d2c-8e33-6731c85a0d03,2,G,Legendary Creature — Elf Druid
6ab2cbaa-58c5-4612-8d99-10f5ee5041ee,Rainbow Dash,SLD,1540,fe0b4822-7db2-4d74-ba31-8df495fbaeb1,3,BGRUW,Legendary Creature — Pegasus
6aba1f0f-73b0-4898-8d07-43322e43d74e,Urza's Tower,ATQ,85b,32fbb638-ab14-4e8b-a07a-d4c44e3496f2,0,,Land — Urza's Tower
6ad857f8-3c78-4333-b6c9-ac57b6b70888,Mount Doom,LTR,750,995c8dac-fd27-468a-abd4-02372cf0c850,0,BR,Legendary Land
6ada256f-2e55-4c1f-b4d3-d7b10b498956,Sylvan Library,DMR,179,92eed395-62ca-4293-882b-8565c40daab5,2,G,Enchantment
6aeb2c1b-0f91-4afe-8105-dfb78c8e6420,Tendrils of Agony,PEWK,2025a,78db3190-59bc-4033-95bc-32d8ed872b6a,4,B,Sorcery
6af7766e-7438-4128-a1f2-8b3b3ba3c650,"Storm, Force of Nature",SLD,1742,7c47876d-143f-4e4c-b151-90c099e452a1,4,GRU,Legendary Creature — Mutant Hero
6b3a20ac-1860-4513-bb73-35d23b088b04,Mox Opal,MM2,223,de2440de-e948-4811-903c-0bbe376ff64d,0,,Legendary Artifact
6b4c1515-6127-4d4b-bdd2-e38bb68693e7,Thranduil the Strategist,HOC,106,7bef91cd-df65-4135-86a6-d17b71470452,5,GU,Legendary Creature — Elf Noble
6b80de80-8b4e-46e2-9145-b9f3031d32d7,"Sauron, the Lidless Eye",LTR,396,00b9d3a3-fd64-4757-9159-b3af06b5f5b1,5,BR,Legendary Creature — Avatar Horror
6bba4159-d507-4bb2-8c71-be7cd42d9277,Throne of Eldraine,WOC,40,5b9a2b81-a645-43be-8001-03817ac210ca,5,,Legendary Artifact
6bbf1eab-bc32-4835-b566-8634b1fe81b0,Dragon Whelp,LEA,141,705a1985-ed39-4a4b-812e-a677170b596e,4,R,Creature — Dragon
6bc3b304-4109-4f67-b0b0-f1c1de66ff0e,Treasonous Ogre,SLD,2007,826d4279-1576-4898-a1c2-26fd547fb0d0,4,R,Creature — Ogre Shaman
6be9b1d5-9ab8-4adb-ba54-2c0117e842fa,Mox Opal,SOM,179,de2440de-e948-4811-903c-0bbe376ff64d,0,,Legendary Artifact
6bec436c-2869-432a-b3cf-633a58af6d4c,Chaos Orb,LEB,236,edb455f4-8dc9-4b7c-b25c-cb51b7dfbb41,2,,Artifact
6bf29f1d-b30e-4c5b-a581-a0386d75ebe1,"Tezzeret, Master of the Bridge",SLD,1701,d097991c-41df-47de-a439-57a0693b9581,6,BU,Legendary Planeswalker — Tezzeret
6c05bfb5-dd36-44c5-a60d-43f7f8c68a6b,Cruel Tutor,POR,87,d9353eb6-c7e7-4d85-a0c2-32b1d091881a,3,B,Sorcery
6c35a930-86ee-41bf-a287-30084b33c4a4,Strip Mine,EOS,85,d21a89eb-7c5b-459a-acc7-12b20b13bf79,0,,Land
6c521e85-9b38-4c75-ac04-b6de0e36c36c,Inventors' Fair,EOS,66,91d4a5fe-fd6d-4b14-a63f-61b4d0ecd9c4,0,,Legendary Land
6c6193e8-453b-49dd-ad65-ee6e363bff93,The Arkenstone // Seek the Heart,HOB,247,09f09d0a-6054-4545-b81e-0295773cc5f0,5,W,Legendary Artifact // Sorcery — Adventure
6c6efe95-ae57-4ff1-8f8a-0d6f3bd36d9c,Clockwork Beast,LEB,237,eb97c8db-ac6c-476c-b14d-87785e9c82f0,6,,Artifact Creature — Beast
6c877da3-68fa-41d0-8a24-8c79fcd8ecc1,Lotus Petal,TMP,294,32e5339e-9e4f-46f8-b305-f9d6d3ba8bb5,0,,Artifact
6c9bb8b1-fb79-4b99-ba09-c6e6c860de50,Demonic Hordes,LEA,103,2847c8a0-f6aa-4e4a-a7b8-fc116436a264,6,B,Creature — Demon
6cd01460-901c-4d75-bc29-e97ed26afc39,Cabal Coffers,MH2,325,7358e164-5704-4e78-9b21-6a9bf2a968ce,0,B,Land
6d14bd1a-068e-4338-8014-d5271cb2fe4d,Misty Rainforest,ZNE,10,09dd85aa-47bc-4713-a9b9-8b52ff2285ed,0,,Land
6d289cdd-3afa-48dd-9c90-3d8f9df79f16,Gamble,SPG,24,a54f0869-94c8-42af-9080-166efb9486a4,1,R,Sorcery
6d3c06a5-a0b2-47a2-a583-d579c24a44c9,Roaming Throne,MAR,99,3640c29b-1534-4952-b297-619ade948431,4,,Artifact Creature — Golem
6d3e3c3a-d351-4d91-8884-312d4b6f540d,Yawgmoth's Will,USG,171,322f0459-f394-44f0-977b-55fd0cbe0712,3,B,Sorcery
6d3ecc2e-7e49-4822-8330-32e57f05ee5e,Drudge Skeletons,SUM,107,c180ed02-07f4-4538-9bea-8c249234a8e2,2,B,Creature — Skeleton
6d47a1c7-d32b-425a-b15d-24eb35318f6f,"Kozilek, Butcher of Truth",UMA,6,7b8528b0-71eb-4c9e-bed9-aa2d2e84038f,10,,Legendary Creature — Eldrazi
6d545e9d-3b8e-44f5-8b4e-d8573ecc5819,Doubling Season,WOT,81,01546b7d-a233-4176-8843-d732074dc5b6,5,G,Enchantment
6d7cd274-ed83-475a-9b4f-adb9c780a6f4,Mana Crypt,2XM,361,2c63e4e1-89d2-4bc6-a232-94e75c4b1c8a,0,,Artifact
6d84e2d4-38bf-4d46-99a6-37c2dda66b16,Welcome to . . . // Jurassic Park,REX,7,a4b37d16-95b3-4143-a0b2-ad9f2aba91f8,3,G,Enchantment — Saga // Legendary Land
6d929c38-91e6-457c-937a-d1884f4bba44,Scryb Sprites,LEA,215,a1f20695-6f08-4d5c-9fba-b0018bee298e,1,G,Creature — Faerie
6d98bdb7-bdba-4e06-a122-9bcf131f4cc8,Throne of Eldraine,PLST,WOC-28,5b9a2b81-a645-43be-8001-03817ac210ca,5,,Legendary Artifact
6da045f8-6278-4c84-9d39-025adf0789c1,Burgeoning,C16,143,88cf4c1a-5863-45fc-b76d-7ad33b175b2b,1,G,Enchantment
6da8e15d-033e-41ab-9f95-656a5737bdac,Overlord of the Balemurk,DSK,377,652e87af-7cf0-407f-9fb7-1a630fb8dd47,5,B,Enchantment Creature — Avatar Horror
6daf1aab-1e58-4a5a-bc66-cb3f7c86e0e8,Pearled Unicorn,LEA,30,c071be90-0531-40cc-af46-0cbe80c4ddd4,3,W,Creature — Unicorn
6dc70f3b-844e-428c-a8cd-d6c6a55b925a,"Kozilek, Butcher of Truth",MM2,5,7b8528b0-71eb-4c9e-bed9-aa2d2e84038f,10,,Legendary Creature — Eldrazi
6dc7bd26-4028-4d51-8335-1323b70f9464,Earth Elemental,SUM,146,3c97c311-7ad5-47ec-b421-f6c3bfbda9fb,5,R,Creature — Elemental
6def4492-3f67-4cdb-8a25-c3ddebd125c7,"Sun Quan, Lord of Wu",PTK,56,70503280-6bdf-431d-8213-367a9783463a,6,U,Legendary Creature — Human Soldier
6e091dd6-149f-46ea-bae0-224e79e3aacb,Mind Over Matter,EXO,40,656afde2-cdf3-4907-a0fc-7ac93f5d3e03,6,U,Enchantment
6e169f68-d336-429d-bdd0-f034a53391a3,Dark Ritual,SLD,1170,53f7c868-b03e-4fc2-8dcf-a75bbfa3272b,1,B,Instant
6e2cf83b-417d-41ca-8e65-86aa65180c40,"Zhou Yu, Chief Commander",PTK,65,0b4742b7-e769-4354-beaf-6b4d18768ec1,7,U,Legendary Creature — Human Soldier
6e7b0e29-09d9-4b3e-ab94-f1f4a61d9159,Force of Will,DMR,418,956381ba-6d37-4a8a-846c-bad79222dbee,5,U,Instant
6e934462-bf6c-48ff-92a4-1df476c420b7,Jeweled Lotus,CMM,702,23216e59-f147-4bb7-a698-12777c2f8584,0,,Artifact
6ea9852b-78fa-4732-8801-4ce632270558,Mox Amber,BRR,35,7a43bd27-fdd8-41f0-9bc4-92568f3408f1,0,,Legendary Artifact
6eab6765-eba3-4844-81ca-ae37a6e903df,Transmute Artifact,ATQ,14,dbe792f9-22be-4972-b418-99a6190c4421,2,U,Sorcery
6eafa00b-c628-40f6-86eb-88e1361fc7a0,Plateau,LEA,279,c7a15ca4-085f-4d92-8387-c3711c04c8fa,0,RW,Land — Mountain Plains
6ed83401-0b7e-48c7-b1a4-8e97aec29960,"Yawgmoth, Thran Physician",FCA,11,a1e232c0-dc38-47be-a5a0-f68bc1d86a29,4,B,Legendary Creature — Human Cleric
6efb3b4c-ac12-406c-8517-9fccefdd1544,Goblin Recruiter,SLD,1313,792e1072-00bf-4f63-b956-5f20cdf09f11,2,R,Creature — Goblin
6f1c8cb0-38eb-408b-94e8-16db83999b3b,Forest,LEA,294,b34bb2dc-c1af-4d77-b0b3-a0fb342a5fc6,0,G,Basic Land — Forest
6f30ad61-fcb7-4d55-ba86-94de1bf545e4,Karma,LEA,26,fac4da47-f0b2-4b57-9703-e0ed100d3499,4,W,Enchantment
6f3b4542-bf78-4450-a4e0-bf757445c3c3,"Uro, Titan of Nature's Wrath",SLD,222,ee302659-59ed-4eef-babe-451b9ccf7f14,3,GU,Legendary Creature — Elder Giant
6f609594-ed25-4c7f-8829-ea9f735ddcab,Volcanic Island,FBB,291,c718911c-c955-4eb9-9e16-be4bd49a4e4e,0,RU,Land — Island Mountain
6f730eba-fef1-4d2c-bcaf-9fe51f6bf270,Bojuka Bog,SLD,1532,04b7362d-0490-4cb0-b5d7-2a7732f659ce,0,B,Land
6f941fee-aea1-4afb-ada4-7bbab39c2f6c,Bloodstained Mire,MH3,352,fc0707c7-d504-4ccf-a0d2-3eb6e26e7a57,0,,Land
6f9ea46a-411f-40ce-a873-a905180093f4,Balance,LEA,3,17fa98cd-ed8f-483f-9525-7e989a82ebb2,2,W,Sorcery
6fa6468a-335a-467d-aef6-e537af9d5c1c,Channel,LEB,189,d1b815d1-2848-40d4-a555-66822d1becbc,2,G,Sorcery
6fb9c77b-c028-46d9-8574-9bc9343b9cc2,Purelace,SUM,32,3773001a-8868-49ec-a406-298cf72359c2,1,W,Instant
6ff1cefc-62cb-4525-b0c5-2b09603b4314,Deathlace,LEA,101,fb80aaba-352a-4b58-8db2-1e02d542819c,1,B,Instant
701335fe-657c-408e-9030-85c9d6f4a666,Deadly Rollick,SLD,1754,0456ec64-2c81-4763-a352-8ff64a4c3d6b,4,B,Instant
7037f57a-ca89-41bd-bf7f-2f54593c0f48,Cyclonic Rift,SOA,14,d75b9c82-1b49-4c3e-a1b5-aeef57d6644b,2,U,Instant
7065deea-6117-47d4-9d72-fc67af5bb483,Counterspell,PLGM,1,cc187110-1148-4090-bbb8-e205694a39f5,2,U,Instant
70d0540f-93c6-4af5-ab2d-65e6c03001c7,The Meathook Massacre,INR,122,127de52b-df75-4342-95a0-20d84c5bf916,2,B,Legendary Enchantment
70d6c02e-0f48-4fb0-94f3-1fc92ee1814f,Mox Jet,2ED,263,0677f49e-f8bf-4349-af52-2ccde9287c2e,0,B,Artifact
70e7ddf2-5604-41e7-bb9d-ddd03d3e9d0b,Ancestral Recall,LEA,47,550c74d4-1fcb-406a-b02a-639a760a4380,1,U,Instant
710160a6-43b4-4ba7-9dcd-93e01befc66f,Rhystic Study,PLST,PCY-45,53236dd7-845a-444c-96d5-f41ed7325d8f,3,U,Enchantment
711d4d54-5520-4de8-9b93-79902ed8e562,Demonic Tutor,LEA,104,82004860-e589-4e38-8d61-8c0210e4ea39,2,B,Sorcery
714c3a1f-7b30-4ed8-8f38-6176758741fb,Sakashima of a Thousand Faces,CMR,89,8ecdaf4b-4442-42da-9714-4257a83faf50,4,U,Legendary Creature — Human Rogue
716c415e-5eb8-4644-ac64-5ba7c3f0ea65,Arid Mesa,MH2,436,c5acf2a5-40f4-433d-a74d-1cb56c521464,0,,Land
7178a1de-741d-49f1-b199-be772c82ad36,Dragon Whelp,SUM,143,705a1985-ed39-4a4b-812e-a677170b596e,4,R,Creature — Dragon
717f6d10-9144-4ade-9ac6-a481cc66b875,Badlands,LEA,277,13ff3222-91cb-4796-a34e-899ed817694c,0,BR,Land — Swamp Mountain
71911392-42b0-4b6d-baf7-918a4bd3b924,"Emrakul, the Promised End",INR,5,4e7a8817-1a66-45c3-ade9-eac79b40b89f,13,,Legendary Creature — Eldrazi
71dac70d-2b7c-42de-afe4-73839401b238,Armageddon,4BB,5,c9ed8b01-959a-47d6-891e-0abbdccf6e4f,4,W,Sorcery
71e491c5-8c07-449b-b2f1-ffa052e6d311,Scalding Tarn,MH2,254,cb027150-848c-4a66-88ad-e20222304dd8,0,,Land
71f1efaa-b92f-495d-8c6f-eb6c7481afd0,Mental Misstep,SLD,1179,1a0770e6-b093-4439-baff-6889a50ba12e,1,U,Instant
71fc8dff-4d26-4dfd-b279-d06e10cba54f,Torment of Hailfire,SLD,9992,30a0a6c2-1fbb-4784-ab96-22611d57e62c,2,B,Sorcery
720ecba0-a9dd-4adf-ad9d-0c068bf526fa,"Emeria, the Sky Ruin",SLD,1291,cc999cf2-c99b-4911-8c52-6cc4a99fcc7b,0,W,Land
723a163e-97c1-4177-a067-873bebd9a87d,Marsh Flats,SLU,1,dab520d0-20b4-4273-ba6b-eb07f85ea433,0,,Land
72450f69-9f56-44da-8aed-0edccc6ab142,Sensei's Divining Top,PLST,EMA-232,13575cf9-65c1-4861-b21e-eb2155e07766,1,,Artifact
72519051-4cf0-4273-8679-e0c1cb9e0c95,Swamp,PARL,3,56719f6a-1a6c-4c0a-8d21-18f7d7350b68,0,B,Basic Land — Swamp
726aa407-dadd-4575-aee2-b7888e67a722,Silver Drake,PMEI,2000-2,ec7eb7d8-92b2-4442-856e-a9790301c3b3,3,UW,Creature — Drake
726fe2e7-bd1b-4c11-a098-6c8abfbdf06e,City of Ass,UNH,134,e043a795-6936-4d7e-9a77-e0175a27c8f5,0,,Land
729feb73-4581-4f9d-ba47-bece72481b86,Nicol Bolas,LEG,246,e26bf6a9-b31c-4bc0-b55b-c01f2f69be6b,8,BRU,Legendary Creature — Elder Dragon
72e805e9-69be-45c1-aa04-f460641a0c1e,"Ghalta, Stampede Tyrant",LCI,185,b8f16311-be5a-4648-b024-849a61dff0bc,8,G,Legendary Creature — Elder Dinosaur
72ea2048-57bc-43d5-8987-33ca727f1a97,Chaoslace,LEA,139,08842aa3-f923-46e9-a106-f542331e9cc1,1,R,Instant
7302619c-b202-493f-9e02-a831a08abc3f,Lightning Greaves,PSAL,L2,ca204b66-8d0c-431a-8d34-282f7c2d17da,2,,Artifact — Equipment
731a4b86-c213-4d8e-bf01-0a0e8cff0ff1,Roc of Kher Ridges,LEA,170,01f07ab9-3c3e-4fea-9cd6-543a5b7056b8,4,R,Creature — Bird
7333e089-dc31-4c2f-9230-c2033d95c7e6,Talisman of Progress,SLD,1052,00e35322-1a9a-41e3-9ce1-359c8eaa3bc7,2,UW,Artifact
7337d01c-fa94-477a-bac9-40682bbb84d7,Brass Man,SUM,238,64f56228-7874-4465-ba58-1049083ea02f,1,,Artifact Creature — Construct
733933dd-c871-4f75-8b08-d7c010dddbe6,In the Eye of Chaos,LEG,61,6a0da9f3-cb06-42b1-ae73-b142c0eedaff,3,U,World Enchantment
73558b8d-fb08-4df5-99e3-d4c11c9ccfa7,Parallel Lives,WOT,58,84dc94b2-95fb-4d53-aaa2-191cb645639f,4,G,Enchantment
736e4bf1-fee9-47cc-9bbc-093f21c77297,"Zhang He, Wei General",PTK,95,fe35b809-7439-4bdc-bce2-42262095064f,5,B,Legendary Creature — Human Soldier
73731e45-51bb-4188-a54d-fdaa4bdfaf1f,Toxic Deluge,2XM,345,afaef788-34d1-460b-b884-9d7ae6ddeb18,3,B,Sorcery
73a065e3-b530-4e62-ab3c-4f6f908184ec,"Elspeth, Storm Slayer",TDM,11,f78af825-023a-42e9-8374-5c52303a1417,5,W,Legendary Planeswalker — Elspeth
73a2a070-464e-4749-87f1-2df5c8b2a93b,Will-o'-the-Wisp,2ED,136,8b60fcfe-fb90-4a00-a708-25b59bfc9b5a,1,B,Creature — Spirit
73ae5276-b607-4f23-a9d2-e8cc7b8e3693,Gray Ogre,LEA,156,83c8a3a6-2e1a-4e26-8847-6d066f42d906,3,R,Creature — Ogre
73b6b789-00c5-4d72-8fb3-6808bfbf0144,Psionic Blast,LEB,75,7f221ad6-7ec4-483d-a6b5-1456c95c1cad,3,U,Instant
73c76f5d-d866-4eb7-b2d2-fc6ecf982f8e,Stasis,LEB,81,a8cf1379-0195-4e11-b994-481ef1284245,2,U,Enchantment
73d51a3c-95c0-4810-b847-4b8afd12fd64,Mirri's Guile,TMP,236,7f89c0ee-b914-406c-8a3f-98424a52ae14,1,G,Enchantment
73d95016-fe42-4ff8-924a-f568f6de8d88,Stasis,FBB,83,a8cf1379-0195-4e11-b994-481ef1284245,2,U,Enchantment
73e3e0b3-5284-464f-8c62-0f7801c966f5,Mana Short,LEA,65,48207d1c-448a-4e1b-974a-642dfea75933,3,U,Instant
73e85dab-5887-47bb-b5f2-fd11ff77ef91,Talisman of Indulgence,SLD,1054,1d9aeaaa-66f6-41cb-9bac-162d6fd8662c,2,BR,Artifact
73f24785-c7b3-46ab-833e-666af3d86c63,Voice of Victory,TDM,331,b12cbda1-ac09-49eb-96b3-a4df27bc37ea,2,W,Creature — Human Bard
743e0f1e-55ab-429a-b9f1-769b008ad06a,Mana Short,2ED,66,48207d1c-448a-4e1b-974a-642dfea75933,3,U,Instant
747d4c99-0287-4138-af13-6244f33d2e57,Nightmare,2ED,119,375932e6-1b3e-48dc-8154-9b664c3add34,6,B,Creature — Nightmare Horse
7482a8ad-29ba-4f3a-b1fb-1175e306f724,Food Chain,PLST,MMQ-246,5c8e5092-962e-49ef-ab82-8434e475e4e7,3,G,Enchantment
74b109df-ce9e-4448-a5d5-3f53cf892731,Forest,PGRU,5,b34bb2dc-c1af-4d77-b0b3-a0fb342a5fc6,0,G,Basic Land — Forest
74b22007-9def-4c0f-921c-555483cc3deb,Meekstone,LEB,261,5ba73182-30a7-4bad-9cb6-c0feecc2db33,1,,Artifact
74e5dcec-ef1d-4461-bb23-61d98ff082dd,"Avacyn, Angel of Hope",INR,477,216cb26e-8da9-478b-bfbc-8030f7adee72,8,W,Legendary Creature — Angel
74ebf1c8-dade-4d09-8aba-7b7f7626ce87,Desert Twister,SUM,192,6f880348-6dc8-4cf8-9313-9893c41a70a3,6,G,Sorcery
7536292c-da25-41c8-ba28-1e35758a7f3d,"Minamo, School at Water's Edge",CHK,279,17784f90-89a1-47a5-83ef-ae60dfc30bd1,0,U,Legendary Land
755a45bd-8fe6-4e4d-8065-024a2836751b,Giant Growth,LEB,198,5748ebf1-24e3-499d-ab7c-c2cebd462a24,1,G,Instant
75798ac5-9843-4a8b-a5f3-dbd38b4e4bad,Savannah Lions,FBB,39,60ba93eb-39e6-4af2-9c66-cd38f72daff2,1,W,Creature — Cat
75a4e843-937c-47fb-8768-0f42c5cb4e4f,Scorched Ruins,WTH,166,6ee68855-c8c5-422b-88da-163c09a96416,0,,Land
75a58f0b-c772-4254-8686-182d26889f9c,Fungusaur,LEB,196,3e771f5b-2de3-4a1b-8281-ab1f7491e5a1,4,G,Creature — Fungus Dinosaur
75b03c30-c2b8-4207-b675-26c59c40a7e5,Dust Bowl,MMQ,316,d3df7128-31dd-4d71-90be-87e2e9ff51b4,0,,Land
75bc0682-f21a-4c35-bdb2-deb10a6cd8b8,It That Betrays,SLD,1176,b11187ab-f8a8-422b-b550-4495f96de0f2,12,,Creature — Eldrazi
763d7fcb-e5f0-4438-8d35-8beb4cc015e4,Ancient Brass Dragon,CLB,389,7d79fb4e-2ca0-404a-9663-1f5abce6e733,7,B,Creature — Elder Dragon
763fee38-68bf-4c2f-837f-bd5077138368,Bojuka Bog,LTC,358,04b7362d-0490-4cb0-b5d7-2a7732f659ce,0,B,Land
765fd969-d3da-426a-8bf2-d4e1bb7ae878,"Emrakul, the Aeons Torn",2X2,335,900ca697-ad38-4b2b-bc74-2ff7eb6ea951,15,,Legendary Creature — Eldrazi
768f3a05-bd06-4a23-b9f2-94f6e618fd9f,Vesuvan Doppelganger,LEA,87,aeaccab9-3e2c-4a40-a483-52c4972b2014,5,U,Creature — Shapeshifter
769326d4-60af-4b19-85d9-d96d3acdb56e,Shadowspear,PLST,THB-236,8b27326f-e7b8-4a4d-b589-df459246d19a,1,,Legendary Artifact — Equipment
7695a48e-391a-4ac1-93d6-35373e13718f,Vault of Champions,CMR,715,ebc5ac83-08d4-4d6b-b840-0c4ba71a38ab,0,BW,Land
76a5c5d2-921d-464f-8a9f-faeabc11f50e,Power Sink,SUM,74,39412e6d-2837-4729-abf9-e64a5ba87e40,1,U,Instant
76ac72f8-5b1e-4d67-a796-ef69cde27424,Black Vise,LEA,233,de7839fb-7040-48ab-a6d4-d1952972943d,1,,Artifact
76ae81ea-13e3-4ab8-b956-4c7b139a5e9c,Corpse Dance,TMP,116,59b02ca7-e7bd-4820-ac32-87ea1a8c64c0,3,B,Instant
76cc445b-ccd4-4c93-8c7c-fa6582567111,"Nykthos, Shrine to Nyx",PPRO,2022-3,84dc18f0-8225-4b40-a165-b10321e41769,0,,Legendary Land
76e5ee8a-34e5-4a2e-a04e-9fcdc7e53dda,City of Shadows,DRK,116,043192d8-6077-46c3-b43f-b7caf6762869,0,,Land
773813a8-723f-4c26-9e0a-a01b2faada98,"Thorin, King of Durin's Folk",HOC,3,6aabead3-3c81-40b8-8a8d-8f817094d84d,5,RW,Legendary Creature — Dwarf Noble
775480ed-f574-40cb-bd9b-21102eaaff63,"Karlach, Fury of Avernus",CLB,186,037355be-71e7-4866-80a6-80352c304970,5,R,Legendary Creature — Tiefling Barbarian
77636b4c-faea-4bf5-b88c-dd5bb88dc930,Giant Spider,LEA,198,e740ce2f-2134-473c-afa1-1b6d2d1e38ef,4,G,Creature — Spider
776ad9be-3309-4f1d-9f27-6219d9477662,Red Elemental Blast,LEA,169,bb329a5c-b9f9-4973-a53f-090024146325,1,R,Instant
778d10e6-251b-4ef3-b9b8-bc23a0d74aed,Mana Vault,2ED,260,736892cb-a34b-4bb9-b56c-e26e3db207a2,1,,Artifact
77ad722a-d6f3-483e-bd13-e0923cc8a265,Vampiric Tutor,DMR,314,ededbdae-d9dc-4206-9335-d7158f2d7700,1,B,Instant
77be13ed-5ef5-4452-a16f-ccd3599d8555,Demonic Tutor,PLST,DDC-49,82004860-e589-4e38-8d61-8c0210e4ea39,2,B,Sorcery
77ceba8b-de19-4db8-b5a7-f5df49bf241f,Old Gnawbone,AFR,197,dff3f4c7-f792-4ca3-9b0a-0738e70664d9,7,G,Legendary Creature — Dragon
77d16cf5-d85a-44cf-aaac-c4134837cbe4,Counterspell,SLD,7123,cc187110-1148-4090-bbb8-e205694a39f5,2,U,Instant
77f130c7-0138-4a1a-9f67-62d2c302dc48,Teferi's Protection,C17,8,0d4ecdb1-ec90-497f-a7a4-1c68092b8757,3,W,Instant
7815c90b-f7f7-46ac-9dc1-fc3d8cfdbac5,Sakashima the Impostor,SLD,1232,a7243d25-22a2-4df5-adaf-1f40f5330ec1,4,U,Legendary Creature — Human Rogue
78373616-e2d6-4ccf-998f-09f02bea45b4,Blood Moon,DRK,58,94fac5fe-97d5-4c12-a80c-8efff9d853ae,3,R,Enchantment
784cc686-e5a2-4835-8ff2-820461868ffa,Earthbind,SUM,147,e8e35b49-8cfb-4fb5-89aa-8050f15b11bf,1,R,Enchantment — Aura
78a9088f-8755-47cb-aa93-51d992ccab90,Hurloon Minotaur,LEA,158,8f1dae40-b307-446e-bbd2-86aa35813871,3,R,Creature — Minotaur
78b14ae1-fc8b-43df-b6a2-e9f8edc0b8dd,"Thrasios, Triton Hero",SPG,16,3d867016-2601-4a37-a73d-308898d3bd37,2,GU,Legendary Creature — Merfolk Wizard
78ee3eb7-6fb4-4dc0-8338-9666fe58ca71,Benalish Hero,SUM,4,4c81cfb7-8765-4e28-ae33-4287fa9a86cc,1,W,Creature — Human Soldier
7928bb14-7631-4830-a756-26d1ea832ba2,Blightsteel Colossus,MBS,99,e80772e2-8623-4094-81a2-70828b2b151c,12,,Artifact Creature — Phyrexian Golem
793656ed-acbe-4fec-bac5-96778f234e72,Nether Shadow,SUM,118,c358b9e2-524c-434b-b3fa-74d2aa6d1df7,2,B,Creature — Spirit
79427109-c1f3-476d-a029-0049217237b5,Pendelhaven,LEG,305,f70e72e1-9abe-485b-9fea-e8b35352f5b3,0,G,Legendary Land
794663d5-b397-4775-9921-30184bc36aa9,Nuka-Cola Vending Machine,PIP,358,6cfb03e5-aca6-4fe2-a3f1-93e1f0cbf9e1,3,,Artifact
797b30b0-bc82-43fd-a842-d5879e2441bd,Polluted Delta,MH3,465,ef86989d-ce80-4e55-aece-7d11710eeffa,0,,Land
798c0faf-0de2-4397-8f03-2120d2a35351,"Minamo, School at Water's Edge",LTC,369,17784f90-89a1-47a5-83ef-ae60dfc30bd1,0,U,Legendary Land
7993b049-09d8-4c1a-9455-bb092249e0b6,Aetherize,SLD,1667,7c779721-cd1b-4696-9ae9-68ccc284ed2a,4,U,Instant
7996ab8e-5fa4-4d39-8c7b-12e4258bf8a9,Flooded Strand,MH3,353,f3c7af78-a77d-4134-82a2-a5ce84285a84,0,,Land
79976df3-e989-4f99-8534-dca962f85e3d,Counterspell,4BB,65,cc187110-1148-4090-bbb8-e205694a39f5,2,U,Instant
79b2d33b-2689-4d03-b297-a196b376804d,"Jace, Wielder of Mysteries",SLD,1576,5277a68e-1ceb-4b40-8e10-3d0564f5d7be,4,U,Legendary Planeswalker — Jace
79c291b1-bbe1-42f9-8b8d-14afec9c218a,Fastbond,FBB,194,e27193b7-1a47-4555-865d-b1fd4c6d597f,1,G,Enchantment
79cc2242-6064-4c90-a46b-0e59144bc04a,Taiga,SUM,287,22e3cf1d-3559-4ce1-954c-8dc815342979,0,GR,Land — Mountain Forest
79d24cf8-107e-4b5b-a4f5-a7498647abef,"Kaito, Bane of Nightmares",DSK,328,fa43077b-5d8b-4fb1-8dda-2a9185e6715e,4,BU,Legendary Planeswalker — Kaito
79d70eaa-33fe-4fcc-947f-f6c44c97b14f,"Avacyn, Angel of Hope",INR,482,216cb26e-8da9-478b-bfbc-8030f7adee72,8,W,Legendary Creature — Angel
79fe9e5e-3ddc-4b15-81d5-9659cd087649,Island,PGRU,2,b2c6aa39-2d2a-459c-a555-fb48ba993373,0,U,Basic Land — Island
7a20dcb0-5350-40e0-82d3-c8d0186fc9d2,Sol'kanar the Swamp King,LEG,259,b8aac8e8-4588-4cb9-8b95-5c4abab1c48b,5,BRU,Legendary Creature — Demon
7a28dab1-f28d-4ac5-b5a2-f79b14e11b06,Circle of Protection: White,SUM,13,5f46f86a-9779-4ed3-99cb-76a03d380598,2,W,Enchantment
7a483778-b88b-473f-9217-7583e69b3e70,Sylvan Library,CC1,5,92eed395-62ca-4293-882b-8565c40daab5,2,G,Enchantment
7a601041-926f-40fd-8106-39099b87806f,Chaos Orb,2ED,236,edb455f4-8dc9-4b7c-b25c-cb51b7dfbb41,2,,Artifact
7a7017e0-963a-4409-a995-00ec54041461,"Kozilek, Butcher of Truth",PLST,UMA-6,7b8528b0-71eb-4c9e-bed9-aa2d2e84038f,10,,Legendary Creature — Eldrazi
7a79190f-de60-4eb6-b925-594eb76ca8c3,Vampiric Tutor,SOA,100,ededbdae-d9dc-4206-9335-d7158f2d7700,1,B,Instant
7a7c5941-9c8a-4a40-9efb-a84f05c58e53,Windswept Heath,ONS,328,29737a60-3ebd-40d9-b935-c4f54b90d45d,0,,Land
7a87f8bc-1b3e-4cb2-9343-5f008e942411,Force of Will,SOA,19,956381ba-6d37-4a8a-846c-bad79222dbee,5,U,Instant
7a8db21f-722b-4a07-985b-8d25a0b0006a,Sol Ring,LTC,408,6ad8011d-3471-4369-9d68-b264cc027487,1,,Artifact
7abd2723-2851-4f1a-b2d0-dfcb526472c3,Verdant Catacombs,ZEN,229,67d60b24-d429-4ded-90d9-06e49f28c396,0,,Land
7af082fa-86a3-4f7b-966d-2be1f1d0c0bc,Smothering Tithe,RNA,22,153376c9-dffd-458c-8ce3-a4c8269bc4e9,4,W,Enchantment
7afa0ee5-a0b8-472e-9991-09402ddb5de3,Allosaurus Shepherd,2X2,132,98295bdc-db58-4e1f-ad4c-63092aea207e,1,G,Creature — Elf Shaman
7b0b0520-f792-4201-bd4c-22b7d7824b52,Chromatic Orrery,LCC,107,95c3976c-33f3-490b-bfd3-7f1af2fe0416,7,,Legendary Artifact
7b0ca1f4-391d-40fc-b53e-ffb6e4d4c061,Serendib Efreet,FBB,79,dd520d83-297a-487f-b8f3-4997bbc056e0,3,U,Creature — Efreet
7b112a10-ac40-4353-bbdd-e5efd4546330,Sindbad,ARN,21,dc81069b-b2cf-44b3-98fc-45bb24b815cb,2,U,Creature — Human
7b218531-9f5c-4ffb-9d2f-f2ead5b9f221,Opposition Agent,CMR,651,1f438b8f-fe23-4f3b-ab2e-f6c33676c462,3,B,Creature — Human Rogue
7b3f0e26-7784-452d-acc8-9f7181e0f7d5,"Nissa, Resurgent Animist",MAT,162,c1fc5923-c3cd-448a-98d1-c154661c2812,3,G,Legendary Creature — Elf Scout
7b469eaa-21f4-44a2-a1e9-a44dad2b5099,Shatterstorm,SUM,176,96ce2403-4607-440a-92ae-80aceb458c5d,4,R,Sorcery
7b52f459-c703-4a0b-9114-ff69eec61287,Control Magic,LEA,52,cd0d7141-46d2-4aa3-bc77-6b3b4513803e,4,U,Enchantment — Aura
7b633ac2-bf98-42bd-8c26-8737a7d8edc7,Reflecting Pool,TMP,322,67f43ac6-2a58-4b53-b5d7-0330e2a252e2,0,,Land
7b8197b9-0cd1-4fa1-9668-d1b5f1759151,Phyrexian Dreadnought,MIR,315,a7950edb-5670-46fd-a30e-0fe888a5a32b,1,,Artifact Creature — Phyrexian Dreadnought
7bae726c-40b3-4f68-8ca7-0400a92d0495,Scroll Rack,PLST,TMP-308,648bd03d-247e-4d6f-87a9-12a67688cbf5,2,,Artifact
7bcfc82b-3e8a-4785-a87e-e96b5bfca90f,Aggravated Assault,SLD,1026,20129459-a386-41eb-899d-1aede3427300,3,R,Enchantment
7bf6baf2-d20b-467d-8929-abefcf7dfa99,"Purphoros, God of the Forge",THS,135,4fdbbec2-e921-4b63-958d-f9ba1e417197,4,R,Legendary Enchantment Creature — God
7c01cae0-4d61-4bf7-a145-82d9bb11d816,Manabarbs,LEB,164,0f1afedd-c60f-454f-b84a-c8117aec0128,4,R,Enchantment
7c024bae-5631-4e20-ac69-df392ac9e109,Orcish Bowmasters,LTR,103,ea5103f5-27e0-4eb1-902c-7f34652d6bf3,2,B,Creature — Orc Archer
7c23360d-ff57-412c-9899-6050cb481da6,Akroma's Memorial,SPG,81,967e8b3f-8266-4d9a-a38b-d0e10184e1e4,7,,Legendary Artifact
7c3271da-cc20-48c2-ac61-b64a8e47f9e5,Counterspell,SLD,SCTLR,cc187110-1148-4090-bbb8-e205694a39f5,2,U,Instant
7c439c5a-b4a5-411b-9e68-fb8438ccdfb0,Ice Storm,LEB,202,a0b97e33-2d0c-4800-a9f5-9cd9be651ea8,3,G,Sorcery
7c666b4b-c4ff-40ca-9d16-c76aafebaa83,Counterspell,2ED,55,cc187110-1148-4090-bbb8-e205694a39f5,2,U,Instant
7c67788e-d713-47c3-ab9f-b8a6212ae24f,Smoke,LEA,175,8aa97d25-cd51-4ceb-b7eb-af64f0914a8c,2,R,Enchantment
7cb5acb6-14af-4e17-8e6c-b44122bd81e4,"Sephiroth, Fabled SOLDIER // Sephiroth, One-Winged Angel",FIN,451,70113003-be5e-406a-9aec-cb480468c36d,3,B,Legendary Creature — Human Avatar Soldier // Legendary Creature — Angel Nightmare Avatar
7cb88a03-7092-4d31-a9f1-4f16e39bc537,Mountain,LEB,298,a3fb7228-e76b-4e96-a40e-20b5fed75685,0,R,Basic Land — Mountain
7cb981e3-2db7-48c8-83fb-f36ac43689e1,Orcish Bowmasters,LTR,554,ea5103f5-27e0-4eb1-902c-7f34652d6bf3,2,B,Creature — Orc Archer
7cd58bb6-dba2-4ab6-a03e-150aa7f5c216,Grave Pact,HOP,28,6f4ac4a4-53ec-4bc9-8f5c-d4b801d867b2,4,B,Enchantment
7d37b529-8a41-4177-abef-614f363e69d1,Word of Command,LEB,137,e8ad3a77-b293-4d69-b080-27ca9f95d443,2,B,Instant
7d3b2b9f-623f-4993-ad45-099ec3b570c6,Sonic Screwdriver,SLD,803,cd68cc31-12fd-48ff-b37b-bccfe4172974,3,,Artifact
7d635dfb-0a48-4965-82d1-d98f943bb28d,The Queen of Dale,HOB,217,a2ec1dd0-86c7-423d-b562-ed95b79bf8f7,2,W,Legendary Creature — Human Noble
7dae100a-ea1d-45f3-b47c-b278cda462ad,Necropotence,SLC,1995,94a844d2-0574-45a7-b347-e0e329767c42,3,B,Enchantment
7db50dae-5d50-4682-8fe4-beb48be103c2,Delighted Halfling,LTR,609,f9d3b046-0b95-4103-a630-4b3fb88bb60b,1,G,Creature — Halfling Citizen
7e18d625-0950-4062-8d41-f8b681eff234,Scrubland,2ED,282,c8d95ca8-7d12-4072-aeaf-e20f248c7e39,0,BW,Land — Plains Swamp
7e689df7-b85d-4346-bee8-5e978b5cbbbc,Goblin Sharpshooter,ONS,207,d81285b7-a718-411a-8be3-ecc0cfe0bcb0,3,R,Creature — Goblin
7e88740e-f2ba-4fb7-ac2a-2e6313b7745f,Onulet,SUM,269,598f948b-bdd3-490f-b3e9-f0f9dc470522,3,,Artifact Creature — Construct
7e8cbd3c-e88d-4d08-8553-20dfbad5f833,Krovikan Vampire,JP1,3,8fa93c01-f9ea-4d48-a040-418d1ca6be19,5,B,Creature — Vampire
7eb0cb82-d930-43c3-a6d6-f947018d45d6,Smoke,LEB,176,8aa97d25-cd51-4ceb-b7eb-af64f0914a8c,2,R,Enchantment
7eb71ac4-796d-4011-9002-1129bc09c284,False Orders,LEA,147,38c5c952-8153-4d98-89b5-a75260383345,1,R,Instant
7ecdb244-aeb5-42ef-b1ce-e586580c6b6c,The First Sliver,SLD,1371,55e4d4b2-1bd8-4c29-a21a-c014a974b715,5,BGRUW,Legendary Creature — Sliver
7ee63877-056e-413d-932a-a393a4183686,Raging River,2ED,169,a2310312-6e1e-4e34-a351-9aef499a810f,2,R,Enchantment
7f07e272-6cc7-46d6-ad5c-473d1021c179,Blue Elemental Blast,LEB,50,65e1558c-6b09-4ddc-b520-f19f4fb972af,1,U,Instant
7f09d805-ce3a-4f5a-8ea3-fe07f652af3c,Circle of Protection: Blue,SUM,10,d7572f17-f85d-45c0-ac64-43aac760eafe,2,W,Enchantment
7f1b99e0-ffb7-4f98-8ee5-4357bb79dd2e,Last March of the Ents,LTR,172,3999cd64-ff5c-4e2c-8aa6-d14f9f8a2b4c,8,G,Sorcery
7f273641-c5f3-48bc-b89e-3cff52d26a0b,Gemstone Caverns,TSR,280,c0adbddc-b070-4c5f-afe0-0474c72a9251,0,,Legendary Land
7f296a5a-9e6c-4432-bf9b-fafbcccb6e62,Doubling Season,MMA,141,01546b7d-a233-4176-8843-d732074dc5b6,5,G,Enchantment
7f4893ef-f983-418b-b7a4-5f073c844545,Crucible of Worlds,2X2,303,33c722cf-b4bf-431f-aefd-ee96241a7fbf,3,,Artifact
7f4af6c8-c419-42a9-ae5e-c3b73ea5eeea,"Tidus, Yuna's Guardian",FIC,205,e8fbcafd-3617-4cd7-b55d-457fb7b60162,3,GUW,Legendary Creature — Human Warrior
7fb99a26-beeb-4aca-bb02-b2d2ce0595f9,Mana Flare,LEA,162,97159138-c34b-416e-b079-5c952383a243,3,R,Enchantment
7fc1d7db-11a3-4ff9-8d27-1fe401053080,Damnation,SLD,121,d57a8f0b-7989-4db5-8756-6f2690097252,4,B,Sorcery
7fd2fe13-bbc0-42b7-bc42-3b51910ce118,Replenish,UDS,15,523ae937-5535-490d-96ea-07f331b5e5ad,4,W,Sorcery
7fe98f7c-e6c0-4632-96da-a4c2e1a1c094,Command Tower,SLD,806,0895c9b7-ae7d-4bb3-af17-3b75deb50a25,0,,Land
7ff965dd-54b4-4f21-a52f-81c0dd1e691e,Anvil of Bogardan,VIS,141,9deb2a0b-f40c-4d13-8321-41dc41448d24,2,,Artifact
7ffaedb9-25f8-4304-9085-e12505b93312,Stone Giant,LEA,176,0b8e3f9b-a4da-49a3-8545-ce7a265e5856,4,R,Creature — Giant
801b124d-3546-4882-a6e1-c9c353628a18,"Mikaeus, the Unhallowed",DKA,70,5d27c63e-d1ef-48af-b51d-01ebc6daeac9,6,B,Legendary Creature — Zombie Cleric
808cad10-69d5-4e14-9834-476c53ec97e4,Ankh of Mishra,2ED,231,63c1eda1-3e6f-4e9c-adf3-a43164df98bb,2,,Artifact
80a04912-633d-4f67-b200-d55735438f76,Delighted Halfling,LTR,363,f9d3b046-0b95-4103-a630-4b3fb88bb60b,1,G,Creature — Halfling Citizen
80be0580-7948-4d8e-8c0f-5e2797ac411b,Living Lands,LEA,209,8f0179fe-6d7d-49cc-ab06-d3b402c6fc8d,4,G,Enchantment
80c235ae-8297-4860-babe-de4a9df48c58,Gemstone Caverns,EOS,61,c0adbddc-b070-4c5f-afe0-0474c72a9251,0,,Legendary Land
80f88df1-4e1a-4557-bb7a-1ac86641043e,Bitterblossom,SLD,12,fb868840-09fa-49b1-85cb-b08ad065e972,2,B,Kindred Enchantment — Faerie
8105973c-a94d-444c-ba20-ab0fa978bee8,Nettling Imp,LEA,117,c58dfcbf-49e6-4ef0-bd31-ebd81b0cfa41,3,B,Creature — Imp
8118282a-1473-4c0b-a283-1f58e0d0209a,Counterspell,STA,78,cc187110-1148-4090-bbb8-e205694a39f5,2,U,Instant
81264242-bdac-4342-9420-16e7c2c84ee6,Aladdin's Lamp,SUM,231,2aa2f96b-5784-4767-b9ea-b8d9222cb1de,10,,Artifact
812a0a10-0765-499f-8581-c4d7e0e81299,Demonic Hordes,2ED,104,2847c8a0-f6aa-4e4a-a7b8-fc116436a264,6,B,Creature — Demon
812f4d5c-aacf-4bd8-849d-80a357a7804d,Morphling,USG,85,19f233b2-8be6-4172-abf9-b132fc3393d9,5,U,Creature — Shapeshifter
813057d4-ec5b-4ec4-a6ad-8f53cc49b827,"Ashaya, Soul of the Wild",SLD,2014,162572f2-1757-42e9-bd97-e6bd9a762c0e,5,G,Legendary Creature — Elemental
814245de-6105-43ef-acbf-d12d304b6331,"Akroma, Angel of Wrath",LGN,1,107f204c-9fd3-490d-8887-be63d14fc6a4,8,W,Legendary Creature — Angel
8144418b-e3e5-459f-8db2-f2e348fba4da,Fork,LEB,153,50c53ae0-51ba-4046-ac74-87c65e688032,2,R,Instant
8145fed6-6b51-420a-84cf-4ea5e0aa1883,Bitterblossom,MOR,58,fb868840-09fa-49b1-85cb-b08ad065e972,2,B,Kindred Enchantment — Faerie
814cf35c-f1ad-4bf4-8c10-a5592c3b1be8,Shanodin Dryads,LEA,216,998484cc-fefc-4da5-9987-5d6e89599c34,1,G,Creature — Nymph Dryad
81564970-23ad-41a3-b5e0-21bdf13f6248,"Yawgmoth, Thran Physician",TSR,336,a1e232c0-dc38-47be-a5a0-f68bc1d86a29,4,B,Legendary Creature — Human Cleric
81706879-ec5d-4b17-b4bc-5f7cb37557a5,Watery Grave,UNF,278,fc9ec820-4245-4a96-b009-5308a818ca58,0,BU,Land — Island Swamp
81917a2b-9bf6-4aa6-947d-36b0f45d6fe3,Sylvan Library,REN,158,92eed395-62ca-4293-882b-8565c40daab5,2,G,Enchantment
819798cf-f685-49b6-b1fd-6bb75fc1f050,Super Shredder,TMT,217,b7ee76bf-d15a-489e-8f05-414788f8f649,2,B,Legendary Creature — Mutant Ninja Human
81ad48fa-9464-40bf-8bf5-af31a6a38fb3,Arid Mesa,SLU,4,c5acf2a5-40f4-433d-a74d-1cb56c521464,0,,Land
81d6b979-251a-4736-86f0-35a6c8b492c9,Call Forth the Tempest,LTC,509,0623c51a-e829-413f-a3a0-817c0902821e,8,R,Sorcery
81d73362-43c1-4dd0-87dd-9aa7ae13ff2f,Basalt Monolith,LEB,232,6b8cf2a0-b045-4d91-9d91-c602d40c6237,3,,Artifact
81e57561-17d4-48db-8e40-f41019010bc9,Gamble,SLD,188,a54f0869-94c8-42af-9080-166efb9486a4,1,R,Sorcery
822e30db-40c5-4099-868b-185ad9b7c7dc,Imperial Seal,PTK,78,16cd0b90-f70c-4efa-b252-8de8784ef9a3,1,B,Sorcery
8296a455-21d5-498e-9029-2bdf0da855a8,"Mondrak, Glory Dominus",ONE,23,fe83087d-c6c1-40be-9295-baaa1c6b2db1,4,W,Legendary Creature — Phyrexian Horror
829bbc9b-9185-4d9b-8e4e-9f04ece48fff,Wasteland,LTC,376,09a70ae8-3859-4a09-901d-dce063fa3b5f,0,,Land
82ae30e8-2dcd-46b8-925b-cc24e11fb95d,Boris Devilboon,LEG,223,913aed6d-60c3-4d08-baf8-359e2c41a797,5,BR,Legendary Creature — Zombie Wizard
82da0972-b17b-4600-9efd-e9430a0db04b,Mox Sapphire,LEA,265,d5ed1233-df87-4b90-8918-13922ec95249,0,U,Artifact
82f70920-94ca-4cc6-9ad7-bc2f28d6b615,Bruvac the Grandiloquent,PLST,JMP-10,274b999f-f193-48fd-9a4a-0fdaf535e6c3,3,U,Legendary Creature — Human Advisor
82fa24fb-aecc-4c33-9e79-c29651ddafbe,"Ulamog, the Ceaseless Hunger // Ulamog, the Ceaseless Hunger",SLD,1122,,,,
830eb270-f7aa-4694-8fe1-7c19e148a39f,Breeding Pool,UNF,286,20283c4a-f1f0-42f0-bc08-6da87474426b,0,GU,Land — Forest Island
83240eaa-edb4-4bd3-b193-29470cf46828,Force of Will,DMR,284,956381ba-6d37-4a8a-846c-bad79222dbee,5,U,Instant
83316930-d6ad-46ce-9b40-48eea856d95b,Steal Artifact,LEA,81,cd8ae9f2-edac-473a-8846-c08219e617c3,4,U,Enchantment — Aura
833936c6-9381-4c0b-a81c-4a938be95040,Nazgûl,LTR,100,48a62778-7c11-486f-a0e1-020c283a7ef9,3,B,Creature — Wraith Knight
834b27a0-dfd7-4f96-8cde-cacac4b24acc,"Nykthos, Shrine to Nyx",THS,223,84dc18f0-8225-4b40-a165-b10321e41769,0,,Legendary Land
8352e8b6-c947-49f3-a653-a6af65d3e9c3,Balance,2ED,3,17fa98cd-ed8f-483f-9525-7e989a82ebb2,2,W,Sorcery
835df088-5860-46b1-9c4d-3607d0293963,Sol Ring,SLD,2315,6ad8011d-3471-4369-9d68-b264cc027487,1,,Artifact
8384f87b-26c2-45b7-98ef-352c384f205e,Tetsuo Umezawa,LEG,262,ff132d04-c3a9-4949-83ba-d80bcbcd7b9b,3,BRU,Legendary Creature — Human Archer
839e97b5-c04d-4088-af4e-fa64f4575e51,Island,SLD,1469,b2c6aa39-2d2a-459c-a555-fb48ba993373,0,U,Basic Land — Island
83a46e68-7fb5-4c17-b5aa-ed039cea59d6,The Ozolith,LTC,351,1946ded1-5f53-409f-b0a6-5433bb0357d2,1,,Legendary Artifact
83c01c91-ea01-46c7-b94c-97777b968459,Sensei's Divining Top,EMA,232,13575cf9-65c1-4861-b21e-eb2155e07766,1,,Artifact
83c82209-47d5-4c4c-b8ec-96ab907e15d3,"Sephiroth, Fabled SOLDIER // Sephiroth, One-Winged Angel",FIN,317,70113003-be5e-406a-9aec-cb480468c36d,3,B,Legendary Creature — Human Avatar Soldier // Legendary Creature — Angel Nightmare Avatar
83f5909b-06eb-446a-8102-1421d4662ba4,"Elspeth, Storm Slayer",PTDM,11p,f78af825-023a-42e9-8374-5c52303a1417,5,W,Legendary Planeswalker — Elspeth
8405c30f-89bc-4210-a430-2521294f3302,Bog Wraith,SUM,96,508248d1-09a4-4e41-a4c9-286618e5061e,4,B,Creature — Wraith
8436c720-ff96-4475-8320-d0d1e0c23f2a,Nevinyrral's Disk,2ED,267,96230edf-568a-47dd-b877-9d92aa58fac8,4,,Artifact
845734da-ab03-4dbc-bb5f-96481d3b8e88,Spell Blast,LEA,79,04477339-7ed5-4770-9e5c-6e481ffcc858,1,U,Instant
847de6a4-a268-492e-a4d2-5b12237bc130,Winter Orb,LEB,276,1dcbd583-3388-4b34-a7cd-131648aa6abd,2,,Artifact
84829605-50eb-455d-a236-ebfa11e883c5,Scapeshift,MOR,136,c235015e-a7a9-4f8d-bf4a-cf68b3847f83,4,G,Sorcery
84b83106-a10d-469a-99eb-56110ef34ba1,The Hive,LEB,273,87a77482-f286-4fb1-b179-85b2095bb768,5,,Artifact
84dc2948-f185-4c3f-b80e-2bc8f47825c9,Torpor Orb,BIG,57,97326cad-b13c-4e52-82ce-850a39e5ff08,2,,Artifact
84f035e1-6c89-457b-b05f-85680a50ed91,Deflecting Swat,C20,50,ae120613-97d6-4393-b39d-c3e6c076f5d6,3,R,Instant
8512f2c1-6361-4b79-843f-80b6bceeeb99,Unsummon,LEA,86,837182db-1bf3-4a2c-bd01-1af9d9873561,1,U,Instant
851c0167-04ba-4d15-b0fa-c211bd8826f1,Legolas's Quick Reflexes,LTC,493,59154c04-6bc5-4b95-af1f-6de5fed05649,1,G,Instant
852d7a68-8682-4073-a44b-f10f5613879c,Birds of Paradise,LEB,187,d3a0b660-358c-41bd-9cd2-41fbf3491b1a,1,G,Creature — Bird
8537cb0f-4821-417b-80cc-ea57d51ee9b8,Island Fish Jasconius,ARN,16,bb217f12-532f-4833-a27a-99e290aa47d0,7,U,Creature — Fish
856be1dd-a20b-49c2-be9d-7db76c7efd8b,Golgothian Sylex,ATQ,51,95197f8f-c24e-4d13-a106-7186b3cc59e0,4,,Artifact
856bf0ba-e5a5-47eb-9a6a-111935088c31,Tropical Island,2ED,284,74b7fe23-5d3a-4092-8d78-7c0eba8f6f73,0,GU,Land — Forest Island
858e0b83-7927-4e34-ae25-6ad7a787ad97,Sol Ring,SLD,1494,6ad8011d-3471-4369-9d68-b264cc027487,1,,Artifact
859d2ff4-8b8c-410b-8636-7e6a539fd291,Ocelot Pride,MH3,394,b4ce2c8f-a19c-461e-8a2e-0ec2bd3ebca3,1,W,Creature — Cat
85eaf5e7-77dc-4842-a70c-ce4ac7f724df,"Sephiroth, Fabled SOLDIER // Sephiroth, One-Winged Angel",FIN,115,70113003-be5e-406a-9aec-cb480468c36d,3,B,Legendary Creature — Human Avatar Soldier // Legendary Creature — Angel Nightmare Avatar
861b5889-0183-4bee-afeb-a4b2aa700a8e,Smothering Tithe,CMM,57,153376c9-dffd-458c-8ce3-a4c8269bc4e9,4,W,Enchantment
86418d1b-4956-48fd-a542-338f24c1c0a0,Wall of Fire,SUM,183,f38c8b47-e8e0-4d2f-b1da-d8d986805a48,3,R,Creature — Wall
86435875-ac92-4348-b41e-19570cf62a1c,Earthquake,LEB,147,9a40614b-50a3-422c-849e-53c8b7d3d204,1,R,Sorcery
864d028f-b57f-4f68-9694-c5a2bd7295b9,"Jeska, Thrice Reborn",SLD,1201,b1fbfcf3-6921-4417-a58e-0f5e5d34a105,3,R,Legendary Planeswalker — Jeska
8673ccb2-e960-44a9-917b-c53c91e61a94,"Elesh Norn, Mother of Machines",ONE,415,5ade11c0-41dd-4b6a-9f5b-c5903a3a0d7f,5,W,Legendary Creature — Phyrexian Praetor
8676d164-c76e-402b-a649-6ded3f549b6e,Doubling Season,2XM,164,01546b7d-a233-4176-8843-d732074dc5b6,5,G,Enchantment
8690cbcc-f8fd-41f7-9e28-e61c12b04014,"Yawgmoth, Thran Physician",MH1,116,a1e232c0-dc38-47be-a5a0-f68bc1d86a29,4,B,Legendary Creature — Human Cleric
869ec7dc-dbf5-4ed4-a368-328da384ecae,City of Brass,2X2,403,f25351e3-539b-4bbc-b92d-6480acf4d722,0,,Land
86a27d68-3e58-4ade-976d-36381beed451,The Abyss,LEG,120,a02a7816-c967-4503-bb08-f8db44915250,4,B,World Enchantment
86e3be43-2bbd-48a5-9a9e-05f15a929dc3,Abyssal Persecutor,LTC,525,7282f643-191b-41be-9f6f-82360c915d6d,4,B,Creature — Demon
86e61a1f-5058-4387-84d9-bfe2607b1b92,Flying Carpet,SUM,248,453524fb-2ffa-421f-883c-b77ae2850c52,4,,Artifact
86f670f9-c5b7-4eb0-a7d0-d16513fadf74,Kaalia of the Vast,2XM,354,cb8d80c9-ed58-4f2d-aa8c-c383370c7f1a,4,BRW,Legendary Creature — Human Cleric
86fd126f-7672-4d83-93df-c61184d2fcf4,"Cloud, Midgar Mercenary",FIN,427,33d2584b-bf29-4c22-bd45-14ba2fb98c0e,2,W,Legendary Creature — Human Soldier Mercenary
870eb49c-f62d-4986-b492-601feb68a307,Juggernaut,LEB,256,4ac9116f-36bc-4d71-b696-d6ee064e1d58,4,,Artifact Creature — Juggernaut
8712c49e-f171-4669-bed9-87575a37af11,Disintegrate,LEA,140,92d6af2f-728e-4e41-87cb-5c90878a2f2f,1,R,Sorcery
87545415-2e27-4841-a3af-7653af2ba6d3,Sliver Legion,TSR,261,47657df2-0e58-46c8-87e2-cc752708a612,5,BGRUW,Legendary Creature — Sliver
87776882-d3f6-4f80-8529-01feb416bb36,Questing Druid // Seek the Beast,SLP,38,555df32f-f8e9-49af-bc4a-1194ea325a97,2,GR,Creature — Human Druid // Instant — Adventure
87f1e69a-6d74-4982-afda-82613637799a,The Mind Stone,MSH,21,b175e826-09e8-4fae-9f2e-b902f95b282d,2,W,Legendary Artifact — Infinity Stone
880ffa23-ed71-4f39-aa66-0953a1f20fe9,Ancient Tomb,ZNE,21,23467047-6dba-4498-b783-1ebc4f74b8c2,0,,Land
8819dd6d-1127-4c73-9df7-5e5d66c20a68,Mirkwood Bats,SLD,2565,0636b6c3-0662-420a-b30d-f0a14e7c512d,4,B,Creature — Bat
881b6202-6d02-489b-b79c-62142c42ed1f,Orcish Bowmasters,HOC,19,ea5103f5-27e0-4eb1-902c-7f34652d6bf3,2,B,Creature — Orc Archer
881e5922-b464-4a1a-b074-664bd6c0a7f6,Demonic Tutor,3ED,105,82004860-e589-4e38-8d61-8c0210e4ea39,2,B,Sorcery
88231c0d-0cc8-44ec-bf95-81d1710ac141,Misty Rainforest,MH2,250,09dd85aa-47bc-4713-a9b9-8b52ff2285ed,0,,Land
882de3fc-f84b-4b73-8f63-fce189c85ee8,Bloodletter of Aclazotz,PLCI,92p,469956a2-7cd4-4695-b8f4-c841526f160d,4,B,Creature — Vampire Demon
882fe528-1a84-4d34-bd15-330963b684ff,Bad Moon,2ED,94,fc5d3341-cbce-49e5-93cc-8add92479dca,2,B,Enchantment
885b5ca4-b8e4-4a66-9508-a12396959253,Counterspell,SUM,54,cc187110-1148-4090-bbb8-e205694a39f5,2,U,Instant
8879190f-d8ff-47ce-a5d8-6a481a67236a,"Mikaeus, the Unhallowed",UMA,106,5d27c63e-d1ef-48af-b51d-01ebc6daeac9,6,B,Legendary Creature — Zombie Cleric
88910aa1-180d-41ab-a6ea-57fd66a955aa,Water Elemental,SUM,92,c470fbe1-0538-46ec-8741-3143f5e78af8,5,U,Creature — Elemental
88d6f431-a7ea-4508-a52c-86d33e12e4e4,Berserk,LEB,186,8b67d192-9a05-4a47-82ae-5fc4b7834d88,1,G,Instant
894105c4-d3ce-4d38-855b-24aa47b112c1,Misty Rainforest,SPG,111,09dd85aa-47bc-4713-a9b9-8b52ff2285ed,0,,Land
8945585f-4773-493d-a0fe-d707db910b38,Mox Ruby,LEA,264,ed85fa82-e4fa-434b-92a8-36b6075708d1,0,R,Artifact
894c5cf2-8ae2-427a-bcbc-67df0bdfee9d,Cyclopean Tomb,LEA,240,1edee40f-d153-4d67-aee7-ef08e11e4a79,4,,Artifact
898cd314-9060-4f1c-a821-1d61a292a12b,Regrowth,LEB,215,e6e4a8bd-5c40-4654-8de1-0da9afed90fd,2,G,Sorcery
8996f0df-d9c8-4fae-b69f-bf388b84fa5f,Island Sanctuary,SUM,25,7d1769d0-d942-45b3-a31c-2bbe45e68661,2,W,Enchantment
89ad91fc-50c2-44e0-b88e-2c13610377f9,Forest,LEB,301,b34bb2dc-c1af-4d77-b0b3-a0fb342a5fc6,0,G,Basic Land — Forest
89c21b09-8869-4d94-bf29-29c8d1c69d4f,"Nico Minoru, Runaway",MSC,700,5303b3f6-970c-47d8-977e-2d6679206ba5,4,R,Legendary Creature — Human Warlock Hero
89cf6f57-230f-497e-a14e-ad1e8737fd42,Ocelot Pride,MH3,38,b4ce2c8f-a19c-461e-8a2e-0ec2bd3ebca3,1,W,Creature — Cat
89dda260-836d-44e7-9540-13c352a1526c,Bloodletter of Aclazotz,SLD,2502,469956a2-7cd4-4695-b8f4-c841526f160d,4,B,Creature — Vampire Demon
89e2d714-2070-434a-9a81-276e72594e06,"Giada, Font of Hope",SLD,1586,48e6d3d8-2f27-4017-acdd-40bce8cdbc02,2,W,Legendary Creature — Angel
89f612d6-7c59-4a7b-a87d-45f789e88ba5,Force of Will,DMR,50,956381ba-6d37-4a8a-846c-bad79222dbee,5,U,Instant
8a1dff82-de5c-4b1d-b87f-6ddb4551f820,Psionic Blast,2ED,75,7f221ad6-7ec4-483d-a6b5-1456c95c1cad,3,U,Instant
8a3ea83c-2978-4a2a-a109-915b9a738a13,Birds of Paradise,FBB,187,d3a0b660-358c-41bd-9cd2-41fbf3491b1a,1,G,Creature — Bird
8abe7d62-6a99-4d1f-9b81-cff0485997a8,Sacrifice,LEB,125,068b3692-411b-44d4-a7e9-005262760cfc,1,B,Instant
8b0336f5-e6a2-49e0-8d8e-760adf7112b7,Opposition Agent,PCMR,141p,1f438b8f-fe23-4f3b-ab2e-f6c33676c462,3,B,Creature — Human Rogue
8b28572c-d2ba-4834-8630-3d82202ebb6f,Black Market Connections,CLB,620,d2664f28-49e1-46f8-a863-b217e961a57c,3,B,Enchantment
8b5713b7-f2a6-41c5-a485-058b7393570b,Talisman of Dominance,SLD,1053,4c0a0448-b9d6-43a0-8549-64066dac63f0,2,BU,Artifact
8b5a916f-a6f2-4e89-b38f-7e5bc0c2e032,Esper Sentinel,H2R,2,5def9f38-0a0b-4e8d-9f9d-29dcb46520b4,1,W,Artifact Creature — Human Soldier
8b6d4dab-0cce-4a3f-abe2-bf3b4bb6d26b,Karma,SUM,26,fac4da47-f0b2-4b57-9703-e0ed100d3499,4,W,Enchantment
8b8a78cf-ee6c-4852-9651-eeaa634daaa1,The Fourteenth Doctor,SLD,1583,0afcf1eb-ac2c-4bb0-8823-9fe45968c2d9,3,GRUW,Legendary Creature — Time Lord Doctor
8b8d9fae-a2a8-425a-8b82-34aa8e3eef06,Island,SUM,295,b2c6aa39-2d2a-459c-a555-fb48ba993373,0,U,Basic Land — Island
8b99edfa-4bc2-4e90-9def-14d5db0fe6c1,Paralyze,SUM,121,e9b4e857-39e5-4a06-89ad-3dd94b3f252a,1,B,Enchantment — Aura
8bb48b87-8ed9-41b2-80ca-5d37cf24455a,Nazgûl,LTR,729,48a62778-7c11-486f-a0e1-020c283a7ef9,3,B,Creature — Wraith Knight
8bbf6678-f597-407d-9a95-02bbe6c4bcf3,Living Artifact,LEB,209,4ff9af56-ac18-4966-9e48-183e1ca1c2d0,1,G,Enchantment — Aura
8bd37a04-87b1-42ad-b3e2-f17cd8998f9d,Sliver Legion,FUT,158,47657df2-0e58-46c8-87e2-cc752708a612,5,BGRUW,Legendary Creature — Sliver
8bf88010-799d-4217-8e79-308bec7ad2ff,"Rev, Tithe Extractor",J25,45,8345eb05-c04e-4c1d-9776-5ab7d91a7842,4,B,Legendary Creature — Human Rogue
8c20df77-2a4d-44a6-9389-125c4e5f5e40,Nazgûl,LTR,728,48a62778-7c11-486f-a0e1-020c283a7ef9,3,B,Creature — Wraith Knight
8c3d4d71-c750-4146-80fb-7cfd2427c62f,Sakashima's Student,PC2,24,afcc68e2-3634-43ce-ae99-dd2ec735d146,4,U,Creature — Human Ninja
8cb56953-8450-475b-9be5-5ff628f56818,Tinker,PEWK,2024a,254878f0-be90-4653-a395-0c41258fceaf,3,U,Sorcery
8cd5732c-cd54-48d8-8b32-f33782ec69da,Farmstead,SUM,19,0d71b157-09a0-4fd4-beb9-103117a784ad,3,W,Enchantment — Aura
8cd7d7e1-f928-4429-9a59-ba0590a78e98,Chromium,LEG,224,7c91ae5d-0320-46a7-98d2-df0918202478,8,BUW,Legendary Creature — Elder Dragon
8cec48b8-58b2-4894-96e4-8477b83d4cf6,"Ugin, the Spirit Dragon",UGIN,1,eecb3047-a563-441a-9175-200421981ac3,8,,Legendary Planeswalker — Ugin
8cf56b18-e71a-4fd2-8694-a9aaece41965,Mana Flare,SUM,164,97159138-c34b-416e-b079-5c952383a243,3,R,Enchantment
8cf99186-3167-4092-8efb-e7448609ceba,Scrubland,LEB,282,c8d95ca8-7d12-4072-aeaf-e20f248c7e39,0,BW,Land — Plains Swamp
8d27e717-8bda-44dc-90b9-a6f7029c7b93,"Ragavan, Nimble Pilferer",H2R,11,37108cd4-bbab-4ce3-9ed6-f60e8422e703,1,R,Legendary Creature — Monkey Pirate
8d3569de-ff5e-44a2-94a2-86e994d2a0f1,Worldly Tutor,TLE,314,e8863518-0bfa-49c3-8c6e-6c9116a81051,1,G,Instant
8d4a47d3-75f4-4770-8fbf-735b97811d82,Underground Sea,FBB,290,4b22be3a-8ce1-47d1-b82e-6c3ccfb0548b,0,BU,Land — Island Swamp
8d74a469-c71d-4773-99d3-5456b31df424,"Emrakul, the Promised End",EMN,6,4e7a8817-1a66-45c3-ade9-eac79b40b89f,13,,Legendary Creature — Eldrazi
8d80ec47-0e47-49e3-9c43-1c126d8523e1,Geier Reach Sanitarium,SLD,1408,7b9fafe7-d26a-4ed5-b4c4-ce13763770b5,0,,Legendary Land
8d82d94b-ceef-4533-a4f2-b6442a61b839,Jade Statue,LEA,253,96162b22-41e7-4559-aa1b-c18f42abcb52,4,,Artifact
8da6b899-9f8e-41e1-a8e5-be66b18f1e6b,Sylvan Library,4BB,273,92eed395-62ca-4293-882b-8565c40daab5,2,G,Enchantment
8dc0660e-6fe0-48b9-aba0-0e7a72ea4afd,Forest,SUM,306,b34bb2dc-c1af-4d77-b0b3-a0fb342a5fc6,0,G,Basic Land — Forest
8dcc3080-966d-497e-82c9-a7311630abd2,Watery Grave,RVR,301,fc9ec820-4245-4a96-b009-5308a818ca58,0,BU,Land — Island Swamp
8de3fdae-cc2c-4a14-b15b-4fe1a983dfbf,Gilded Drake,USG,76,7f06c098-6482-4bf3-a9a1-110d6d5b5703,2,U,Creature — Drake
8de940d6-98c0-46a9-b5fd-e2b0899ea19e,Water Elemental,LEA,91,c470fbe1-0538-46ec-8741-3143f5e78af8,5,U,Creature — Elemental
8df6603a-38c1-4d18-8b84-6211e9a7cc09,"Sheoldred, the Apocalypse",DMU,435,34f34409-326d-4994-a0ea-1a69aa278f03,4,B,Legendary Creature — Phyrexian Praetor
8df80424-3bd9-4982-ad79-e55d9ba3b43d,Wall of Wood,LEA,225,aa5e6894-8c97-46f8-a0fd-07c6db51e9a7,1,G,Creature — Wall
8e0d4b0c-75c9-432f-8bb0-18950ee1947b,Aetherflux Reservoir,BRR,65,5f15125e-ae89-471e-b055-226a783bc7c1,4,,Artifact
8e1d8486-370a-49b6-9145-060814f38677,Three Tree City,BLB,339,da3b17a2-e1e1-44e9-b9b1-ae54a92037db,0,,Legendary Land
8e432f7c-885e-4fdb-9a08-bb2f4e2042ae,Sedge Troll,FBB,174,a6a43190-cca2-4f07-afe9-8af681d777da,3,BR,Creature — Troll
8ebe4be7-e12a-4596-a899-fbd5b152e879,Mox Pearl,LEA,263,824597b8-c89a-47ec-8526-7efc6e24ef0e,0,W,Artifact
8ecea08d-7d65-4d61-a34d-2f8976af5f5e,Enlightened Tutor,DMR,263,c5229c17-b7be-4b05-b683-f2277edc4849,1,W,Instant
8ed80db2-b30d-4306-8d9f-a43cd77d37e3,Misty Rainforest,SLU,5,09dd85aa-47bc-4713-a9b9-8b52ff2285ed,0,,Land
8ee8c229-1915-493d-82e2-6da9e01bb867,Giant Growth,SUM,199,5748ebf1-24e3-499d-ab7c-c2cebd462a24,1,G,Instant
8f0a25ea-b414-423c-94a6-8a4795d60b46,"Xun Yu, Wei Advisor",PTK,93,fb5fea4a-1b04-45c6-a207-e2e8493ea968,3,B,Legendary Creature — Human Advisor
8f6597c9-8271-49c7-b4f6-9265f5d95f99,Swords to Plowshares,SLD,713,b1544f21-7e98-461b-aed5-e748b0168c52,1,W,Instant
8f861d59-f2ce-457f-99f4-48b12ae34fa2,"Yuna, Hope of Spira",FIN,404,3dee768a-612c-4960-bad2-2fe5b83a70c3,5,GW,Legendary Creature — Human Cleric
8f8f02f1-ccb6-48b6-ae4e-adc4fe721606,Gemstone Caverns,PLST,TSP-274,c0adbddc-b070-4c5f-afe0-0474c72a9251,0,,Legendary Land
8f9bc5e5-b34e-4274-9ad4-84f405a4e176,The Ozolith,PIKO,237p,1946ded1-5f53-409f-b0a6-5433bb0357d2,1,,Legendary Artifact
8fa7526a-7a4e-4b3d-b96e-91f2bbf1c7bd,"Guan Yu's 1,000-Li March",PTK,7,a1b87d5d-9493-4001-8c7e-553f40de61ea,6,W,Sorcery
8fd7861d-925f-4b4c-a4ab-60be6f43d50b,Animate Dead,LEA,92,c0d8fef4-65f4-4769-982d-b397d2b7e977,2,B,Enchantment — Aura
8fe3fd83-969c-4add-888f-86f4306b067c,Keldon Warlord,LEA,160,acc869f8-dcbe-4d57-baa0-3eef4aceb251,4,R,Creature — Human Barbarian
8fecc5d2-5298-4d47-b085-f160603f220e,Aladdin's Lamp,ARN,56,2aa2f96b-5784-4767-b9ea-b8d9222cb1de,10,,Artifact
901831ad-1840-4287-b6a0-bea310598dc2,Stone Rain,LEB,178,6e880df6-fc00-43d2-a9c8-f575f40b78c6,3,R,Sorcery
901bd4dc-ebd3-40af-9fb0-57a8719329a4,"Terra, Herald of Hope",FIC,204,25d40d28-1b46-4055-959a-45719040ed30,3,BRW,Legendary Creature — Human Wizard Warrior
902441dc-c976-4c92-b897-6376eaa0fe38,Time Vault,LEA,274,99d4d99d-cf56-45aa-aa39-a250695612f2,2,,Artifact
904ff94a-4db4-44a6-8593-89c32905b3fc,Terror of the Peaks,OTJ,149,f8e17f4f-080d-4bba-bd05-ca27e94ccecc,5,R,Creature — Dragon
9052369f-840f-438e-b86d-e2f8d6339585,Wheel of Fortune,LEB,184,a8abd966-de7b-46a3-8ac7-8747ab35653a,3,R,Sorcery
90538019-58eb-4b4f-b2a5-4650e5b6ec84,Parallax Wave,PLST,NEM-17,0accfb04-bc8b-4cab-997a-2337ac42db8f,4,W,Enchantment
90563f90-0127-4164-b43b-f0321dc63a1d,Unholy Strength,LEA,131,090d88a9-7f2d-4bd1-a30a-7c48d05068be,1,B,Enchantment — Aura
90600867-9b2b-4174-8fb5-3f58469e8733,Reflecting Pool,LTC,373,67f43ac6-2a58-4b53-b5d7-0330e2a252e2,0,,Land
9076e13d-d16e-4528-aad0-8b8081b00e8d,Throne of Eldraine,WOC,28,5b9a2b81-a645-43be-8001-03817ac210ca,5,,Legendary Artifact
908a2215-7231-43a4-8fec-5d1e4233c028,Masticore,UDS,134,621476a4-44bf-4f55-adb1-880cdd213f38,4,,Artifact Creature — Masticore
9097b246-a7a6-4dad-ad5b-5703eac4b7f0,Island,PELP,7,b2c6aa39-2d2a-459c-a555-fb48ba993373,0,U,Basic Land — Island
90a57c0e-fa61-45ef-955d-d296403967d5,Island,LEA,288,b2c6aa39-2d2a-459c-a555-fb48ba993373,0,U,Basic Land — Island
90b3ef81-2c77-4355-afcb-7b419d4bcb2c,Swamp,PGRU,3,56719f6a-1a6c-4c0a-8d21-18f7d7350b68,0,B,Basic Land — Swamp
91070e35-2e17-4045-a8ac-0056cb0a2b11,"Toph, Earthbending Master",TLE,209,ad5d3e7e-bf8c-4fa3-a81e-1523aec2585f,4,G,Legendary Creature — Human Warrior Ally
911538ea-322c-4c40-a9c3-35e47fe60fce,Orcish Oriflamme,LEA,166,0b16a650-68b0-44dc-a9e1-15b7966e0b18,4,R,Enchantment
9126dfa0-b681-44c7-9ae1-7926df8a2767,Gwen Stacy // Ghost-Spider,SPM,202,5f143d87-35fb-40e3-94ae-f85cfff9adb5,2,RUW,Legendary Creature — Human Performer Hero // Legendary Creature — Spider Human Hero
91271b80-cc8c-436f-983e-3f168febeb99,"Solphim, Mayhem Dominus",ONE,312,895f23a2-55b7-4cc0-8939-2efaaf097e6f,4,R,Legendary Creature — Phyrexian Horror
9138d11a-d55f-4c46-bb27-7e8e15a44e8c,Sol Ring,SUM,274,6ad8011d-3471-4369-9d68-b264cc027487,1,,Artifact
917e98db-a0c4-4836-9e4b-3fda142eedf6,Strip Mine,ATQ,82c,d21a89eb-7c5b-459a-acc7-12b20b13bf79,0,,Land
91809c68-94ec-4825-8ed9-bdd77b113ea0,Displacer Kitten,MB2,27,09ef446c-a13d-49d9-a94c-cd5f5a2d440b,4,U,Creature — Cat Beast
91b0a6cb-1c2e-4122-8874-a48e69e1c464,Sakashima's Student,PCA,24,afcc68e2-3634-43ce-ae99-dd2ec735d146,4,U,Creature — Human Ninja
91bdfd40-dbc7-42a8-a122-5834193b8f5e,Demonic Consultation,SLD,1127,9a1412db-45ad-46ea-8f12-a85d203113d8,1,B,Instant
91bed8a9-ede6-4fdc-966e-d1e4261c68e4,"Xiahou Dun, the One-Eyed",PTK,92,9602f262-62cb-4c1e-91b6-d94780e571cf,4,B,Legendary Creature — Human Soldier
91f15da4-396e-4704-926f-cda3b3f532e0,Swamp,SUM,300,56719f6a-1a6c-4c0a-8d21-18f7d7350b68,0,B,Basic Land — Swamp
91f46e9a-6075-4fa5-8f60-f81e2024b13d,Uthden Troll,LEB,181,d6329dcc-b450-482a-8ee3-45449f7a4b3d,3,R,Creature — Troll
92274971-7c4a-4326-b0fe-75e2d124f718,Chaos Orb,LEA,235,edb455f4-8dc9-4b7c-b25c-cb51b7dfbb41,2,,Artifact
92369d7e-5e5a-46f9-bb31-c57d62410283,Underground River,ICE,362,857febd9-cdd7-4f8e-a852-d88084b0cfbc,0,BU,Land
925ce0a7-ae09-4220-9e67-314dbc231c94,Pirate Ship,LEB,71,c6b3f924-806d-47d3-b044-72b48470196c,5,U,Creature — Human Pirate
92613468-205e-488b-930d-11908477e9f8,"Vorinclex, Monstrous Raider",KHM,199,5a3fdf5a-bff8-4896-b288-3f43f9a72d9b,6,G,Legendary Creature — Phyrexian Praetor
92bcd1ce-19b1-4d78-8b09-95242ca08d76,Mox Jet,LEA,262,0677f49e-f8bf-4349-af52-2ccde9287c2e,0,B,Artifact
92c14d4d-abaa-411a-aaa1-0b79fccee8c1,Steal Artifact,LEB,82,cd8ae9f2-edac-473a-8846-c08219e617c3,4,U,Enchantment — Aura
92df19c9-e127-42d9-8dd2-7fa5a7095428,Circle of Protection: White,LEA,13,5f46f86a-9779-4ed3-99cb-76a03d380598,2,W,Enchantment
930afb5f-54b7-4cca-8c28-3e48938f3a43,The Vision and Scarlet Witch,MSC,707,33219792-f0a7-4849-bfca-70ee2d410b9e,4,R,Legendary Artifact Creature — Mutant Hero
930ff1c5-7f34-47b8-8e8b-720909cc6a69,Gemstone Caverns,EOS,16,c0adbddc-b070-4c5f-afe0-0474c72a9251,0,,Legendary Land
93376e64-1086-43e1-9326-8cbe9f850233,Damnation,SPG,68,d57a8f0b-7989-4db5-8756-6f2690097252,4,B,Sorcery
9337996e-a119-4529-b422-f6d286c78e3f,Arena of the Ancients,LEG,273,12584f75-77c1-4b6b-ae9d-1882792b6b94,3,,Artifact
9341ed06-53db-4604-b60a-3ea9129afbc2,The Ozolith,IKO,237,1946ded1-5f53-409f-b0a6-5433bb0357d2,1,,Legendary Artifact
9350a16e-4dab-4754-8896-87637a19f660,"Mikaeus, the Unhallowed",PLST,UMA-106,5d27c63e-d1ef-48af-b51d-01ebc6daeac9,6,B,Legendary Creature — Zombie Cleric
9359f60c-9a27-4e53-b35b-964a121a6fba,Winter Orb,LEA,275,1dcbd583-3388-4b34-a7cd-131648aa6abd,2,,Artifact
936335d7-1c4a-4fcd-80ff-cd4d4fcab8c4,Urza's Power Plant,2XM,371,e11966cd-2ee3-4df4-b099-abf42dcdf0db,0,,Land — Urza's Power-Plant
93789500-bcc5-40b0-991d-84d17cef95a6,Dictate of Erebos,SLD,1713,7c777a41-e40a-4b40-96bf-8ddd5c12924c,5,B,Enchantment
9379e159-43ac-4bd2-8b33-f3de8e20cfe0,Lifelace,LEB,208,eec1de80-4b3d-481d-a235-c299e0381830,1,G,Instant
937fa336-0539-425e-9de6-7029dc91f105,Bayou,FBB,283,b76d1ae6-ad1d-4bac-b4c3-2e03e0e84d9b,0,BG,Land — Swamp Forest
93842064-a0a8-4e4d-9c8a-e8a86448d225,Copper Tablet,LEB,239,16d1023b-2162-4010-8bf4-218dbe7c99a0,2,,Artifact
939c6e19-4b27-4023-bb9c-ae440f91e21c,Shadowspear,THB,236,8b27326f-e7b8-4a4d-b589-df459246d19a,1,,Legendary Artifact — Equipment
93ee144f-3c76-444f-8a9a-318ee6407526,Parallel Lives,WOT,83,84dc94b2-95fb-4d53-aaa2-191cb645639f,4,G,Enchantment
940536be-fce1-4a90-9126-195815a43e0f,Grave Pact,STH,60,6f4ac4a4-53ec-4bc9-8f5c-d4b801d867b2,4,B,Enchantment
940b3aa3-0f57-4b44-8ccb-60229c8cc72d,Bloodthirsty Conqueror,PFDN,58p,fd505c02-c59e-476d-8e88-35da862ddc23,5,B,Creature — Vampire Knight
9415defa-ea35-454e-993b-3afd5776b7db,Esper Sentinel,PLST,MH2-12,5def9f38-0a0b-4e8d-9f9d-29dcb46520b4,1,W,Artifact Creature — Human Soldier
943baea8-b173-4863-a3ab-dd217d483cd9,Reverse Damage,LEA,35,eaaf7c30-f463-4115-a40e-7dc717063413,3,W,Instant
944f01f2-b736-42ff-a871-6b6e726b231b,Witch-king of Angmar,LTR,311,2eb1b429-8d11-42f3-8815-5a60b6a4e2d5,5,B,Legendary Creature — Wraith Noble
9464a820-65de-44f2-9895-46a35e8621a0,"Ulamog, the Infinite Gyre",2X2,3,b817bc56-9b4d-4c50-bafa-3c652b99578f,11,,Legendary Creature — Eldrazi
94742003-f0f1-4483-b1a0-e7163995db1b,Sorceress Queen,ARN,32,3e4cb1b2-e2cc-4925-a226-6c6f1501d9c1,3,B,Creature — Human Wizard Sorcerer
94bd1f3f-473e-4929-8a0b-0fe88caa88a5,Death Ward,SUM,16,0544b707-ec67-43e3-a25d-fd7005ab673d,1,W,Instant
94c229ea-90da-4aa0-bfda-b162fb3b5b8b,Verdant Catacombs,MH2,260,67d60b24-d429-4ded-90d9-06e49f28c396,0,,Land
94d74254-4750-4fb3-9e53-473a5f98b315,Gemstone Caverns,TSP,274,c0adbddc-b070-4c5f-afe0-0474c72a9251,0,,Legendary Land
94f7e24c-2546-41b6-81ad-5e920b07e64e,Savannah,LEA,280,703243f0-8cb3-420f-958f-5fd4bde30293,0,GW,Land — Forest Plains
950ee61d-0bc1-4d7b-ba68-157061aa98eb,Akroma's Memorial,TSR,262,967e8b3f-8266-4d9a-a38b-d0e10184e1e4,7,,Legendary Artifact
952ba126-0915-47f0-9b6a-a0a6dcd22c6f,Moat,LEG,28,42208fea-8c24-451f-861d-6d70c0a7a502,4,W,Enchantment
952cb0b3-a6b7-4279-8833-3d8890b2d005,"Preston, the Vanisher",J22,8,2e00ccc9-6d5f-4de3-bbec-48b49d363244,4,W,Legendary Creature — Rabbit Wizard
95318d85-4a08-47ac-a43d-ea83c0bea81c,Summon: Bahamut,FIN,1,fe9f6825-597b-4d80-ab7c-f4ee4e824b6f,9,,Enchantment Creature — Saga Dragon
95702503-8f2d-46c8-abdb-6edd6c431d19,Thoughtseize,2XM,344,edd8d1e8-be43-4c38-bb3a-83081fbaf0b5,1,B,Sorcery
9591f2ab-e09c-48d5-9c87-d27368e60750,Armageddon,P02,12,c9ed8b01-959a-47d6-891e-0abbdccf6e4f,4,W,Sorcery
9592c31e-179e-43d3-b2b8-b83c0dbea922,Fog,SUM,195,27e9db49-7af7-4bef-ad4c-bf5dfb92030d,1,G,Instant
9598b346-a47d-4c4c-9571-156824e86b9c,City in a Bottle,ARN,60,a83f25e3-4d84-4c9b-ab12-19b8d326e459,2,,Artifact
95c14c4d-6c16-4826-8d93-d89ad04aee09,"Etali, Primal Conqueror // Etali, Primal Sickness",MOM,137,7514e401-7aa1-405d-9f7a-312b4e630cc2,7,GR,Legendary Creature — Elder Dinosaur // Legendary Creature — Phyrexian Elder Dinosaur
95d3a061-03b4-4004-8a6c-4374513de17a,Elspeth Tirel,SLD,1585,5f815e69-fdd6-4186-9317-25f5c7e0b08e,5,W,Legendary Planeswalker — Elspeth
95d9f93c-50a8-41a9-be98-d1900bf1c12f,Phyrexian Altar,2X2,311,8d02b297-97c4-4379-9862-0a462400f66f,3,,Artifact
95ebbb6d-04f8-42ec-a1b7-6ca67994b8d3,"Sheoldred, the Apocalypse",DMU,369,34f34409-326d-4994-a0ea-1a69aa278f03,4,B,Legendary Creature — Phyrexian Praetor
96457086-f871-4ea4-9ca7-5cca2371d9c3,Last March of the Ents,LTR,739,3999cd64-ff5c-4e2c-8aa6-d14f9f8a2b4c,8,G,Sorcery
966ae6ea-fc0b-4ff0-92bc-4a20c7ba7e38,Ancient Gold Dragon,CLB,365,44cb725a-72fc-4e0d-b966-f0b6d33f6b79,7,W,Creature — Elder Dragon
9670f4eb-cca7-45fd-b3d7-58b436c00526,Drudge Skeletons,6ED,123s,c180ed02-07f4-4538-9bea-8c249234a8e2,2,B,Creature — Skeleton
9672caeb-5cf8-4b40-a371-005c911a67d9,Drain Power,LEB,57,0669172d-396b-4f5a-9703-129c5c849b55,2,U,Sorcery
96ba9014-d750-4924-aa6f-8b9f421807f9,Borrowing the East Wind,PTK,133,79334732-8db1-4393-9fed-3cde3c572c5c,2,G,Sorcery
96c21429-98d3-416b-be00-6aa9c4c5a006,Word of Command,LEA,136,e8ad3a77-b293-4d69-b080-27ca9f95d443,2,B,Instant
96d4e224-e630-4696-85ef-cf42f9d03ca5,Generous Gift,SLD,369,fae37e28-e137-4177-b973-fa8b4dd8f409,3,W,Instant
96dd2d61-a43d-4582-b730-71d4fac0fa23,Wrath of God,LEB,46,34515b16-c9a4-4f98-8c77-416a7a523407,4,W,Sorcery
9733e82f-b4d0-455c-8dc3-9278a7a1f156,Triskelion,4BB,354,74f67dcf-5afb-45aa-8d4b-3cdb23f6f2a1,6,,Artifact Creature — Construct
97502411-5c93-434c-b77b-ceb2c32feae7,"Halvar, God of Battle // Sword of the Realms",KHM,15,acfc3e07-757f-4ccf-a65e-bee07ce87f40,4,W,Legendary Creature — God // Legendary Artifact — Equipment
97eb21b6-6131-4650-9042-d6e22d8f7e2b,Crystal Rod,SUM,242,e68bc048-1009-46a5-97d6-ec77a18067da,1,,Artifact
981b3a2e-de94-428d-8e5d-5a7ba6afe4a2,Verdant Catacombs,MH2,440,67d60b24-d429-4ded-90d9-06e49f28c396,0,,Land
985164ba-0c30-42b1-a8b6-3be19251359c,Jade Statue,LEB,254,96162b22-41e7-4559-aa1b-c18f42abcb52,4,,Artifact
9853b0ce-4763-4877-9741-f9145a3659c6,Contract from Below,LEA,96,9e0ed4b0-28b5-44be-ab83-f1e8eb07138d,1,B,Sorcery
985453e7-997e-4d77-a338-cc0290791ebe,Finale of Devastation,WAR,160,69872a9a-fe54-4e58-940c-89395af71acd,2,G,Sorcery
98a229f0-3cca-4c2a-8cb5-064040eece72,Sliver Legion,SLD,1149,47657df2-0e58-46c8-87e2-cc752708a612,5,BGRUW,Legendary Creature — Sliver
98c221d8-fbe4-4901-9f7b-1d04e08b261e,Polluted Delta,MH3,356,ef86989d-ce80-4e55-aece-7d11710eeffa,0,,Land
98c569b0-f011-4570-9eb8-b819f8fe54f6,Morphic Pool,CLB,603,bd004c9d-771e-4e63-a97d-a2259c096af8,0,BU,Land
98fba951-c5bb-497c-9292-ce1b2a1e1247,Blaze of Glory,LEA,6,b330ac89-790e-4cc9-96a5-532c48252088,1,W,Instant
9904ef62-3328-4474-a3b4-21428fb9d911,Mycosynth Lattice,SLD,1434,ae1f2ab5-c6a5-4d49-a746-3cb4668bf805,6,,Artifact
9914836e-2fa6-4390-94b2-431427848a54,Ice Storm,LEA,201,a0b97e33-2d0c-4800-a9f5-9cd9be651ea8,3,G,Sorcery
992b2dd3-87e7-48a4-bd8d-84973ff0ee1f,"Rin and Seri, Inseparable",SLD,1910,28c46eb7-bdfc-44b9-b7e9-b073260851f0,4,GRW,Legendary Creature — Dog Cat
9941f83b-2903-4eab-ac6d-5313e3978fa3,Guardian Beast,ARN,26,34c3aebe-a224-426a-ae06-f3145193313e,4,B,Creature — Beast
9964d8d8-dc97-4e5f-9f52-173f7e2c37fd,Ivory Cup,LEA,251,8e2017c3-057d-4e30-bd60-f486fddbc6ca,1,,Artifact
996e6444-66b7-4d92-85f2-4c44d58186fe,The Meathook Massacre,INR,486,127de52b-df75-4342-95a0-20d84c5bf916,2,B,Legendary Enchantment
997bc933-ac30-477b-a4e1-5333b796a99d,Amulet of Vigor,WWK,121,dba16032-66c1-4ccb-9d65-d41ac550d182,1,,Artifact
99ad63c7-0686-4f20-bc81-7b06df2bcb4a,"Miirym, Sentinel Wyrm",SLD,2500,880fcf86-e6a9-482c-b91d-750f293127b2,6,GRU,Legendary Creature — Dragon Spirit
99b6e466-784b-48a6-8e72-beff72f39231,Demonic Tutor,STA,90,82004860-e589-4e38-8d61-8c0210e4ea39,2,B,Sorcery
99e0c371-1024-4432-9fd9-3bc29c8d38e4,Jeska's Will,MKC,156,0fd114c4-092b-4e28-b0dc-ef529f3bc73e,3,R,Sorcery
99ec4723-b36c-4015-b361-736a6523e8f5,Wall of Swords,LEA,42,eb098958-50d3-4476-ba74-382033703ff9,4,W,Creature — Wall
99ff731b-8399-40c8-b539-ba6ba5783771,Wasteland,TMP,330,09a70ae8-3859-4a09-901d-dce063fa3b5f,0,,Land
9a3c8eb0-7a55-4897-8324-f3d08c707c4d,Edgar Markov,INR,428,41e2790d-49f5-4e98-b8d9-04179f47f13a,6,BRW,Legendary Creature — Vampire Knight
9a49dc44-616e-4bdd-8220-0bb71eccc512,Timetwister,LEA,84,c823e687-6311-4c99-974b-fd77d204141a,3,U,Sorcery
9a52c265-6920-4929-ba0a-70da08df01f1,Anointed Procession,AKH,2,7246d45b-2185-4cdd-981b-5419b7d52bce,4,W,Enchantment
9a53e8fc-bfd2-4866-a61c-f3204b0a98bf,Displacer Kitten,CLB,560,09ef446c-a13d-49d9-a94c-cd5f5a2d440b,4,U,Creature — Cat Beast
9a61ac58-0bec-4056-be44-fc33db0e067b,Mana Crypt,PLST,EMA-225,2c63e4e1-89d2-4bc6-a232-94e75c4b1c8a,0,,Artifact
9a67d30b-7a4f-49b4-bf8b-e9cf8c248e4d,Finale of Devastation,CMM,700,69872a9a-fe54-4e58-940c-89395af71acd,2,G,Sorcery
9a6eb356-7418-443f-a51b-37ebc3526fce,Ouroboroid,EOE,345,50d6fd91-23d3-4d32-804f-6233e4386904,4,G,Creature — Plant Wurm
9a879b60-4381-447d-8a5a-8e0b6a1d49ca,Force of Will,ALL,28,956381ba-6d37-4a8a-846c-bad79222dbee,5,U,Instant
9a9c01c5-6bca-47ff-91a9-c20f301b2a96,Overgrown Tomb,RVR,296,975ec9a3-6f20-4177-8211-82526e092538,0,BG,Land — Swamp Forest
9ab384fe-1935-4e6e-a3a2-aed932ed6643,Demonic Tutor,SLD,1856,82004860-e589-4e38-8d61-8c0210e4ea39,2,B,Sorcery
9ababc1a-515e-4e20-8819-19d84d9b0af5,Argothian Enchantress,USG,234,11f17f85-ca97-4551-838f-7cb32f0e5f10,2,G,Creature — Human Druid
9abddd8c-626b-4896-b550-93f2e93d209e,Swords to Plowshares,SLD,2167,b1544f21-7e98-461b-aed5-e748b0168c52,1,W,Instant
9ac4d505-e055-45a9-bc23-bbf715af0560,Chaoslace,SUM,141,08842aa3-f923-46e9-a106-f542331e9cc1,1,R,Instant
9af0b8d6-f41b-4aa3-ae32-1ef2d1d4bade,Ranger-Captain of Eos,FCA,2,cada3481-cc2b-4412-b9b5-0436af53aad2,3,W,Creature — Human Soldier Ranger
9b0d2967-b11a-498d-b7be-bef1b6160d9a,"Ramses, Assassin Lord",SLD,1560,170182ed-af1d-442a-8868-d74a96e17f03,4,BU,Legendary Creature — Human Assassin
9b370b3f-ae0d-4744-8b3d-3c48c81c1326,Sword of Feast and Famine,MD1,10,d0901053-6de0-46d0-9ee3-8d40510236c1,3,,Artifact — Equipment
9b464549-a84d-44bf-a684-d59db5babc6d,Felidar Guardian,SLD,1487,33869ba6-13e5-4e48-8963-92f7965648fb,4,W,Creature — Cat Beast
9b73dfb4-d930-4a89-b621-129dd9f6328c,Goblin Wizard,DRK,69,912c99a0-ee97-4bb9-8ab7-2e469d74fa03,4,R,Creature — Goblin Wizard
9b848caa-aad8-4060-8f86-304a8556de2d,Goblin Lackey,USG,190,213fbbdd-f1bc-4bba-9124-7b26e9a706c8,1,R,Creature — Goblin
9b8f466f-83ec-4d72-90de-0e30069f7ecd,Tainted Pact,STA,96,1a85ba2b-ae10-4917-954a-7709b75a9740,2,B,Instant
9b911653-7b96-4cf3-a907-13c5c53a14f7,Overlord of the Balemurk,DSK,113,652e87af-7cf0-407f-9fb7-1a630fb8dd47,5,B,Enchantment Creature — Avatar Horror
9b957a1f-6d26-47bb-84ba-81acc01a8dae,Ancient Bronze Dragon,CLB,369,8ce74097-97b1-493d-9585-bd1336f95927,7,G,Creature — Elder Dragon
9bf3610c-4af3-45e7-a6f8-490c9cd18e3a,Unsummon,SUM,87,837182db-1bf3-4a2c-bd01-1af9d9873561,1,U,Instant
9c406b25-03f8-4aaa-9ea7-48bf754166b7,Land Equilibrium,LEG,64,a3711453-b17d-4b1c-b726-9b41f36d07ab,4,U,Enchantment
9c9d5f72-e199-4d5b-ae7e-cc5b9bdfae99,Tundra,3ED,289,02418479-9455-417f-a6a1-004356faff37,0,UW,Land — Plains Island
9ca5273e-2d4d-4157-b3dd-69e375b0f434,Blightsteel Colossus,SLD,2223,e80772e2-8623-4094-81a2-70828b2b151c,12,,Artifact Creature — Phyrexian Golem
9cbaf50b-5491-474b-8501-8814e2629fe4,Paradise Mantle,SLD,1236,c1121b83-1ba2-473d-89c9-e3bbd4529072,0,,Artifact — Equipment
9cd91814-6177-4a3d-a1c1-a3be7d7c7957,Cockatrice,LEA,189,af354337-424c-4c7e-8ca5-6149261368d2,5,G,Creature — Cockatrice
9d10d962-4aa2-4663-bb3f-4b081d62e253,Firebreathing,SUM,151,8603bf74-faab-4910-8e45-0f2e3b318efb,1,R,Enchantment — Aura
9d20e671-9b41-4591-b1ef-2a297411beb7,"Jace, the Mind Sculptor",SLD,8001,7f77a84e-5a4b-4834-aefa-3cecc175ae8e,4,U,Legendary Planeswalker — Jace
9d51d054-3c42-42d4-b2fe-d7197703cc6e,Stream of Life,SUM,217,9eb2912d-2130-49f2-9529-b58fa5a97a15,1,G,Sorcery
9d5e905f-266a-4e17-b925-e45421dc05f5,Power Leak,SUM,73,dc2f0000-870b-487f-9623-618fc8eb9765,2,U,Enchantment — Aura
9d61d0a5-7e92-4413-9121-925e1876b64d,Disenchant,LEB,19,a7e97fa9-4b72-4548-b854-5be5f18a6f1a,2,W,Instant
9db3ba6d-eb7f-4f5b-9a3b-c6239c3baa42,Marsh Flats,MH2,248,dab520d0-20b4-4273-ba6b-eb07f85ea433,0,,Land
9dc7ab05-a5f5-4a02-87e7-3c47be35b5cb,Volcanic Island,2ED,287,c718911c-c955-4eb9-9e16-be4bd49a4e4e,0,RU,Land — Island Mountain
9dda7531-82a1-4f49-8858-601ddbc6e2bc,Earthcraft,TMP,222,50aa7aff-1f01-4224-9a83-01f74d703ec2,2,G,Enchantment
9ddc9fe1-17c8-4e1d-aeb8-c4214e881280,Grim Monolith,ULG,126,229d6627-1292-4ae1-8849-b0f956fa6540,2,,Artifact
9ded52aa-67a2-4476-a278-1eea936b3248,Fastbond,SUM,194,e27193b7-1a47-4555-865d-b1fd4c6d597f,1,G,Enchantment
9df19f7c-2922-4d71-999a-818ae69045c3,Flusterstorm,SOA,83,86bf58f2-7f25-4e10-b797-25e0e8e67769,1,U,Instant
9e11bf7c-f439-4529-b29a-d711359807ef,Counterspell,LEB,55,cc187110-1148-4090-bbb8-e205694a39f5,2,U,Instant
9e1a9e38-6ffc-490f-b0be-23ba4e8204c6,"Urborg, Tomb of Yawgmoth",TSR,287,db6174d7-211d-4817-b8e4-8384594c83f9,0,,Legendary Land
9e1b4cec-68e0-4259-9be5-565d927017d9,Vampiric Tutor,CMR,656,ededbdae-d9dc-4206-9335-d7158f2d7700,1,B,Instant
9e1e76a2-ec37-4fd8-8185-f98f675ff0cb,Marsh Flats,ZNE,6,dab520d0-20b4-4273-ba6b-eb07f85ea433,0,,Land
9e30230a-4b75-4fc6-9c98-b12791beea2d,Sword of Hearth and Home,LTC,354,913e6182-706a-4872-8c8a-e146b0ae0738,3,,Artifact — Equipment
9e5e07a2-fbdf-4c4c-996a-fce40bab5de5,Warp Artifact,LEA,133,f4b18451-1f40-48bd-8ca9-eec784ad5dd7,2,B,Enchantment — Aura
9e70db8a-1b25-45c1-861a-58a02ca5f878,Timber Wolves,SUM,219,35d07ac9-b184-4b5f-8192-34b1db042f69,1,G,Creature — Wolf
9e739c7e-cc16-4557-836f-fdec53a7ed8c,Godless Shrine,UNF,282,73864fcc-1bde-4bc0-831e-2b93e546e417,0,BW,Land — Plains Swamp
9e8cf4ef-0545-4876-b089-bfc723b521ed,"Linvala, Keeper of Silence",SLD,1289,88dadc31-dfac-41b3-bf2a-65fa89e3c16d,4,W,Legendary Creature — Angel
9e99599e-c594-42c6-b9e3-4dbb8e982f88,"Otawara, Soaring City",NEO,414,e9b6a394-691c-425a-9307-76d8edc7375e,0,U,Legendary Land
9eae0ba1-1383-4505-b4e7-4f17dd8f20c5,Divine Intervention,LEG,8,0158a440-6573-4f12-958b-a5f0cf190d5b,8,W,Enchantment
9ec73912-aa0a-475b-b22a-ad71e8d9d0a8,Nature's Lore,SLD,2278,78826359-fe63-44ad-adc4-a17ffcd710e4,2,G,Sorcery
9ed67d61-cf47-446b-b454-eb404a8686b7,Tsunami,LEA,221,ef2b1565-7b02-4cab-9031-beb1701ee929,4,G,Sorcery
9ee20fb3-fc63-42aa-8b52-2adf7c8b2463,Demonic Tutor,FBB,105,82004860-e589-4e38-8d61-8c0210e4ea39,2,B,Sorcery
9f10f026-eba0-4e33-b465-f3a852402718,Scalding Tarn,SLU,2,cb027150-848c-4a66-88ad-e20222304dd8,0,,Land
9f37c5b6-a59c-45cd-9a99-e9357fe9ea1b,Rhystic Study,J22,114,53236dd7-845a-444c-96d5-f41ed7325d8f,3,U,Enchantment
9f52160b-dcc0-4ab8-b8b2-b576b1688d57,"Jin Sakai, Ghost of Tsushima",SLD,2226,76c43ac8-a878-4239-b0e3-f0254ef63e50,4,BUW,Legendary Creature — Human Samurai
9f87178b-1221-4d7a-a7a5-20d7f01b8089,Verduran Enchantress,LEA,222,cd98a31b-cc7e-43f9-982e-109ad9850908,3,G,Creature — Human Druid
9f9f5e0c-8bf4-46ab-ad79-332ceeaed3d5,Nature's Lore,SLD,189,78826359-fe63-44ad-adc4-a17ffcd710e4,2,G,Sorcery
9fcea5a1-6f62-450a-9351-b7e280c5ae60,Smothering Tithe,PRNA,22p,153376c9-dffd-458c-8ce3-a4c8269bc4e9,4,W,Enchantment
a0367e54-eb07-475a-b06b-f869a046a86c,Ankh of Mishra,LEB,231,63c1eda1-3e6f-4e9c-adf3-a43164df98bb,2,,Artifact
a03e8c5b-f4ed-4fd7-ba05-db813ccc05eb,Tundra,LEA,284,02418479-9455-417f-a6a1-004356faff37,0,UW,Land — Plains Island
a0519776-3d86-4f7d-9c3b-71c1dfbf7e12,"Avacyn, Angel of Hope",2XM,8,216cb26e-8da9-478b-bfbc-8030f7adee72,8,W,Legendary Creature — Angel
a056241d-513a-4de7-a604-bf8248c31225,"Ulamog, the Infinite Gyre",MM2,6,b817bc56-9b4d-4c50-bafa-3c652b99578f,11,,Legendary Creature — Eldrazi
a06ad827-1f34-47d2-a8a7-91599ec6af80,The Meathook Massacre,PMID,112p,127de52b-df75-4342-95a0-20d84c5bf916,2,B,Legendary Enchantment
a099cbd2-e92a-433a-bc51-0aa2f8fc6857,"Celestine, the Living Saint",40K,10,6503ed78-6499-47f6-856b-ee1003ce4a4f,5,W,Legendary Creature — Human Warrior
a0e8f8d8-eac0-451c-a167-be84667a8e3d,Underworld Dreams,LEG,124,967cf377-ae26-464d-85ac-8448b5a911f7,3,B,Enchantment
a0f5c6bc-65dc-42a1-a62d-a0b101310a1f,Tropical Island,3ED,288,74b7fe23-5d3a-4092-8d78-7c0eba8f6f73,0,GU,Land — Forest Island
a11f55e8-7f86-4ca9-b737-9a920d9cf282,Mana Vault,LEB,260,736892cb-a34b-4bb9-b56c-e26e3db207a2,1,,Artifact
a14c05e4-8df3-450b-8a98-5028e73b14c1,Burrowing,LEA,138,d6b9b88b-e31b-4b88-9d53-3df5687804ba,1,R,Enchantment — Aura
a15d33d6-7213-4482-a1be-ac0a73644af6,Memory Jar,ULG,129,eb9c9a34-88a8-4afe-a053-806f6b29834f,5,,Artifact
a184cd2e-e27f-44b0-a8ae-9d861280e469,Cyclopean Tomb,2ED,241,1edee40f-d153-4d67-aee7-ef08e11e4a79,4,,Artifact
a1a6f8e9-7bc1-4151-b55f-acf877b1a7a6,Will-o'-the-Wisp,LEA,135,8b60fcfe-fb90-4a00-a708-25b59bfc9b5a,1,B,Creature — Spirit
a1bfda92-b932-46d8-b549-e2bc2b584a17,Zombie Master,LEB,138,5446c92f-ff22-4e9b-a2f6-e64c8560c1e0,3,B,Creature — Zombie
a1c75484-8bd1-49cf-8261-0e420ca89bca,"Nissa, Resurgent Animist",PMAT,22p,c1fc5923-c3cd-448a-98d1-c154661c2812,3,G,Legendary Creature — Elf Scout
a1f76082-d55e-45cc-977a-090a344484ed,Serra Ascendant,PLST,M11-28,27ad3e00-6ffb-48f7-8469-8868d066d1e2,1,W,Creature — Human Monk
a231e0b8-b3e3-4f4a-8baa-c56626b01685,White Knight,LEB,44,ddb021df-ae4a-4ac1-8353-d0b375761714,2,W,Creature — Human Knight
a23446e7-8573-4e8e-8698-e4ca62424416,Beast Within,SLD,323,7735eeba-693b-47e2-bd51-414379cf1016,3,G,Instant
a24b4cb6-cebb-428b-8654-74347a6a8d63,Demonic Tutor,CMM,150,82004860-e589-4e38-8d61-8c0210e4ea39,2,B,Sorcery
a2749332-e99a-4a0c-b3a3-5578b552fa11,Gravity Sphere,LEG,151,8ddf93fe-980b-4dc4-b56f-6a2ee50100a6,3,R,World Enchantment
a274a381-4eb0-4e27-aff4-4d94e61b726a,Illusionary Mask,2ED,250,05ac866d-0405-4d25-986a-c10fcfc097e6,2,,Artifact
a2788d69-6a3a-42f0-8736-cc6b57755ecd,Wrath of God,LEA,45,34515b16-c9a4-4f98-8c77-416a7a523407,4,W,Sorcery
a285ab2e-836e-45b0-894e-574f733cf3db,Fireball,LEB,150,aa7714b0-2bfb-458a-8ebf-37ec2c53383e,1,R,Sorcery
a2931ae0-7836-4000-b9ec-f2029ebf5d96,Throne of Bone,LEA,273,f73c7edf-ed2c-41e8-ac83-c83ddd543f14,1,,Artifact
a2c37964-1c0d-40e6-9947-8be04fe14427,Loyal Retainers,PTK,12,55b88d43-ec45-4435-a316-1c8aee249ff0,3,W,Creature — Human Advisor
a2e5e26d-f211-4c0f-8fe0-611e22e8cc8f,Cabal Coffers,LTC,360,7358e164-5704-4e78-9b21-6a9bf2a968ce,0,B,Land
a2f3809e-e08e-45ff-8324-4046022fc6dd,Plains,PELP,9,bc71ebf6-2056-41f7-be35-b2e5c34afa99,0,W,Basic Land — Plains
a2fb7128-806b-4148-80fe-eb967f248021,Humility,TMP,24,ed7bdb3e-5c51-4547-9266-76a791e0b2b0,4,W,Enchantment
a30c266d-579e-4757-a4d6-6722fa343a6c,Deadly Rollick,CMM,695,0456ec64-2c81-4763-a352-8ff64a4c3d6b,4,B,Instant
a31d1338-3085-47c5-ac7b-6aa34b91314a,Wrenn and Six,SLP,15,108ae90a-50fa-4cfd-b751-d630e41425fe,2,GR,Legendary Planeswalker — Wrenn
a3393436-3426-4903-8f41-7abcbf6c18c2,Badlands,LEB,278,13ff3222-91cb-4796-a34e-899ed817694c,0,BR,Land — Swamp Mountain
a3544148-49b2-4320-8e3a-5bab81e0f7fd,Swamp,LEB,296,56719f6a-1a6c-4c0a-8d21-18f7d7350b68,0,B,Basic Land — Swamp
a3617338-1c7e-445f-8efd-ecd17315c1ff,Healing Salve,SUM,22,8da8644c-75a1-4fe9-8e94-900d948d631c,1,W,Instant
a374b6ef-bd75-4eae-ac7a-09332b0a653d,Mana Confluence,EOS,25,d0ee5bdc-2b69-4b73-9a20-ffcc18783b29,0,,Land
a3da57d0-1ae3-4f05-a52d-eb76ad56cae7,"Animar, Soul of Elements",2X2,171,725880b2-1675-414f-b61b-cf6533797dbf,3,GRU,Legendary Creature — Elemental
a3eedc11-0b47-430c-8391-577a2d05c2ae,Mana Matrix,LEG,285,256cea34-4691-4367-a789-17d15460f664,6,,Artifact
a3f1c52b-87d2-42fc-8fa0-4557aa00b7b0,Clockwork Beast,SUM,240,eb97c8db-ac6c-476c-b14d-87785e9c82f0,6,,Artifact Creature — Beast
a400d404-9e0a-44dc-ba34-3a3115028ae0,Drain Life,SUM,106,e75ba79f-4cc2-4ede-8641-559ab94e7e36,2,B,Sorcery
a43bc73a-3566-4be5-a210-9a6a5eac1913,"Quicksilver, Brash Blur",PPRO,2026-1,b76ce131-e51a-445e-8216-00df5904ab93,1,R,Legendary Creature — Mutant Hero
a466aec7-4cda-4a2f-ba8a-eeb3665fbcfc,Animate Dead,SLD,2189,c0d8fef4-65f4-4769-982d-b397d2b7e977,2,B,Enchantment — Aura
a47417cb-1ea7-4f65-ba06-e27a99373114,Celestial Prism,LEA,234,eb228a6c-bceb-45c3-a258-3f209682e1c6,3,,Artifact
a48bd745-5e9f-4807-97b0-29222a5b838d,Strip Mine,ATQ,82b,d21a89eb-7c5b-459a-acc7-12b20b13bf79,0,,Land
a4db5af2-9caf-4493-b340-6d64021139e2,Mox Emerald,2ED,262,376ee366-e082-402f-b4db-6592fcfcacd2,0,G,Artifact
a521f3f6-f90c-4fde-9b53-0e7301a5f8b7,Sea of Clouds,CLB,605,672e190d-8ea0-4a2e-b74f-5d35304631e4,0,UW,Land
a53c6a0e-9bbc-4a7b-8059-bc20806823d9,Burgeoning,SPG,126,88cf4c1a-5863-45fc-b76d-7ad33b175b2b,1,G,Enchantment
a549b913-556a-4aeb-899e-438ff6874f56,Underworld Dreams,SLD,1298,967cf377-ae26-464d-85ac-8448b5a911f7,3,B,Enchantment
a575a9af-e1de-4a1d-91d8-440585377e4f,Fastbond,LEA,192,e27193b7-1a47-4555-865d-b1fd4c6d597f,1,G,Enchantment
a577ba08-0aa8-45be-aa83-d5078770127c,Edgar Markov,INR,234,41e2790d-49f5-4e98-b8d9-04179f47f13a,6,BRW,Legendary Creature — Vampire Knight
a594299e-fc3a-4d46-bd58-1a9cf7ddbdd7,Natural Selection,LEB,213,57f90b30-bcb0-447e-8788-5c5ded187207,1,G,Instant
a5b936c4-0dc1-4da6-bd15-5559f5b62200,Liliana Vess,PSPL,10,a6c05941-2cfb-4dac-a7c0-ab808187eb7c,5,B,Legendary Planeswalker — Liliana
a5d364f3-e3e7-46fb-8273-aabd56ded0c5,Swords to Plowshares,STA,73,b1544f21-7e98-461b-aed5-e748b0168c52,1,W,Instant
a5dd8dbb-9538-4786-b20c-0ea2f446f323,Braingeyser,LEB,51,9908e597-9470-4c13-8387-39431b380138,2,U,Sorcery
a5e571ef-1645-4584-ab53-e7ea5d443dea,Demonic Tutor,LEB,105,82004860-e589-4e38-8d61-8c0210e4ea39,2,B,Sorcery
a5f23039-45ca-4c15-af50-bfd40ea26453,Ivory Tower,ATQ,53,d416a4ed-9f16-4a8b-8aee-03c630e1eb6c,1,,Artifact
a6000825-81bd-4deb-b115-c52c7890de2a,Super Shredder,PSPL,9,b7ee76bf-d15a-489e-8f05-414788f8f649,2,B,Legendary Creature — Mutant Ninja Human
a61f40cd-7641-4228-9239-8894d1d04851,Swords to Plowshares,SUM,41,b1544f21-7e98-461b-aed5-e748b0168c52,1,W,Instant
a64d4f93-0c04-4078-aec0-7e9de92f260f,Su-Chi,ATQ,66,9a28d53e-c789-47de-8f3e-a251843ac596,4,,Artifact Creature — Construct
a6714aba-7576-41b8-9f6b-5303f5b69689,Savannah,SUM,285,703243f0-8cb3-420f-958f-5fd4bde30293,0,GW,Land — Forest Plains
a696c5b6-f216-454d-8029-74e84bbd1428,Mishra's Factory,ATQ,80a,5963e0ef-e0bc-4611-ad4f-813a4c0eacfb,0,,Land
a6a86e6e-bfff-46af-9d36-c912901fea92,Psionic Blast,LEA,74,7f221ad6-7ec4-483d-a6b5-1456c95c1cad,3,U,Instant
a6a887e4-7cee-4107-8a9a-afbfa2e91bdc,Palantír of Orthanc,HOC,45,7798a4d9-1c1d-48e6-b9a2-ecd6aec1efa7,3,,Legendary Artifact
a6d492b7-b0b3-420e-8d00-6dacb11de77e,Earthbind,LEA,145,e8e35b49-8cfb-4fb5-89aa-8050f15b11bf,1,R,Enchantment — Aura
a7094d56-4c8b-4b2f-ad3a-83d81c460626,Demonic Tutor,PLST,UMA-93,82004860-e589-4e38-8d61-8c0210e4ea39,2,B,Sorcery
a7167902-939f-4aae-819a-8b941ce45cb1,Scathe Zombies,7ED,161s,e0fefaf0-da20-4d58-8db7-019dba16c780,3,B,Creature — Zombie
a71d1ec3-2d7a-4749-8936-8bf7a8b83d84,"Ragavan, Nimble Pilferer",FCA,43,37108cd4-bbab-4ce3-9ed6-f60e8422e703,1,R,Legendary Creature — Monkey Pirate
a71da253-1d40-4833-92a7-df8dd90e66e4,Meekstone,SUM,264,5ba73182-30a7-4bad-9cb6-c0feecc2db33,1,,Artifact
a748366b-654a-488b-8431-8f44c7e2e0ec,Mana Vault,FBB,263,736892cb-a34b-4bb9-b56c-e26e3db207a2,1,,Artifact
a762a954-1166-4c6c-bf87-0f68a5a24f3e,"Krenko, Tin Street Kingpin",SLD,1027,e8065e1d-e937-4b56-8011-78f0d07328a0,3,R,Legendary Creature — Goblin
a79c99e1-722a-44b6-8fa3-2be3f0c193d8,Triskelion,ATQ,73,74f67dcf-5afb-45aa-8d4b-3cdb23f6f2a1,6,,Artifact Creature — Construct
a7a8b6b8-b95f-4014-b17a-a6d44d965995,City of Traitors,EXO,143,f161111d-9747-47b3-bb10-3c8bded32e21,0,,Land
a7b5b4b1-1df0-46c4-97ff-f0ca2d1c91fb,Counterspell,FBB,54,cc187110-1148-4090-bbb8-e205694a39f5,2,U,Instant
a7cde778-6ab7-42e9-ae85-e83a4a584466,Ivory Tower,SUM,254,d416a4ed-9f16-4a8b-8aee-03c630e1eb6c,1,,Artifact
a7f56fbb-c88a-4d10-a6c1-fef72403c4b9,Teferi's Protection,STA,74,0d4ecdb1-ec90-497f-a7a4-1c68092b8757,3,W,Instant
a7fa6901-e74f-448c-9d26-99a692092512,Bone Miser,C19,15,3984e5f6-8643-4104-aa9c-18d474e07801,5,B,Creature — Zombie Wizard
a80582b1-09db-45f8-b362-0e5207a5a8e6,Volcanic Eruption,LEA,88,4c15889e-3172-413b-b805-a2b7ad05f636,3,U,Sorcery
a81a49a0-995a-4311-894d-5cbfba59db14,Wasteland,ZNE,30,09a70ae8-3859-4a09-901d-dce063fa3b5f,0,,Land
a83dad59-27a4-4dbb-bec8-f0683d6e2a67,Exquisite Blood,SLD,206,8f933fae-6c0c-42d7-a817-14760d8285cd,5,B,Enchantment
a8493df6-9954-4e33-867c-ca4bcf3953b2,Plaguebearer,EXO,71,f8cc1dc4-740d-4c5b-ac51-7355730a6595,2,B,Creature — Zombie
a84d0c3c-7382-46f9-a826-44100ac7cb41,"Najeela, the Blade-Blossom",SLD,1032,09619943-6aec-4080-ace5-a0c6ebb23f1c,3,BGRUW,Legendary Creature — Human Warrior
a86e5f6e-cf80-423c-b9fb-18bae9141df9,Spiteful Banditry,LTR,738,fde2653f-5270-4b8f-9642-0835dbb076c2,2,R,Enchantment
a877d692-018b-4a08-ab6f-9707b267f6fd,Fork,2ED,153,50c53ae0-51ba-4046-ac74-87c65e688032,2,R,Instant
a8917dc8-01c0-4e72-9310-c4d501775411,Natural Selection,LEA,212,57f90b30-bcb0-447e-8788-5c5ded187207,1,G,Instant
a8b75fc9-7045-4a87-b459-8d32f6c5402c,"Omnath, Locus of Rage",SLD,1256,1816eede-c5bd-49df-958f-a3af64cb2932,7,GR,Legendary Creature — Elemental
a8b9410a-804a-43ad-979b-3dc9fb569f99,Glamdring,LTR,747,52826984-44cb-48dc-a737-bb02983ffea8,2,,Legendary Artifact — Equipment
a8d10bc7-daeb-4c0d-9e4a-8eae8d11699f,Gloom,LEA,110,4d022f53-b1fb-4071-afcc-0af3214fe604,3,B,Enchantment
a8f05d5e-bb7d-4554-b880-f0c6b4688357,Mirror Universe,LEG,287,8d231d2f-5274-4b55-8262-9eb95654d183,6,,Artifact
a8f0e1cf-346f-41f0-ba8d-27b743cda61f,Conversion,SUM,14,a24e05fb-dffb-4400-b4ca-22fdde45e7a7,4,W,Enchantment
a8f56067-4b86-4788-8fd7-648c9041dbd4,Goblin Matron,SLD,1312,145737a7-c597-4dec-b752-207c2d0501e3,3,R,Creature — Goblin
a910d400-8053-4c90-82e7-bf3e22e81633,"Sea Gate Restoration // Sea Gate, Reborn",ZNR,333,4a8d41fe-e04d-484b-a7d1-19be311e6ca7,7,U,Sorcery // Land
a91857ac-5e73-4e06-af32-6a8f486e907e,Burrowing,SUM,140,d6b9b88b-e31b-4b88-9d53-3df5687804ba,1,R,Enchantment — Aura
a92d5a03-a4c9-4432-b3bb-f5bb21f65db0,Nazgûl,LTR,336,48a62778-7c11-486f-a0e1-020c283a7ef9,3,B,Creature — Wraith Knight
a941b1f6-9f18-4c9e-993f-bf8f52bd6f53,Mana Vault,2X2,394,736892cb-a34b-4bb9-b56c-e26e3db207a2,1,,Artifact
a956ab72-6abd-48f5-863d-7f8b39caf8fd,Aura Shards,SLD,1644,8d03d050-391c-4311-8c42-4ee632d40fdc,3,GW,Enchantment
a97208b1-a91b-4129-8a00-2f97b418accc,Orcish Artillery,LEA,165,c000811e-bde7-4840-a3bb-9714d5c977eb,3,R,Creature — Orc Warrior
a9738cda-adb1-47fb-9f4c-ecd930228c4d,"Ragavan, Nimble Pilferer",MH2,138,37108cd4-bbab-4ce3-9ed6-f60e8422e703,1,R,Legendary Creature — Monkey Pirate
a9b7d372-9324-4e7d-b09f-0e0f4c70ae65,Shivan Dragon,4BB,220,711eea87-0fa3-46e0-a42b-fa5a86455f04,6,R,Creature — Dragon
a9c6c759-aabf-44e7-ba8c-33c5df232b56,Tropical Island,LEA,283,74b7fe23-5d3a-4092-8d78-7c0eba8f6f73,0,GU,Land — Forest Island
a9ca5e42-889a-411f-a27c-86eca801eefe,"Urborg, Tomb of Yawgmoth",PLST,UMA-254,db6174d7-211d-4817-b8e4-8384594c83f9,0,,Legendary Land
a9e05121-e0de-463b-8d96-529277167b5d,"Mjölnir, Hammer of Thor",MSH,339,7f9a8845-d760-44a7-a4c9-8a20dba4e14a,4,R,Legendary Artifact — Equipment
aa1c4d4b-2645-4cd9-823e-3c9bb2eb48f9,Stream of Life,LEA,217,9eb2912d-2130-49f2-9529-b58fa5a97a15,1,G,Sorcery
aa1e5db0-4cd8-4d42-bde1-3e3d0041339f,Jeska's Will,SOA,44,0fd114c4-092b-4e28-b0dc-ef529f3bc73e,3,R,Sorcery
aa33fdf3-7540-4b3c-8d11-d43344264ab9,Terror of the Peaks,POTJ,149p,f8e17f4f-080d-4bba-bd05-ca27e94ccecc,5,R,Creature — Dragon
aa598db8-c0c7-4a9a-bd89-6d3da0d3dfba,Timber Wolves,LEB,220,35d07ac9-b184-4b5f-8192-34b1db042f69,1,G,Creature — Wolf
aa65e964-8ca5-4e56-b770-b50cddbc7365,Charismatic Conqueror,LCC,38,3dcc35f3-74dc-46a8-8aa9-3411189f0547,2,W,Creature — Vampire Soldier
aa72c2fd-53dd-4a34-95e1-89e2b2d2ac72,Twinflame Tyrant,PFDN,97p,321b5cc6-8df6-4292-97a0-a6a3a22f3b55,5,R,Creature — Dragon
aa894222-04c9-4129-8d48-6ffdd329b1f0,Fire Elemental,SUM,149,3912d21e-1ebc-4a81-9dc9-f404248d564a,5,R,Creature — Elemental
aa9d6484-84ce-4dfe-b512-a9168b970ec1,Dwarven Weaponsmith,SUM,145,a3541870-3dc9-4571-be98-c0a2b6c468fb,2,R,Creature — Dwarf Artificer
aaa05ad1-5cda-4edd-b6bf-562ae3e5011a,Simulacrum Synthesizer,BIG,6,eb7a1f21-a66d-415b-8520-710b44890bb6,3,U,Artifact
aaafb9bc-7cea-4624-a227-595544fa42b0,Wasteland,EMA,248,09a70ae8-3859-4a09-901d-dce063fa3b5f,0,,Land
aab08707-1599-4b3f-9be1-363dfe4ecdbe,Teferi's Protection,2X2,343,0d4ecdb1-ec90-497f-a7a4-1c68092b8757,3,W,Instant
aab62a48-93b5-4eb3-aa6b-92dd4cc617f6,Twinflame Tyrant,FDN,333,321b5cc6-8df6-4292-97a0-a6a3a22f3b55,5,R,Creature — Dragon
aac6ecc6-e5d7-40a3-b689-f4ed2d5c78cf,Teferi's Protection,TLE,7,0d4ecdb1-ec90-497f-a7a4-1c68092b8757,3,W,Instant
aad18e0d-ccf9-4d86-945b-36991558fd3e,Delighted Halfling,HOC,25,f9d3b046-0b95-4103-a630-4b3fb88bb60b,1,G,Creature — Halfling Citizen
aae08938-e563-4322-b2eb-db81913ea730,Tithe,VIS,23,318304f5-0929-4cd3-97e6-08ac1ac48aa6,1,W,Instant
aae6ce4f-d3ba-4b6c-a9c3-9ecbc7a3d5c8,Rock Hydra,2ED,172,aff84707-f5f8-4f53-869e-feec78da8d8d,2,R,Creature — Hydra
aaf08dd1-3d35-4842-807d-37f94b9ba578,Sword of Wealth and Power,BIG,56,b3a80545-9a8a-46b2-9d8c-b0d66fb68a5d,3,,Artifact — Equipment
ab12f69e-1491-47a8-8c46-d85bbf637ff6,Flawless Maneuver,CMM,24,4e183439-17d2-47ff-9d99-5e22821d91e3,3,W,Instant
ab8741ca-43cb-4b4c-890d-0a363524bd13,Mental Misstep,SLD,2373,1a0770e6-b093-4439-baff-6889a50ba12e,1,U,Instant
aba74289-72ee-4330-835c-e43ca1d32add,Disenchant,SUM,17,a7e97fa9-4b72-4548-b854-5be5f18a6f1a,2,W,Instant
abd80204-e9ba-483f-9b75-a69712545ba9,Llanowar Elves,LEB,211,68954295-54e3-4303-a6bc-fc4547a4e3a3,1,G,Creature — Elf Druid
ac09a506-427f-4636-bcfd-b40f8d511905,Mishra's Factory,ATQ,80d,5963e0ef-e0bc-4611-ad4f-813a4c0eacfb,0,,Land
ac19c5a1-ca13-4443-920b-83b567167ed4,Tropical Island,LEB,284,74b7fe23-5d3a-4092-8d78-7c0eba8f6f73,0,GU,Land — Forest Island
ac35ea21-fef4-4000-9b22-c8d07420827b,Terror of the Peaks,M21,369,f8e17f4f-080d-4bba-bd05-ca27e94ccecc,5,R,Creature — Dragon
ac43d235-e7d2-4a58-af1a-92ced4810103,Chalice of the Void,LCC,105,74027ba4-a6ba-4696-baf1-60ef0b27ee0a,0,,Artifact
ac4fc06d-50b8-455f-8d14-85c0c791c422,Fierce Guardianship,TLE,307,d09c9cba-fdd2-479b-ad5d-d05181c3e3f9,3,U,Instant
ac736037-113f-4e4b-8b97-7b2300b0d276,Master of Ceremonies,SLD,2379,18ed0c8a-db8f-4247-87c4-544b833f01bd,4,W,Creature — Rhino Druid
ac8973d1-171b-4d30-abab-9b8e9ace8912,Polyraptor,SLD,1391,e47e3a40-f51f-41ed-8e7c-06200a2abc22,8,G,Creature — Dinosaur
ac8cd7a1-3f79-405b-8930-2206f32c2035,Boros Charm,SLD,217,2679d0dd-ba30-4a1c-b6a0-b3ac6c790496,2,RW,Instant
ac98f86b-687f-4f70-9046-0d5f8616dbd1,Graveborn Muse,PLST,10E-145,d2a65ff4-ab82-42f7-9d90-feb29132121e,4,B,Creature — Zombie Spirit
acbe8763-1373-49f8-b4a6-dd5984b1d25f,Elvish Mystic,SLD,805,3f3b2c10-21f8-4e13-be83-4ef3fa36e123,1,G,Creature — Elf Druid
acc4115b-4bbb-4bb7-81c6-466130982a9c,Flooded Strand,ZNE,1,f3c7af78-a77d-4134-82a2-a5ce84285a84,0,,Land
ad282dc0-6310-47ab-99cd-90f34168bd27,Fomori Vault,BIG,59,622a53bd-d894-422c-a606-7126041afa02,0,,Land
ad361175-1127-40e5-8990-24e651fc2a4d,Gemstone Caverns,LTC,364,c0adbddc-b070-4c5f-afe0-0474c72a9251,0,,Legendary Land
ad4ba0c9-ec77-4406-a62a-82a550791e61,Molten Duplication,BIG,44,92b91910-9b65-4421-8eef-a33793161089,2,R,Sorcery
ad53e3d4-f907-4f46-9fd9-b23067ce9b82,Tom Bombadil,LTR,745,89a2d5bc-df06-47e8-8b4a-6d1f0a63c78d,5,BGRUW,Legendary Creature — God Bard
ad62f313-8a8a-4ffa-ada2-b12b76288729,Tangle Wire,NEM,139,c4ea0931-43e0-4214-9e0b-213eee3a7e69,3,,Artifact
ad64874d-ce33-4e0a-bcca-723f129ef415,Palladia-Mors,LEG,247,d7121ac7-e425-46cd-b006-1af391d97f87,8,GRW,Legendary Creature — Elder Dragon
ad66330e-166c-4613-b788-e5c2f052cd9d,Goblin Sharpshooter,SLD,18,d81285b7-a718-411a-8be3-ecc0cfe0bcb0,3,R,Creature — Goblin
ad7ac9a5-340f-4509-826c-7b9416d47887,Tolarian Academy,USG,330,dba4fd31-8931-42dd-bd86-45479c2abf74,0,U,Legendary Land
ad89f6d0-e965-49b8-adeb-ad07e40f00f0,Serpent of Yawning Depths,SLD,1489,d31c6043-e005-4efe-9aa7-d82cb122eebe,6,U,Enchantment Creature — Serpent
ad9c0698-aaa3-4aef-b1a6-0963e10cd94b,Fluttershy,SLD,1538,df6c25c9-da2b-44f5-97bc-3eef4d795ff9,3,GW,Legendary Creature — Pegasus
ada6aeb6-8c9f-4498-9326-b4da0fcb19a3,Vivi Ornitier,FIN,321,0452be2a-e97a-4269-a9e3-b616265ecb2e,3,RU,Legendary Creature — Wizard
adb92f38-c4e1-42ed-b726-d66716b3e92a,Wrath of God,FBB,46,34515b16-c9a4-4f98-8c77-416a7a523407,4,W,Sorcery
adc05479-0dc6-455d-a858-4414d8f3b7c9,Fabricate,SLD,7121,422e1869-134f-463d-9fa1-86b66a998b3e,3,U,Sorcery
ade7d00d-4e7b-46e9-ace1-63f628a589fc,Time Walk,2ED,84,d0209d3f-3f7e-4fd5-bce5-10bce6f29c86,2,U,Sorcery
ae1a83c2-2d44-41ed-813f-f05c44b087f3,Dockside Extortionist,PLST,2X2-107,697bcfe1-ecbf-42a1-bfc7-0766d48ca56b,2,R,Creature — Goblin Pirate
ae20d442-a544-4a03-9ebf-5ecb137c67dd,Wall of Bone,LEA,132,8ffe4986-9e09-4421-ad26-296a4c0df9e4,3,B,Creature — Skeleton Wall
ae27edb4-424b-4a2f-a588-d3b60c8d78e5,Balance of Power,PTK,34,c57ee68e-6832-4d4c-b710-fc03a2c10a9c,5,U,Sorcery
ae4f3aaf-3960-48cd-b34b-32e4ae5ae088,"Lumra, Bellow of the Woods",BLB,183,97a84e9d-bfc4-4ca2-b1e8-908dba56ccdb,6,G,Legendary Creature — Elemental Bear
ae6a0105-a4c7-46b6-a2a1-8e8a93e2be6c,Holy Armor,SUM,23,912164c2-b4d4-42e3-a10e-903b8c7b2e6d,1,W,Enchantment — Aura
ae91e07c-ad6d-41d9-bd65-184f92761334,Disrupting Scepter,LEB,243,cd30a128-4b23-476e-8066-2272fdc395d9,3,,Artifact
aea42376-97f6-4313-b139-7eeaf427b22b,Forest,SLP,35,b34bb2dc-c1af-4d77-b0b3-a0fb342a5fc6,0,G,Basic Land — Forest
aecc8ebf-8a32-403f-b3f8-5bbda265ad0a,Circle of Protection: Black,SUM,9,7a5a8414-4da4-4dd0-93ae-210d50f4d6f6,2,W,Enchantment
aed8a937-577f-4841-9eb3-44ac3aad0654,Sire of Seven Deaths,PFDN,1p,a15547d0-bbcb-41ee-a9ae-8325a9e7fe1f,7,,Creature — Eldrazi
aee806ce-effa-4244-9659-43246e944d80,Lake of the Dead,ALL,140,bdf476e5-1d57-4b17-b45b-d52fd75aadeb,0,B,Land
af11986e-42bd-4f54-8624-7b34b1783a40,Purelace,LEB,33,3773001a-8868-49ec-a406-298cf72359c2,1,W,Instant
af2a4558-db6e-41b2-aff6-b164d93282a0,Wall of Brambles,LEA,223,f8d82a00-c10e-4b9e-9642-d05706900a97,3,G,Creature — Plant Wall
af3928b4-813a-4120-8799-de34235d60ac,Ranger-Captain of Eos,MH1,21,cada3481-cc2b-4412-b9b5-0436af53aad2,3,W,Creature — Human Soldier Ranger
af478684-ea34-4275-ab45-a9512aaa0758,Steam Vents,UNF,283,17039058-822d-409f-938c-b727a366ba63,0,RU,Land — Island Mountain
af53b5fc-c31a-4f26-93bf-0c45c1f4e1e5,Clone,LEB,52,42226b87-0746-4ebf-9fd0-108d508462af,4,U,Creature — Shapeshifter
af571c75-6142-458a-8857-93164e27e5db,Thicket Basilisk,SUM,218,c4822813-cd81-465d-9fe8-3a4c2dcd31ef,5,G,Creature — Basilisk
af88e4e8-b694-4ec0-8885-701ea30bf84c,Sol Ring,PIP,359,6ad8011d-3471-4369-9d68-b264cc027487,1,,Artifact
af915ed2-1f34-43f6-85f5-2430325b720f,The Great Henge,ELD,161,78427103-9543-41fb-b6d4-72963fe87275,9,G,Legendary Artifact
af957200-c538-4f52-b105-6db7a7abb4dc,Rod of Ruin,LEA,268,c29a04ab-4e14-45d8-a993-3fffd0e2f6eb,4,,Artifact
af9ad645-e605-4048-bf4c-d636584f315b,Mountain,LEB,299,a3fb7228-e76b-4e96-a40e-20b5fed75685,0,R,Basic Land — Mountain
aff10db6-f9bf-4fc8-b3ef-c4c11f192f53,Archangel of Thune,IMA,8,4f2d4538-dc1d-4c09-964b-b0d7c240fb7d,5,W,Creature — Angel
affb57f4-273a-425c-a1b3-d0a5407f43d5,Granite Gargoyle,LEB,156,ef5248d4-4cd1-447c-bdcc-78a09a67d923,3,R,Creature — Gargoyle
affefdf8-a346-4e06-a727-67ce543ae8e6,Mons's Goblin Raiders,SUM,167,a37159df-f6d7-4db6-85de-0ea77f425993,1,R,Creature — Goblin
b01b0d7f-5184-4651-a83d-14c27c8bb1bc,Heirloom Blade,SLD,372,7c3a8766-e440-48c5-a561-197490efdba5,3,,Artifact — Equipment
b05bda29-654a-4f4f-9296-702ccda7f800,Portal to Phyrexia,BRO,365,301d1d8e-d3fc-4010-8b29-4724fa0b31cd,9,,Artifact
b06ef600-51a0-48e7-b19b-0b15b3e6fc69,Buried Alive,SLD,1673,8203c621-a1a0-4865-8c9a-0d4064c86107,3,B,Sorcery
b07baf1d-a399-478e-9ae1-0a9e6cfe4933,Exotic Orchard,SLD,1231,27b047e3-0d41-45e2-98e9-9391d7923a1e,0,,Land
b07deb9b-5b88-4658-8ae8-041568992019,Keldon Warlord,LEB,161,acc869f8-dcbe-4d57-baa0-3eef4aceb251,4,R,Creature — Human Barbarian
b090cb9e-fcdd-4fc2-8e5d-b63511f83a13,Green Sun's Zenith,SPG,127,0d96b60b-a060-48ee-bb83-93f1c4a10669,1,G,Sorcery
b0a04baf-5301-4e47-ac8f-243d2a73f18e,Shivan Dragon,SLD,716,711eea87-0fa3-46e0-a42b-fa5a86455f04,6,R,Creature — Dragon
b0da8d56-3178-44c2-9344-95d2346d326f,Castle,LEA,9,f3179c3c-7e53-44d2-b579-b9e677efe9d9,4,W,Enchantment
b0e1427c-05cd-465b-be59-97ed6e39f7ba,Mox Emerald,LEA,261,376ee366-e082-402f-b4db-6592fcfcacd2,0,G,Artifact
b0faa7f2-b547-42c4-a810-839da50dadfe,Black Lotus,LEA,232,5089ec1a-f881-4d55-af14-5d996171203b,0,,Artifact
b103e9f5-fdfd-4533-a63b-1c212dc76ba7,Sword of Forge and Frontier,PSPL,3,c6331ce3-21f7-4784-80fe-df1f541a4c46,3,,Artifact — Equipment
b10d99bf-b2ce-4443-b924-ff0eb8be1033,Finale of Devastation,CMM,289,69872a9a-fe54-4e58-940c-89395af71acd,2,G,Sorcery
b112cb69-3b6f-42dc-b6ea-6537492adb95,Copy Artifact,FBB,53,80bc56a9-40e0-48da-ae86-190e39c8a4a3,2,U,Enchantment
b12e5430-0e80-47dd-80ac-85728b656a24,Volcanic Island,3ED,291,c718911c-c955-4eb9-9e16-be4bd49a4e4e,0,RU,Land — Island Mountain
b13bf496-f3c0-4c13-8282-e7abfab6a198,Sedge Troll,LEA,172,a6a43190-cca2-4f07-afe9-8af681d777da,3,BR,Creature — Troll
b15acc09-dd32-4e93-a788-7c0ae965a0c8,"Toph, Greatest Earthbender",TLE,70,3741206f-8ef5-4b8f-ae4c-df3ab0a17683,4,GR,Legendary Creature — Human Warrior Ally
b161705c-9d12-416f-8e5c-54ea0d3befd0,"Arwen, Mortal Queen",LTR,742,9519a4ea-c4a0-4127-b06a-aac9ffaf7a32,3,GW,Legendary Creature — Elf Noble
b1623d57-4729-4796-b3f7-f1837a05c6ed,Plains,LEA,286,bc71ebf6-2056-41f7-be35-b2e5c34afa99,0,W,Basic Land — Plains
b1653811-1c2c-4e6c-bf1c-287d1b496d51,Exquisite Blood,JMP,231,8f933fae-6c0c-42d7-a817-14760d8285cd,5,B,Enchantment
b16f7c4d-5867-48cd-879f-d7c2b4161570,Elvish Archers,SUM,193,534ce8e2-53a1-407c-9881-d3b5347d43c3,2,G,Creature — Elf Archer
b17530a1-7be3-4af3-aa98-9476c69fa766,Balance,FBB,3,17fa98cd-ed8f-483f-9525-7e989a82ebb2,2,W,Sorcery
b17e9216-b1ed-4101-a04e-2bb139ccfa55,Helm of Obedience,ALL,121,16cadebf-c484-41f8-9e38-5c2c528f5b54,4,,Artifact
b190b954-bc4f-4e11-9fd1-db57c271cc45,Hypnotic Specter,FBB,115,759af941-f6a3-4726-91f2-9b1e4e55ea71,3,B,Creature — Specter
b19d533b-0081-4744-8fc8-5e864ddb39ba,Mithril Coat,HOC,43,3dc364f3-3094-4660-80ca-9418588c7fde,3,,Legendary Artifact — Equipment
b1a9682c-ecca-4caa-9e5a-17874167082b,Sylvan Library,4ED,273,92eed395-62ca-4293-882b-8565c40daab5,2,G,Enchantment
b1b337de-4c43-45b6-a0ca-262a983f3589,Sylvan Library,5ED,329,92eed395-62ca-4293-882b-8565c40daab5,2,G,Enchantment
b21ebc9f-a93e-4d18-b3e8-8459e3abbf31,Tunnel,LEA,178,80559618-9dd9-4987-b3bc-1a1b5537bbc5,1,R,Instant
b2471873-45e1-4a54-805c-84e65a00e29a,Sea of Clouds,ZNE,16,672e190d-8ea0-4a2e-b74f-5d35304631e4,0,UW,Land
b24b5864-44c0-4bc8-8705-9504f83b2c03,Earth Elemental,LEA,144,3c97c311-7ad5-47ec-b421-f6c3bfbda9fb,5,R,Creature — Elemental
b28f9e63-e5e4-44b5-a17e-8301ff17c623,Rukh Egg,ARN,43,98116aec-2ab1-4bee-b727-9feff6274825,4,R,Creature — Bird Egg
b2b72dcd-9ea1-4729-baae-ecd262fdff67,Kudzu,LEA,204,51ca5965-ae39-4e51-8948-9a230a03f906,3,G,Enchantment — Aura
b2c3e3dc-1ed7-4fbc-8b58-6cd9e689c6a5,Ball Lightning,4BB,176,7485cf25-eb41-4397-be13-7f0b8c10c70a,3,R,Creature — Elemental
b2d1219f-fadb-4427-8627-e5aef3589600,Swan Song,SLD,1591,8ddfc283-c9b4-41a5-af88-cf0068e986cc,1,U,Instant
b2dea99d-bd42-4cec-bd09-cfa81b7bdcef,Giant Spider,SUM,200,e740ce2f-2134-473c-afa1-1b6d2d1e38ef,4,G,Creature — Spider
b3075281-fb5e-458b-8956-0d4ce01f710a,"Great Goblin, Foul-Hearted",HOC,105,080f504f-20c8-4975-837c-d704e879d7f5,5,BR,Legendary Creature — Goblin Noble
b35b0fb6-2596-4da3-820e-df28172f209b,Shivan Dragon,SUM,177,711eea87-0fa3-46e0-a42b-fa5a86455f04,6,R,Creature — Dragon
b3724e40-0622-4aee-9334-6c9fff88bcd5,Plague Rats,LEA,121,16cf1cf9-6900-406c-a5b4-0e5750f530e0,3,B,Creature — Rat
b37fd4cc-ab5c-4c65-80ff-8f905b31e801,Sword of the Ages,LEG,296,201f2434-96b3-408c-a5ce-74d0675920ed,6,,Artifact
b3939f72-1ec6-4b2c-b37e-b1ebb024bb8f,Hurricane,LEB,201,9c021685-4017-49c7-9f58-2ae0243361a0,1,G,Sorcery
b3a69a1c-c80f-4413-a6fd-ae54cabbce28,Black Lotus,LEB,233,5089ec1a-f881-4d55-af14-5d996171203b,0,,Artifact
b3dd3c7d-4685-4579-b483-14ddaaaddf5b,Scythecat Cub,J25,24,929117cd-caa6-402b-9d7b-1f684d75695c,2,G,Creature — Cat
b3dd94c5-42f6-4148-be6e-2a3a4226cc0e,Circle of Protection: Red,LEA,12,df2738fe-9cd1-4347-8808-105fcfde1190,2,W,Enchantment
b3e685f9-cc0f-4dc6-98dc-4727944de445,"Ragavan, Nimble Pilferer",MH2,315,37108cd4-bbab-4ce3-9ed6-f60e8422e703,1,R,Legendary Creature — Monkey Pirate
b4075bbc-dbad-4a1e-a992-70aed713a459,Forest,LEB,302,b34bb2dc-c1af-4d77-b0b3-a0fb342a5fc6,0,G,Basic Land — Forest
b40f7528-5162-4454-afa8-9ecb912d7ec7,"Alela, Artful Provocateur",SLD,1630,936ae5dc-9838-47f3-ba1f-66523a7f5b76,4,BUW,Legendary Creature — Faerie Warlock
b43b3c33-aa44-4001-87ff-695bf04f51be,"Lumra, Bellow of the Woods",BLB,342,97a84e9d-bfc4-4ca2-b1e8-908dba56ccdb,6,G,Legendary Creature — Elemental Bear
b43b900f-2d9b-442b-9699-058483604ec9,Hypnotic Specter,LEA,112,759af941-f6a3-4726-91f2-9b1e4e55ea71,3,B,Creature — Specter
b44d3087-ced3-40e8-a63b-1733b7e7f34c,Mana Flare,LEB,163,97159138-c34b-416e-b079-5c952383a243,3,R,Enchantment
b476fe47-ada6-433b-a628-b1e8b96dd2c2,Wooden Sphere,SUM,281,0bd8917c-bec4-4603-bc3f-8e0c2afae56a,1,,Artifact
b4b36435-55b3-4615-8812-af41d4fc64d9,Deflecting Swat,CMM,214,ae120613-97d6-4393-b39d-c3e6c076f5d6,3,R,Instant
b4b3d65d-3485-4d82-ba2e-9e2071f284b5,Tezzeret the Seeker,SLD,1619,4aeafdf3-7828-4114-8c74-3bd46357caec,5,U,Legendary Planeswalker — Tezzeret
b4e3d844-d3b4-41d8-921d-c1cb3af343f8,Flooded Strand,ONS,316,f3c7af78-a77d-4134-82a2-a5ce84285a84,0,,Land
b4eb3db3-6a7c-488a-9433-d5d1d3133816,Mons's Goblin Raiders,LEA,164,a37159df-f6d7-4db6-85de-0ea77f425993,1,R,Creature — Goblin
b50159f3-47d2-4f10-ad52-3adc751f7be5,Black Ward,SUM,5,7861ac9b-3024-4935-804c-2ca4c5a46bf4,1,W,Enchantment — Aura
b50fd7cb-b21c-46ee-bf2a-2c187088baf2,"Ghalta, Stampede Tyrant",PLCI,185p,b8f16311-be5a-4648-b024-849a61dff0bc,8,G,Legendary Creature — Elder Dinosaur
b571077e-a4a5-4442-99d9-558a4ffe55e9,Ancient Bronze Dragon,SLD,2487,8ce74097-97b1-493d-9585-bd1336f95927,7,G,Creature — Elder Dragon
b59ba1ee-8080-4f3e-a9a0-fa7b8b049e34,"Zhulodok, Void Gorger",CMM,752,ec726c54-987b-48ed-8ffa-ec73a5e35333,6,,Legendary Creature — Eldrazi
b5a79f5d-d0df-4799-ac3a-84305e3af0c9,"Yawgmoth, Thran Physician",DMR,110,a1e232c0-dc38-47be-a5a0-f68bc1d86a29,4,B,Legendary Creature — Human Cleric
b5bf8b03-1f5c-46c5-a684-ae5c04630286,Astral Dragon,CLB,613,a20e2e1a-90d8-4073-96e9-efce86f0178e,8,U,Creature — Dragon
b5d3dcab-2260-479d-9ef6-dfb92d4f6061,Lightning Bolt,LEB,162,4457ed35-7c10-48c8-9776-456485fdf070,1,R,Instant
b6297104-b73c-439c-ac0c-b7fac01d49dc,"Delney, Streetwise Lookout",MKM,337,245d0ccf-87b6-460a-8b99-9e2079f2d375,3,W,Legendary Creature — Human Scout
b65ec6ad-80d8-4c76-8b69-fc401a8f1ce8,Mithril Coat,LTR,379,3dc364f3-3094-4660-80ca-9418588c7fde,3,,Legendary Artifact — Equipment
b6abd8b8-76e5-4df3-ab50-db1c34e328a0,Karmic Guide,SLD,1911,8c31fec9-e4b3-4761-990e-7be38eb05604,5,W,Creature — Angel Spirit
b6adb5b0-7c5b-4da3-9405-8cd3e69ffc19,Lotus Field,EOS,68,134d5b82-7940-4b33-a922-7f9d1f403e50,0,,Land
b6cef408-5b4b-49f6-9531-be544815b93f,Stasis,LEA,80,a8cf1379-0195-4e11-b994-481ef1284245,2,U,Enchantment
b6d1e901-cef9-45ca-a946-a4a9cba6702d,Archfiend of Despair,CMM,137,9c36760b-57c5-488b-afc9-ef141942c6ab,8,B,Creature — Demon
b6e33c5e-6d99-4e7e-b611-4b271a47b4d2,Royal Assassin,LEB,124,9ed6f28f-a3db-48c5-9ab0-b90a7fba5f57,3,B,Creature — Human Assassin
b7210c3a-bbd3-4f3a-933b-a5618a4f7a52,Teferi's Protection,SLD,1691,0d4ecdb1-ec90-497f-a7a4-1c68092b8757,3,W,Instant
b728cdab-e4fe-478b-b7b2-5912bd6a80a3,Grave Pact,WOT,29,6f4ac4a4-53ec-4bc9-8f5c-d4b801d867b2,4,B,Enchantment
b734cb11-2024-411f-9885-dafda14bb431,Dark Ritual,STA,89,53f7c868-b03e-4fc2-8dcf-a75bbfa3272b,1,B,Instant
b7518bcf-766a-457d-a627-dbfb0207309c,Last March of the Ents,LTR,623,3999cd64-ff5c-4e2c-8aa6-d14f9f8a2b4c,8,G,Sorcery
b7623c00-144b-4a8f-9c6c-f5e9e4f65ece,Fireball,LEA,149,aa7714b0-2bfb-458a-8ebf-37ec2c53383e,1,R,Sorcery
b7848325-c46e-4e63-90d0-c9524380eb63,"Greymond, Avacyn's Stalwart",SLX,18,739a5220-50cd-4148-be58-1bbdeef2954e,4,W,Legendary Creature — Human Soldier
b7b7aa34-b4f8-41b4-82ce-ab2e204c3bf4,Regeneration,LEA,213,89390a33-b289-4edd-a114-6616e49a49c2,2,G,Enchantment — Aura
b7ba7d7e-c285-4e99-9ee1-135bf343677d,Witch Enchanter // Witch-Blessed Meadow,SLD,2655,0355249a-8e4e-41db-9cea-1b901faffbe6,4,W,Creature — Human Warlock // Land
b7f6b20c-9871-433c-8557-44493447e914,Consecrated Sphinx,MBS,21,311a449d-dc74-46e6-9a47-6a597931f736,6,U,Creature — Sphinx
b847a2d1-5912-4f88-a68f-06790d0795dc,Righteousness,LEB,37,3f6b2f76-0364-415e-a6a2-e9e5bf31b745,1,W,Instant
b8571901-a2e9-428b-a022-13e38c84bf28,City of Brass,BCHR,112,f25351e3-539b-4bbc-b92d-6480acf4d722,0,,Land
b88471f6-ccb3-4129-b7a4-62cee65605ef,Grave Pact,CM2,65,6f4ac4a4-53ec-4bc9-8f5c-d4b801d867b2,4,B,Enchantment
b89bcdd8-189e-41bb-bb3d-a53e6e6758e1,Mox Amber,HOC,96,7a43bd27-fdd8-41f0-9bc4-92568f3408f1,0,,Legendary Artifact
b8a48466-6dc1-4874-9328-c7358e642f39,Summon: Knights of Round,FIN,359,73122880-d7f4-422f-a336-18773bcb7bfe,8,W,Enchantment Creature — Saga Knight
b8c66fab-7494-42b1-bc4e-dae85a48fa41,Black Market Connections,LCC,181,d2664f28-49e1-46f8-a863-b217e961a57c,3,B,Enchantment
b8cdd6a7-f772-4ccb-914f-63f52ed54d6b,Nightmare,LEA,118,375932e6-1b3e-48dc-8154-9b664c3add34,6,B,Creature — Nightmare Horse
b9211949-66a5-4039-ac6d-3e42b008b58e,Livonya Silone,LEG,242,57f2aa02-f5f3-42a5-939d-5cc94200951e,6,GR,Legendary Creature — Human Warrior
b92aafa5-9a21-4564-8b33-dab414cd5dca,The Wandering Emperor,NEO,316,0c7f18d5-36cb-4bc6-a358-443b97666215,4,W,Legendary Planeswalker
b9527c2a-23bb-4d33-9e72-6e0ab3de0e6b,Pixie Queen,LEG,196,38a7d4ef-d296-4896-9b6b-2fd3ad518243,4,G,Creature — Faerie
b9640cbf-b016-410e-9eff-e8924883517b,Bitterblossom,2X2,69,fb868840-09fa-49b1-85cb-b08ad065e972,2,B,Kindred Enchantment — Faerie
b99ff81f-08d9-4b4a-a879-de5e5e402802,Argothian Enchantress,EMA,158,11f17f85-ca97-4551-838f-7cb32f0e5f10,2,G,Creature — Human Druid
b9b6ec63-7df4-450e-b849-920121fe245c,Nazgûl,LTR,730,48a62778-7c11-486f-a0e1-020c283a7ef9,3,B,Creature — Wraith Knight
b9ebe73b-29d7-4a07-b7dc-a885dad61a88,"Nethroi, Apex of Death",IKO,380,66bef5a7-79b7-4a9c-98dc-8670f867f04c,5,BGW,Legendary Creature — Cat Nightmare Beast
ba00ab71-f686-46eb-af3a-7d70f22e13b6,"Zellix, Sanity Flayer",CLB,619,4dde484a-8d5b-4eb6-ab4a-e30cc370431c,3,U,Legendary Creature — Horror
ba149706-cd17-4da6-8403-ccfe2d6cb437,"Avacyn, Angel of Hope",AVR,6,216cb26e-8da9-478b-bfbc-8030f7adee72,8,W,Legendary Creature — Angel
ba3ff39b-b591-4434-8d41-4826d0809ca7,The Arkenstone // Seek the Heart,HOB,234,09f09d0a-6054-4545-b81e-0295773cc5f0,5,W,Legendary Artifact // Sorcery — Adventure
ba5de5eb-442d-48de-bb5a-e316ea44520d,Overgrown Tomb,UNF,284,975ec9a3-6f20-4177-8211-82526e092538,0,BG,Land — Swamp Forest
ba6706ed-f05b-411f-afa5-f6154f718c80,Worldly Tutor,DMR,353,e8863518-0bfa-49c3-8c6e-6c9116a81051,1,G,Instant
ba6f1263-d598-49fb-b5f8-09f11822ebd0,Karplusan Forest,ICE,356,bd912666-f37f-4767-af6f-9e6d0fcccacf,0,GR,Land
ba874c0c-f66f-4edc-9859-40273487aef0,Mana Drain,CMR,80,74d3277a-38e5-4732-afed-084a56148f20,2,U,Instant
ba93c50a-2440-4e92-9cba-d97e20b1d29c,Acid Rain,LEG,44,6ae3c3a2-bd17-4fea-ae27-9d2d1eaf8cc0,4,U,Sorcery
badc73ec-3728-4246-90c7-5f4eb7051ed5,Regrowth,LEA,214,e6e4a8bd-5c40-4654-8de1-0da9afed90fd,2,G,Sorcery
bb16341a-f793-4b0e-b4ef-3fc56aae3807,"Rograkh, Son of Rohgahh",SLD,9996,584cee10-f18c-4633-95cc-f2e7a11841ac,0,R,Legendary Creature — Kobold Warrior
bb2926dd-ce40-4afe-8e2f-3e009d931dc8,Goblin King,4BB,198,d236b3fc-0d3f-4d99-875d-e32a33fe5767,3,R,Creature — Goblin
bb2b74a2-cb74-4b54-b9c6-78c63f14cf5b,Aladdin's Ring,ARN,57,7810915f-df4d-445a-8ba8-fe6ed3abf1ae,8,,Artifact
bbc46960-fdf1-4227-93b8-3fd778be896b,Solitude,H2R,3,dcb9c2a7-ae54-4ddc-a567-640bf4bf4366,5,W,Creature — Elemental Incarnation
bbdfbd21-61b1-4ebd-8d37-bce2a391a7e9,"Codsworth, Handy Helper",PIP,14,f496ff42-3644-494a-9f21-27f781ee880b,3,W,Legendary Artifact Creature — Robot
bc1f42a2-fe11-45da-9552-069803b4068a,"Mikaeus, the Unhallowed",CMM,173,5d27c63e-d1ef-48af-b51d-01ebc6daeac9,6,B,Legendary Creature — Zombie Cleric
bc2570a4-eef9-430d-b6c2-cd51d29b9d01,Timber Wolves,LEA,219,35d07ac9-b184-4b5f-8192-34b1db042f69,1,G,Creature — Wolf
bc45f2cb-c256-4a0f-879a-c7db5b1a0b94,Null Rod,WTH,154,2f83ca86-e23d-40f7-8085-6928d8cfef9b,2,,Artifact
bc4f4b92-7d4e-4b03-8cb4-e6b356c338b4,Jandor's Saddlebags,ARN,65,3aa0e73f-ac88-47a5-9cc5-0c941a939eae,2,,Artifact
bc5376cb-82f6-43c7-bf8b-43515791e082,Force of Negation,RFIN,J1,ac2173f9-f223-440a-9231-fd98762bdc6f,3,U,Instant
bc60e209-aa29-48aa-9128-9bb175403c0c,Nova Pentacle,LEG,289,db121503-8a34-498a-829c-72c33798369b,4,,Artifact
bc6ea08d-7991-4a57-a1e3-abd508426970,Island,LEA,289,b2c6aa39-2d2a-459c-a555-fb48ba993373,0,U,Basic Land — Island
bc98d888-4af3-43a3-b035-40c651057b6e,Underground Sea,2ED,286,4b22be3a-8ce1-47d1-b82e-6c3ccfb0548b,0,BU,Land — Island Swamp
bc9cea21-97d7-4174-9140-140334af2c12,Spell Blast,SUM,82,04477339-7ed5-4770-9e5c-6e481ffcc858,1,U,Instant
bcae01a2-171b-47cd-87be-f1e4e5314326,Wooden Sphere,LEA,276,0bd8917c-bec4-4603-bc3f-8e0c2afae56a,1,,Artifact
bcd624c8-f06e-4181-865e-6a14ffc9302f,Blessing,LEB,7,5c84d8da-2bfb-4618-89a0-7d9ed604e854,2,W,Enchantment — Aura
bd079929-fa58-4484-91b7-31305b87ee43,Mana Echoes,2XM,136,369e90e5-a31b-49cc-b594-8a853f244be1,4,R,Enchantment
bd3d4b4b-cf31-4f89-8140-9650edb03c7b,Ancient Tomb,UMA,236,23467047-6dba-4498-b783-1ebc4f74b8c2,0,,Land
bd53f7e3-f76a-440b-8c84-994d378bda97,Wasteland,SLD,178,09a70ae8-3859-4a09-901d-dce063fa3b5f,0,,Land
bd5cc052-7175-4bb8-a52c-f1fb80cb731a,Nuka-Cola Vending Machine,SLD,2462,6cfb03e5-aca6-4fe2-a3f1-93e1f0cbf9e1,3,,Artifact
bd712cf8-d5aa-439f-8030-db612bf6d0b1,Forest,SUM,305,b34bb2dc-c1af-4d77-b0b3-a0fb342a5fc6,0,G,Basic Land — Forest
bdbf73e9-91ff-4c25-b618-62d652e75587,Command Tower,SLD,758,0895c9b7-ae7d-4bb3-af17-3b75deb50a25,0,,Land
bdd2c783-1483-490a-ae93-c4664a0a9564,The One Ring,HOC,44,3aa83ed2-f48b-4ce6-a614-2c54ddf50538,4,,Legendary Artifact
bdf9661d-b581-4496-9004-f292d9ac03ef,Bitterblossom,WOT,27,fb868840-09fa-49b1-85cb-b08ad065e972,2,B,Kindred Enchantment — Faerie
be16c053-99e1-4921-8530-5135c989149d,Badgermole Cub,TLA,326,2b0afb89-0944-4861-b9c3-e909e2ac215e,2,G,Creature — Badger Mole
be219928-3d0e-4d00-b124-152ce8a8c13b,"Delney, Streetwise Lookout",MKM,12,245d0ccf-87b6-460a-8b99-9e2079f2d375,3,W,Legendary Creature — Human Scout
be2af52c-9f38-40e4-a643-06c5f2a9f416,"Lightning, Army of One",FIN,320,585eb5bc-5a3d-44d8-b593-1ff0d67f96a7,3,RW,Legendary Creature — Human Soldier
be326fe9-4ed8-4f64-934c-9955edea5fdb,"Atraxa, Grand Unifier",FCA,49,abbcb153-0763-44c6-964f-b4ff0eb64257,7,BGUW,Legendary Creature — Phyrexian Angel
be33a155-de26-43d1-88f1-c926f1b7cb7c,Paralyze,LEA,119,e9b4e857-39e5-4a06-89ad-3dd94b3f252a,1,B,Enchantment — Aura
be407a81-b25a-4e5d-845e-be0cc0d18db8,Painter's Servant,SHM,257,baf93873-35e6-4bf2-bdcc-78a5206422fb,2,,Artifact Creature — Scarecrow
be6604df-0888-420d-957e-93cf3d770a9e,Morphic Pool,ZNE,17,bd004c9d-771e-4e63-a97d-a2259c096af8,0,BU,Land
be6ba2e4-e657-4a2d-8f5f-255376d861b3,Vivi's Persistence,FIC,458,fd4a1f4b-674d-41f3-a9a6-c2b65bf5c1ab,2,R,Instant
be819c83-5534-44ec-aa44-d3365bfc89db,Sakashima's Student,PLST,PCA-24,afcc68e2-3634-43ce-ae99-dd2ec735d146,4,U,Creature — Human Ninja
be955e9a-e722-4cd7-8e3d-bab1889c255b,Wall of Swords,LEB,43,eb098958-50d3-4476-ba74-382033703ff9,4,W,Creature — Wall
bea44c06-900d-41b8-88fa-c1bede6ce757,Reassembling Skeleton,SLD,1406,9dbc3530-b278-4c8d-b2cc-a09dfac9d5e5,2,B,Creature — Skeleton Warrior
bebe39d4-21fb-46a4-a1ec-b97102e46c15,Scrubland,LEA,281,c8d95ca8-7d12-4072-aeaf-e20f248c7e39,0,BW,Land — Plains Swamp
becd6a66-51b5-4ef1-a8a4-f65343bda3f8,Flawless Maneuver,SLD,1728,4e183439-17d2-47ff-9d99-5e22821d91e3,3,W,Instant
bed8b82c-3579-426b-9309-4e9fa0f7d60d,Mahamoti Djinn,SUM,66,c39ea5f9-6ec0-4697-897b-779e326754a7,6,U,Creature — Djinn
bf0e94c9-61c4-4cc0-b5ce-db62bc2660ee,Deranged Hermit,ULG,101,b9cd714b-2ad8-4fdb-a8aa-82b17730e071,5,G,Creature — Elf
bf11766b-2614-433d-a3b3-e49b31769c98,Mountain,SUM,301,a3fb7228-e76b-4e96-a40e-20b5fed75685,0,R,Basic Land — Mountain
bf333864-1299-43a4-a03f-5df98b7498e8,Esika's Chariot,SLD,1894,8e7b079d-9ede-421c-bd2b-f9a5126a8e6f,4,G,Legendary Artifact — Vehicle
bf4c2ae2-c114-455c-b14e-2c37e3f6c7e4,Serra Ascendant,SLD,2291,27ad3e00-6ffb-48f7-8469-8868d066d1e2,1,W,Creature — Human Monk
bf5666e6-e1bf-4f8e-acc0-d14df7362873,Toxic Deluge,SLD,1860,afaef788-34d1-460b-b884-9d7ae6ddeb18,3,B,Sorcery
bf70944c-9600-47b6-a7a6-39c7961e3e6a,Raise the Palisade,LTC,425,f55a3781-fe33-4301-9bb5-6a54b9c13c4f,5,U,Sorcery
bf76c6a4-d6e8-4d50-b65f-020252f7b659,Mystic Remora,SLD,406,8a52f3c0-2552-4425-b2e3-5496eb2232a7,1,U,Enchantment
bf770633-612e-41db-a451-7da802c46e4d,Mana Flare,2ED,163,97159138-c34b-416e-b079-5c952383a243,3,R,Enchantment
bf812f48-633c-46ab-b0c3-4819ab1b4e49,Bad Moon,LEB,94,fc5d3341-cbce-49e5-93cc-8add92479dca,2,B,Enchantment
bf95125c-447a-47ca-a691-6e3879312b52,Mount Doom,LTR,709,995c8dac-fd27-468a-abd4-02372cf0c850,0,BR,Legendary Land
bf96c268-c86b-4d5e-bf04-200c427e5fa5,Nazgûl,LTR,338,48a62778-7c11-486f-a0e1-020c283a7ef9,3,B,Creature — Wraith Knight
bfb1fba6-8eb3-4338-9249-cec888c892dc,"Illuna, Apex of Wishes",IKO,379,08daa30f-7ce0-4a72-b539-fbb0c585fd73,5,GRU,Legendary Creature — Beast Elemental Dinosaur
bfb6227f-9f71-4d78-bddc-3d78635965d5,Control Magic,SUM,52,cd0d7141-46d2-4aa3-bc77-6b3b4513803e,4,U,Enchantment — Aura
bfd53428-56c3-4c99-828d-665e3c2d15a8,"Maha, Its Feathers Night",BLB,289,129476ae-9dab-4e04-8e8e-f249afd56ff9,5,B,Legendary Creature — Elemental Bird
bfe3329c-7faa-4925-b9d2-075a1ab27e80,Natural Order,EMA,177,8c1fe337-375a-4add-93b6-0ac39ed72b4f,4,G,Sorcery
bfed1a95-bd67-4e16-a781-81866028af2f,Craw Wurm,LEA,190,6a462a69-3e42-41de-a3aa-a488d9f38d69,6,G,Creature — Wurm
bff33e91-8e52-43f2-b8ae-603b456b08fc,Island,LEB,291,b2c6aa39-2d2a-459c-a555-fb48ba993373,0,U,Basic Land — Island
bfffb65d-851d-4dc9-9233-d53abf955dcd,Jeweled Bird,ARN,66,89f5b21c-18da-4071-bc42-9cdc433734bf,1,,Artifact
c060c178-3c0e-493f-b6f0-ead5b1d6f191,Survival of the Fittest,EXO,129,119d719d-e965-45b4-9bc9-ac03211b10c2,2,G,Enchantment
c0698972-eb23-46c6-8eb9-49a4345f82dc,Exquisite Blood,PLST,JMP-231,8f933fae-6c0c-42d7-a817-14760d8285cd,5,B,Enchantment
c079037c-f4cf-423f-ad15-ee57136d6148,"Huang Zhong, Shu General",PTK,8,7d6c4290-d46d-4b98-805c-3f537462c4c8,4,W,Legendary Creature — Human Soldier
c09b3bc2-d766-4ad2-9b8b-d37bfd0e8436,Cockatrice,SUM,189,af354337-424c-4c7e-8ca5-6149261368d2,5,G,Creature — Cockatrice
c0a29ba4-fe8b-442f-a8b5-8cce7c765011,Phyrexian Rager,PMEI,2000-5,e409c9be-0c9a-43c3-adb4-8c47afc1d551,3,B,Creature — Phyrexian Horror
c0a612c4-b4ac-4dd2-a06e-92516599fafd,Island,LEB,293,b2c6aa39-2d2a-459c-a555-fb48ba993373,0,U,Basic Land — Island
c0b10fb7-8667-42bf-aeb6-35767a82917b,Ifh-Bíff Efreet,ARN,50,e503a4f2-a785-4e7a-89a7-a9b24fb98831,4,G,Creature — Efreet
c0cc30cb-4417-4705-9313-3aef50963820,Jade Monolith,SUM,255,1e105ab7-fb10-4cfd-ac2f-5e11488cf1b0,4,,Artifact
c0d433a4-76c0-4f27-836d-4c0c13a511fb,Sunglasses of Urza,LEA,271,eea64b1f-d6a9-4f72-8612-efab4b124b63,3,,Artifact
c0d7591f-96c0-4cac-aa4e-f3dea0ec4703,Animate Dead,SUM,93,c0d8fef4-65f4-4769-982d-b397d2b7e977,2,B,Enchantment — Aura
c0e175cb-ffea-473f-8422-53273f263016,Carrion Feeder,SLD,1114,a1cc5e37-b09a-4b7f-afd5-77c1c35aa425,1,B,Creature — Zombie
c0f0401f-aa5b-4572-a957-e4e78b70ae3d,Phyrexian Altar,PLST,UMA-232,8d02b297-97c4-4379-9862-0a462400f66f,3,,Artifact
c0fb91ec-20a8-4c13-9469-18885b1ecca3,Sol Ring,LEB,270,6ad8011d-3471-4369-9d68-b264cc027487,1,,Artifact
c103c4d8-5a3c-443b-9caf-f41f8b61e73f,Fierce Guardianship,CMM,694,d09c9cba-fdd2-479b-ad5d-d05181c3e3f9,3,U,Instant
c14746bb-aa00-4be2-9740-d87f976296d2,Raging River,LEB,169,a2310312-6e1e-4e34-a351-9aef499a810f,2,R,Enchantment
c14c07d4-6971-483a-add1-f3cdf18feae9,Wheel of Fortune,3ED,185,a8abd966-de7b-46a3-8ac7-8747ab35653a,3,R,Sorcery
c15e8a42-89de-42bc-8d5f-33426d207c3a,Island Sanctuary,LEA,25,7d1769d0-d942-45b3-a31c-2bbe45e68661,2,W,Enchantment
c1662949-0d69-49a3-8c69-daf10717ed4e,Black Knight,LEA,94,9456c5b6-946d-403a-8ed0-dff9f921d98c,2,B,Creature — Human Knight
c17a982d-466d-4fec-b85a-a44161e5dad5,Rock Hydra,LEB,172,aff84707-f5f8-4f53-869e-feec78da8d8d,2,R,Creature — Hydra
c17cb591-916e-4176-aeb9-e2275d68d472,Copper Tablet,2ED,239,16d1023b-2162-4010-8bf4-218dbe7c99a0,2,,Artifact
c1862c47-71cc-45a3-8805-a5ddc62e55ea,Channel,LEA,188,d1b815d1-2848-40d4-a555-66822d1becbc,2,G,Sorcery
c1a31d52-a407-4ded-bfca-cc812f11afa0,Mana Vault,2X2,308,736892cb-a34b-4bb9-b56c-e26e3db207a2,1,,Artifact
c1ba83ab-83f5-421d-bba1-0f925870b5c8,Ball Lightning,DRK,57,7485cf25-eb41-4397-be13-7f0b8c10c70a,3,R,Creature — Elemental
c1e0f201-42cb-46a1-901a-65bb4fc18f6c,Urza's Saga,MH2,259,4c6a0c30-b547-4eff-8ff4-0ca25803c076,0,,Enchantment Land — Urza's Saga
c1e5fbc6-d129-4843-96a5-ee4406b2700f,Demonic Tutor,DDC,49,82004860-e589-4e38-8d61-8c0210e4ea39,2,B,Sorcery
c1f0544c-0124-497c-a8f1-5d5fb959ca39,Vaultborn Tyrant,BIG,50,e8d0accc-b320-4c07-8a71-a09db860351e,7,G,Creature — Dinosaur
c20a4bce-15db-43a7-9514-5e657b618aac,No Rest for the Wicked,USG,142s,d03fd358-ff3f-45ab-9601-07dbb535cb51,2,B,Enchantment
c2213eac-cea4-4dfd-90c4-c1f466967e2e,Exalted Angel,ONS,28,2f6e9ab8-6951-4c5f-bcde-0e96e0fe87f2,6,W,Creature — Angel
c2259a81-e5fc-40c4-9da8-0c868ccaac56,Plague Rats,SUM,123,16cf1cf9-6900-406c-a5b4-0e5750f530e0,3,B,Creature — Rat
c229bca3-1b5b-4a15-9e6f-0c063835bfc6,Samite Healer,SUM,38,95a0ca48-d924-47f4-86ed-42c673ee778c,2,W,Creature — Human Cleric
c22e6167-6103-4393-bb95-83b5a57bea98,Warp Artifact,SUM,135,f4b18451-1f40-48bd-8ca9-eec784ad5dd7,2,B,Enchantment — Aura
c2353776-6cc8-4cb3-9608-6ed4aa5bdd1b,Gray Ogre,SUM,157,83c8a3a6-2e1a-4e26-8847-6d066f42d906,3,R,Creature — Ogre
c25a61b3-c828-491c-868d-e4eff770c1bb,Force of Nature,LEB,195,e3c4c27d-f263-4c69-a4fe-2928136ff68b,6,G,Creature — Elemental
c25dc997-219f-44e9-9003-384f75a606a3,Phyrexian Tower,UMA,248,1861e642-21d5-4232-89f3-b5557f2946c1,0,B,Legendary Land
c27bc1de-8246-4dc8-af51-ec21def9e226,Tawnos's Coffin,ATQ,68,05f20087-416f-4928-a0ab-6d0d2ca2ad05,4,,Artifact
c2cb5a93-d2f9-4df6-9488-c57b6f18ae2b,Deflecting Swat,TLE,311,ae120613-97d6-4393-b39d-c3e6c076f5d6,3,R,Instant
c3142a41-8718-4955-9fec-18f3d4875493,Sacred Foundry,UNF,285,45181cb8-2090-4471-ba90-e5a8f04d525f,0,RW,Land — Mountain Plains
c3200fa2-182f-4515-b326-ab4fdb95c8c1,Mycosynth Golem,5DN,137,ebcd864a-b7dd-4330-89e1-80576a9437ec,11,,Artifact Creature — Golem
c321a867-cb86-4c0e-9719-be490f578925,Roaming Throne,PLCI,258p,3640c29b-1534-4952-b297-619ade948431,4,,Artifact Creature — Golem
c321d0e1-ff30-4424-979b-25e1a33e45d5,Mountain,ARN,77,a3fb7228-e76b-4e96-a40e-20b5fed75685,0,R,Basic Land — Mountain
c3240d5e-b3d4-4368-b09b-c309bc935152,Elvish Archers,LEB,192,534ce8e2-53a1-407c-9881-d3b5347d43c3,2,G,Creature — Elf Archer
c33afc48-c85e-42b7-aa00-22b0d36aaa09,"Yoshimaru, Ever Faithful",PF25,5,963834c8-42df-4ee6-9b45-b9de88ce2eac,1,W,Legendary Creature — Dog
c358af5d-61e3-4c4d-9d7d-2f3e43210339,Brilliant Wings,FIC,454,ed06b85a-e85f-47c4-ba90-1664e69a338f,2,W,Enchantment — Aura
c3607d52-9b76-4950-a47e-d09f47c1b7e8,Serra Angel,SUM,40,4b7ac066-e5c7-43e6-9e7e-2739b24a905d,5,W,Creature — Angel
c39c412b-2f21-483a-b744-5d55bc007c0d,Terravore,ODY,278,f44fb61a-9aa5-4178-b958-5115d62a7f50,3,G,Creature — Lhurgoyf
c3a0c7f3-7fb9-43de-a9af-96532c31e5ed,"Solphim, Mayhem Dominus",ONE,150,895f23a2-55b7-4cc0-8939-2efaaf097e6f,4,R,Legendary Creature — Phyrexian Horror
c3b21941-1b7d-4fde-8b1d-7edbd5e5b796,Eye of Ugin,WWK,136,10d13ff6-c4d0-4753-8939-a8a90f0e92bb,0,,Legendary Land
c3db9b84-9842-446c-b47b-12195002e261,Ebony Horse,SUM,247,4eb67ba3-35e3-47c3-820f-62814cf202a7,3,,Artifact
c409f51e-eea5-478b-8679-27309bd73936,Tropical Island,FBB,288,74b7fe23-5d3a-4092-8d78-7c0eba8f6f73,0,GU,Land — Forest Island
c4300d24-1cae-4dd5-be7e-38cc677cf5bd,Sol Ring,LEA,269,6ad8011d-3471-4369-9d68-b264cc027487,1,,Artifact
c44669b2-bf9a-41c3-91c7-d845b0061fbf,Mishra's Factory,ATQ,80c,5963e0ef-e0bc-4611-ad4f-813a4c0eacfb,0,,Land
c474cd6b-5610-49eb-ac98-918d900efe8b,Bottle of Suleiman,ARN,58,f32d19d6-8ac1-4744-b2c2-5c9d4cd0da70,4,,Artifact
c48d1586-23e9-4b0e-91ff-01bd6f32427c,"Gyome, Master Chef",C21,332,0f1b5cea-2035-444c-9f63-87dcb9782c74,4,BG,Legendary Creature — Troll Warlock
c48e6462-638f-4642-bba4-1bf68c1fcd0f,Enlightened Tutor,PLST,MIR-14,c5229c17-b7be-4b05-b683-f2277edc4849,1,W,Instant
c49ecc66-dccb-4026-8c6e-0b275a635a1f,Farmstead,LEB,20,0d71b157-09a0-4fd4-beb9-103117a784ad,3,W,Enchantment — Aura
c4a7d70f-387d-40c5-bb3a-ba49a2b89855,Karn Liberated,SLP,36,0ca233f4-1b7f-4807-ab6e-2b1f5439b3db,7,,Legendary Planeswalker — Karn
c4b610d3-2005-4347-bcda-c30b5b7972e5,El-Hajjâj,ARN,24,f92c9a5d-853f-4157-89ba-8d8c8033c533,3,B,Creature — Human Wizard
c513f51b-a0db-4c08-8acc-1e91060b93b7,Tainted Pact,ODY,164,1a85ba2b-ae10-4917-954a-7709b75a9740,2,B,Instant
c54d5ea1-0cc9-4e84-b712-642d55915dae,Teferi's Protection,MAR,51,0d4ecdb1-ec90-497f-a7a4-1c68092b8757,3,W,Instant
c5553dc2-de19-4edf-b9f3-9a21b760b585,Sindbad,4BB,100,dc81069b-b2cf-44b3-98fc-45bb24b815cb,2,U,Creature — Human
c565f8fe-acf7-40dd-8100-8f692d1e232c,Talon Gates of Madara,M3C,134,8c45bf9d-a017-43bf-9e32-67810a8a217b,0,,Land — Gate
c56c7fb4-8b7b-40fc-879c-76cfb5d417b8,Overwhelming Forces,PTK,79,bdccceb6-ad3c-4a75-a8a6-ca796ede4185,8,B,Sorcery
c58ff93f-7135-40af-92ce-358da48694dc,Nesting Dovehawk,MOC,17,fe8fc442-ed17-40b2-8624-69f2eed3f9be,4,W,Creature — Bird
c5cd0d88-53b5-4560-bce0-910b3b7be946,Misty Rainforest,MM3,240,09dd85aa-47bc-4713-a9b9-8b52ff2285ed,0,,Land
c5e32a3d-c477-419a-97c2-851974c6b89e,Fire Ants,USG,187s,c23543b7-f637-4a7c-9b72-ec411cd5488e,3,R,Creature — Insect
c5fce146-ac20-4fc2-ba5a-ab135c323d55,Mountain,PGRU,4,a3fb7228-e76b-4e96-a40e-20b5fed75685,0,R,Basic Land — Mountain
c60f0789-946a-4747-8ef8-a36514c46ec2,Simulacrum,SUM,130,20d69989-7250-40c7-a064-8ed78ccbe556,2,B,Instant
c61fa2c0-63c0-4dc2-9f17-5a00530e3348,Deadly Rollick,C20,42,0456ec64-2c81-4763-a352-8ff64a4c3d6b,4,B,Instant
c633ffe8-2198-4d62-969c-9a44a7ca132d,"Mondrak, Glory Dominus",ONE,299,fe83087d-c6c1-40be-9295-baaa1c6b2db1,4,W,Legendary Creature — Phyrexian Horror
c659c9e5-5ec6-4c7f-80b2-e1782e6c3334,"Gandalf, Shadow's Foe",HOC,99,6760d7d1-098e-4131-8824-53e5427d047b,7,U,Legendary Creature — Avatar Wizard
c65e2353-20a0-4894-bd9e-dae5c8920168,Dwarven Warriors,SUM,144,cfc553cd-3b4c-47a9-bffb-e5790befb32c,3,R,Creature — Dwarf Warrior
c67088f4-4cbf-47f5-a4f8-a00f8aae305c,Storm of Saruman,LTR,733,cf5f4860-e805-46a3-9352-a2c583e33403,6,U,Enchantment
c69d4007-d26b-442b-9c34-d3780c46c5f6,Howling Mine,2ED,248,d26b27db-a567-4631-b4b6-7294222fbdd1,2,,Artifact
c6ae9cff-8646-4069-8761-df734e067beb,Plateau,3ED,284,c7a15ca4-085f-4d92-8387-c3711c04c8fa,0,RW,Land — Mountain Plains
c6cad746-a1dc-4739-9707-9c12c42e141a,Misty Rainforest,MH2,438,09dd85aa-47bc-4713-a9b9-8b52ff2285ed,0,,Land
c6d16a9e-98c0-46e0-987c-f0de0915a204,"Jaws, Relentless Predator",SLD,2175,1202725c-170b-42d7-9f82-a431a987f30e,5,R,Legendary Creature — Shark
c7057b04-e22f-4e33-9f08-b9fbd2e54bf5,Verdant Catacombs,MH2,479,67d60b24-d429-4ded-90d9-06e49f28c396,0,,Land
c72c52be-5cb4-435d-8162-c27a0cf57adb,Underworld Breach,SLD,2040,27e0948b-9916-473b-8d8c-a51bdfbc7457,2,R,Enchantment
c730d44d-4ac6-4fa5-91bc-7a701da2bf32,Thoughtlace,SUM,85,6452b6a6-6235-46a3-a712-a26592450438,1,U,Instant
c75672e0-fa2d-43c5-9381-e17f2fd6d3bc,Urza's Tower,2XM,372,32fbb638-ab14-4e8b-a07a-d4c44e3496f2,0,,Land — Urza's Tower
c7658ec0-3207-4c7e-b31a-30a2a9249595,Urza's Saga,MB2,114,4c6a0c30-b547-4eff-8ff4-0ca25803c076,0,,Enchantment Land — Urza's Saga
c7710eb5-c56a-437b-8847-2a829c404d47,Sword of Feast and Famine,2XM,296,d0901053-6de0-46d0-9ee3-8d40510236c1,3,,Artifact — Equipment
c77ebe57-ea56-4300-b293-6260c4c01a43,Cyclonic Rift,CMM,84,d75b9c82-1b49-4c3e-a1b5-aeef57d6644b,2,U,Instant
c790770c-110d-4eb2-b9ae-3aa2bc745a9d,Pinkie Pie,SLD,1539,818f7024-bdce-4cf2-af64-00ae7864defb,2,RW,Legendary Creature — Pony
c7a401b8-29fb-46ef-a663-427f66724d5c,Displacer Kitten,CLB,63,09ef446c-a13d-49d9-a94c-cd5f5a2d440b,4,U,Creature — Cat Beast
c7a57f0e-5b67-44fc-ab68-9fc7a1345e9b,Scavenging Ghoul,SUM,128,68c0c04e-b0d5-4721-83bf-bf18e8b7e680,4,B,Creature — Zombie
c7c5efdb-ba10-456d-9dc2-4ca6e3550108,Mana Confluence,EOS,70,d0ee5bdc-2b69-4b73-9a20-ffcc18783b29,0,,Land
c7d7db76-0a0c-444f-96f1-559838450549,Doubling Season,WOT,52,01546b7d-a233-4176-8843-d732074dc5b6,5,G,Enchantment
c7e71299-98f6-494e-b187-8d22ce5f50af,Doubling Season,RAV,158,01546b7d-a233-4176-8843-d732074dc5b6,5,G,Enchantment
c80d1df6-247d-4ceb-8493-226a2a4a8f75,Swords to Plowshares,4BB,52,b1544f21-7e98-461b-aed5-e748b0168c52,1,W,Instant
c8173030-1c33-417c-b8e9-79231b6a85a7,Recurring Nightmare,EXO,72,a6708b11-1bcd-4208-a967-fe91f2e3313c,3,B,Enchantment
c818547c-a6f6-4c69-9e4d-33741e605093,Beast Whisperer,SLD,1099,5da7eea8-bb9e-47ce-a554-8a1ee058bd7a,4,G,Creature — Elf Druid
c83ed3e0-82d0-4410-a6ca-b0f923eadf83,"Thassa, Deep-Dwelling",THB,71,2396299a-c031-4020-b13e-1f9bf9d64511,4,U,Legendary Enchantment Creature — God
c8435923-d3eb-4366-a0d5-edf538f9f261,Demonic Tutor,SUM,105,82004860-e589-4e38-8d61-8c0210e4ea39,2,B,Sorcery
c84e8a0e-49a7-46f6-8a37-910e32753528,Mox Pearl,2ED,264,824597b8-c89a-47ec-8526-7efc6e24ef0e,0,W,Artifact
c8505bc8-218f-4b56-be78-ebde535ebaa0,Vampiric Tutor,6ED,161,ededbdae-d9dc-4206-9335-d7158f2d7700,1,B,Instant
c86b8a75-9e31-4a44-95b8-c83b9a49646f,Ocelot Pride,MH3,322,b4ce2c8f-a19c-461e-8a2e-0ec2bd3ebca3,1,W,Creature — Cat
c8777821-c142-4793-9942-c3a081316e76,Swords to Plowshares,FBB,41,b1544f21-7e98-461b-aed5-e748b0168c52,1,W,Instant
c87830ee-c6b9-4c68-bc04-74987b03858d,Urza's Incubator,DMR,453,b380c04b-0bce-4328-8f0a-1425e48bee72,3,,Artifact
c87fe9b8-3dae-4b22-bceb-be48cd082921,Grave Pact,8ED,137,6f4ac4a4-53ec-4bc9-8f5c-d4b801d867b2,4,B,Enchantment
c88e9802-4066-453e-b246-96b6245d21fe,Kird Ape,SUM,161,fbbc3acb-c917-44ff-ac6f-9dd6ebe3f4ad,1,R,Creature — Ape
c89c6895-b0f8-444a-9c89-c6b4fd027b3e,Necropotence,IMA,98,94a844d2-0574-45a7-b347-e0e329767c42,3,B,Enchantment
c8a8e37b-0b97-4355-8e00-169a82c38ea0,Nyxbloom Ancient,THB,330,8b610f8f-c8dd-4eeb-bc6e-3bc706d5f63e,7,G,Enchantment Creature — Elemental
c8b26b25-27a6-4e8b-ac4a-fd743f8aac1c,Stone Rain,SUM,180,6e880df6-fc00-43d2-a9c8-f575f40b78c6,3,R,Sorcery
c8d5d6a5-6807-4a80-9460-7633dc430ee9,Demonic Tutor,2ED,105,82004860-e589-4e38-8d61-8c0210e4ea39,2,B,Sorcery
c94a3780-74aa-4e1d-b08e-951db045b22f,Dauthi Voidwalker,SCH,23e,f1c2dbe2-fbe0-4058-bdf1-91d1b1832786,2,B,Creature — Dauthi Rogue
c972abe6-c732-4745-bde4-8b51698f05be,Flawless Maneuver,C20,26,4e183439-17d2-47ff-9d99-5e22821d91e3,3,W,Instant
c977fb5f-4436-41d0-af68-93b6d05897e5,The Queen of Dale,HOB,24,a2ec1dd0-86c7-423d-b562-ed95b79bf8f7,2,W,Legendary Creature — Human Noble
c993c74c-a574-423b-81c8-96b0a7a6e529,Jovial Evil,LEG,109,274c5367-f02e-44a0-be8a-5ed03c831bda,3,B,Sorcery
c99f6785-e5a1-4fdc-9fb5-e1a372e7e848,Intuition,TMP,70,3c9faba7-f2d3-4978-be94-020dc8003dc0,3,U,Instant
c9a26f51-5bff-4f06-abaa-6fbb56a8b5b6,Concordant Crossroads,2X2,141,ff01b408-6d17-40a3-9efd-a1b341ec1307,1,G,World Enchantment
c9a85474-e0e5-40cf-b0a3-a2b7da7f7000,Rhystic Study,SLD,478,53236dd7-845a-444c-96d5-f41ed7325d8f,3,U,Enchantment
c9a8cc61-7e36-4df7-9c89-c32fce129c5a,Arid Mesa,MM3,229,c5acf2a5-40f4-433d-a74d-1cb56c521464,0,,Land
c9bd60fc-2777-44bc-b314-a792e8e48360,Consecrated Sphinx,2X2,43,311a449d-dc74-46e6-9a47-6a597931f736,6,U,Creature — Sphinx
c9d6af7b-41a5-4077-81ed-7560548dcf3e,Anointed Procession,PLST,AKH-2,7246d45b-2185-4cdd-981b-5419b7d52bce,4,W,Enchantment
c9e753a2-a7d0-4d37-ae65-b5a1b5039a6e,Living Artifact,LEA,208,4ff9af56-ac18-4966-9e48-183e1ca1c2d0,1,G,Enchantment — Aura
ca55a2b4-f53a-4c76-bd28-8ce49108a322,Sliver Gravemother,CMM,777,0d59f010-9669-4ad2-9ae9-cd88b85f282c,5,BGRUW,Legendary Creature — Sliver
ca571ee8-07a2-43b8-9acf-89cbfd3cf7c9,Disrupting Scepter,LEA,242,cd30a128-4b23-476e-8066-2272fdc395d9,3,,Artifact
ca669988-e009-4b3e-af20-ee5885554d34,Volcanic Eruption,LEB,89,4c15889e-3172-413b-b805-a2b7ad05f636,3,U,Sorcery
ca736b62-9b02-49bf-8abd-5de6c4bf0ab0,Smothering Tithe,2X2,342,153376c9-dffd-458c-8ce3-a4c8269bc4e9,4,W,Enchantment
ca7bf790-d48c-4b05-8550-c9d67d6c2060,Abhorrent Oculus,SCH,50,b1a0e129-27f0-4a09-b00d-497e18777306,3,U,Creature — Eye
cac8c421-5b92-481d-b2de-560c0231ab58,Jayemdae Tome,LEA,254,39ee576a-0803-4063-9c84-f2b537e4d44c,4,,Artifact — Book
caf9cef4-0f2d-478a-b119-fe1967687f74,Personal Incarnation,LEA,31,6e49a5b8-6bc4-4c7b-82c1-957f1fb0ca5f,6,W,Creature — Avatar Incarnation
cafc2350-5d64-4379-9198-79a114654d45,Glasses of Urza,LEA,245,af7fabf4-8d55-4b06-9c21-472f4a5775b4,1,,Artifact
cb073d5b-9515-492d-9b2d-0f64e85f1da8,"Animar, Soul of Elements",CMD,181,725880b2-1675-414f-b61b-cf6533797dbf,3,GRU,Legendary Creature — Elemental
cb184c8a-207c-46b3-9927-41bbf66c9ffa,Tormod's Crypt,BCHR,109,1573f7f9-672c-421a-b1ac-3d0d8aea59ca,0,,Artifact
cb1bbd0b-a05a-4a6e-83d3-4bd067b7ef3a,Agatha's Soul Cauldron,PWOE,242p,c259e16f-2a44-4552-8678-815f757a02e8,2,,Legendary Artifact
cb3b9de4-0d31-431f-b060-69a33e9d9c85,Thassa's Oracle,SLD,1280,1de1b591-a73f-4974-b507-8c63e07a0868,2,U,Creature — Merfolk Wizard
cb425ed1-d428-495a-a56f-07b81e97dcd3,Pyretic Ritual,SLD,1064,86ef6474-613f-41fb-931c-d4279b03ed99,2,R,Instant
cb795f86-3721-4ae5-9893-49d7d9973f86,Force of Negation,TLE,13,ac2173f9-f223-440a-9231-fd98762bdc6f,3,U,Instant
cb9bf59f-6879-4343-9158-207ddd170bfb,Lotus Cobra,SLD,1223,8ad91f64-ccab-4edc-bd54-b2ee9267d614,2,G,Creature — Snake
cbac1d27-15e2-4e2f-82ab-625a16e096cb,Enlightened Tutor,MIR,14,c5229c17-b7be-4b05-b683-f2277edc4849,1,W,Instant
cbc085e9-bbb2-463a-b35c-bee13008a2c6,"Ulamog, the Infinite Gyre",2X2,337,b817bc56-9b4d-4c50-bafa-3c652b99578f,11,,Legendary Creature — Eldrazi
cbcec142-ba44-4d66-a1cc-9f98870a69d5,Snapcaster Mage,SLD,808,2bb2eda7-3b38-4c56-870f-c3218a1056f5,2,U,Creature — Human Wizard
cbd05eaa-7c0d-45f0-b085-87dc1d610c34,Bloodthirsty Conqueror,FDN,460,fd505c02-c59e-476d-8e88-35da862ddc23,5,B,Creature — Vampire Knight
cbd9ab01-a833-4fa4-8dee-151bd9800835,Veteran Bodyguard,LEA,41,d29078c0-1fb8-437a-81d1-bb319f646941,5,W,Creature — Human
cbe639bb-5797-4bec-b55b-aed296337e92,"Jace, the Mind Sculptor",BLC,75,7f77a84e-5a4b-4834-aefa-3cecc175ae8e,4,U,Legendary Planeswalker — Jace
cc6c7d89-32e7-4c3f-ac90-7db3a46eed4b,Xira Arien,LEG,270,4a6e367c-7bc9-44a3-8ede-f2d0651abad3,3,BGR,Legendary Creature — Insect Wizard
cc743a03-867c-4bb0-8fb0-2bcaa0a8a756,Wall of Ice,LEA,224,1945e165-7636-4727-89ba-3811251ef175,3,G,Creature — Wall
cc78f2e5-c02b-4f58-8510-660ca27d9a71,Urza's Tower,ATQ,85d,32fbb638-ab14-4e8b-a07a-d4c44e3496f2,0,,Land — Urza's Tower
ccaf995c-4554-4711-b3bc-eaa009c53c45,Ley Druid,SUM,206,a4ae41c7-9631-407d-8fd3-04f403d940a8,3,G,Creature — Human Druid
ccbb3a6d-7e75-46c7-a91f-db4cf8d003af,Bloodthirster,40K,73,e971249a-64a3-4a9b-9a0c-e9d858ca8a55,6,R,Creature — Demon
ccc3b385-f51c-45b3-afb1-321f892afc96,Hill Giant,SUM,158,342199e0-15b6-4824-83da-25caef2592b3,4,R,Creature — Giant
cd20aae9-9de0-498b-8325-f8e8290d56e3,Terror of the Peaks,OTJ,337,f8e17f4f-080d-4bba-bd05-ca27e94ccecc,5,R,Creature — Dragon
cd212de7-25f6-4b3b-a35b-df7d87fe205b,Rhystic Study,FCA,31,53236dd7-845a-444c-96d5-f41ed7325d8f,3,U,Enchantment
cd39e21d-89cf-4211-8b03-c53e7c48311b,Rain of Filth,SLD,1547,aa77980d-0434-40f0-990f-1c8c50610174,1,B,Instant
cd63d353-6764-4094-92de-9fca1a3e553f,Hurricane,SUM,202,9c021685-4017-49c7-9f58-2ae0243361a0,1,G,Sorcery
cd87f082-1596-43fd-b971-720090ac6733,Delighted Halfling,LTR,402,f9d3b046-0b95-4103-a630-4b3fb88bb60b,1,G,Creature — Halfling Citizen
cdab94e2-f0a1-42ad-9b03-a780f3de6901,Commander's Plate,PCMR,305p,cae166de-e681-40a0-83a8-3c17cf40e2fc,1,,Artifact — Equipment
cdad38f7-9dfa-4f1b-9fac-41ab2b253f53,Wooded Foothills,ONS,330,6587a463-a108-4854-b6d1-944e89b8c8a4,0,,Land
cdcccb0f-ce96-453b-9e82-41d87f52e58b,Ashnod's Altar,ATQ,38,4d18bcba-a346-445e-a182-6cc30b7e066d,3,,Artifact
cdf0afa6-7003-454d-9b8a-e3328aaf29ed,Storm World,LEG,165,868f4ab2-a846-4ad0-8720-95fd234dd36b,1,R,World Enchantment
cdf8c817-3fdf-4121-96b6-869f9c0e496d,"Tamiyo, Inquisitive Student // Tamiyo, Seasoned Scholar",SLP,49,1ed9e351-0000-4b75-8ecb-d15bd88df68a,1,GU,Legendary Creature — Moonfolk Wizard // Legendary Planeswalker — Tamiyo
cdfafa38-e7db-4a42-99b8-fc65ab41c572,Darksteel Citadel,SLD,608,8dc067bf-f78f-4ac4-b6e7-b305c42cf0bc,0,,Artifact Land
ce2414c5-5956-4934-bed7-7c32ca3a9595,Rock Hydra,SUM,173,aff84707-f5f8-4f53-869e-feec78da8d8d,2,R,Creature — Hydra
ce2d603a-3231-4a8c-bf39-1617586ea870,Grizzly Bears,LEA,199,14c8f55d-d177-4c25-a931-ebeb9e6062a0,2,G,Creature — Bear
ce330b20-bc6e-4353-93af-4c5bf8fc12be,"Vorinclex, Monstrous Raider",PKHM,199p,5a3fdf5a-bff8-4896-b288-3f43f9a72d9b,6,G,Legendary Creature — Phyrexian Praetor
ce3e5829-6f95-48ef-ad1a-47a1beaf7705,Lifelace,SUM,208,eec1de80-4b3d-481d-a235-c299e0381830,1,G,Instant
ce4c6535-afea-4704-b35c-badeb04c4f4c,Exploration,2XM,167,0c2841bb-038c-4fbf-8360-bc0a1522b58d,1,G,Enchantment
ce4db796-ee4a-46de-8b9a-89378dd30d73,Mesa Pegasus,SUM,28,8161f5b8-6aab-4133-ba2c-2e7b5774153e,2,W,Creature — Pegasus
ce65226a-12cd-416a-bb60-12e9b35f609b,Nazgûl,LTR,332,48a62778-7c11-486f-a0e1-020c283a7ef9,3,B,Creature — Wraith Knight
ce7f821d-a4e1-4d7f-8411-eaff170cb794,Energy Flux,SUM,57,7a756cd1-29a8-4edf-bb74-fbb5b4020022,3,U,Enchantment
ce83a3cb-467d-44f6-a051-4855c8cf52a6,Argivian Archaeologist,ATQ,1,4b889ec0-6130-4e31-bb02-03fdabd28bee,3,W,Creature — Human Artificer
ce860ed4-a5bd-4347-9eab-dd716ea84db1,Bloodthirsty Conqueror,FDN,58,fd505c02-c59e-476d-8e88-35da862ddc23,5,B,Creature — Vampire Knight
ce9c9221-582e-496d-845c-164f2502ffeb,Savannah,FBB,285,703243f0-8cb3-420f-958f-5fd4bde30293,0,GW,Land — Forest Plains
cea9aa06-d0ad-4dae-a36f-f84278a45c3a,Command Tower,SLD,1496,0895c9b7-ae7d-4bb3-af17-3b75deb50a25,0,,Land
cebd6adc-cfb1-4cbb-abf5-9f2913c81898,Breeding Pool,RVR,293,20283c4a-f1f0-42f0-bc08-6da87474426b,0,GU,Land — Forest Island
cecb34f8-6961-4c27-9368-26d156714d7b,Natural Order,POR,175,8c1fe337-375a-4add-93b6-0ac39ed72b4f,4,G,Sorcery
cecdb092-7af2-4c53-be47-f6573fcb2f7d,Ouroboroid,PEOE,201p,50d6fd91-23d3-4d32-804f-6233e4386904,4,G,Creature — Plant Wurm
ced18935-4ce9-466e-a88d-2b14ff8f989f,Ancient Silver Dragon,CLB,56,939556c8-e363-4453-a624-ca52b151467e,8,U,Creature — Elder Dragon
ced83afa-9718-4b8a-961b-394f8595c480,Kudzu,LEB,205,51ca5965-ae39-4e51-8948-9a230a03f906,3,G,Enchantment — Aura
cef789e8-e4cc-4f61-bc15-debc2487777f,Parallax Wave,NEM,17,0accfb04-bc8b-4cab-997a-2337ac42db8f,4,W,Enchantment
cef7e936-bd27-4955-a5ea-c1e88a9ab646,Snow-Covered Island,SLD,1474,5b2460a5-6ae5-4cad-ba94-1a9e98e6e4c0,0,U,Basic Snow Land — Island
cefbe595-93a9-4a5d-b5a5-4f517cec7bdd,Plains,SLD,1399,bc71ebf6-2056-41f7-be35-b2e5c34afa99,0,W,Basic Land — Plains
cf14de50-d123-400c-862e-2c95fd2aa23f,Oath of Druids,EXO,115,cf0dcb27-f02e-4065-81dc-75fbbb09ea3f,2,G,Enchantment
cf268311-7fc8-42a1-8c41-bd71d8a26483,"Otawara, Soaring City",PNEO,271p,e9b6a394-691c-425a-9307-76d8edc7375e,0,U,Legendary Land
cf56e862-3169-4f63-acd0-731080fa32f2,Serendib Efreet,ARN,20,dd520d83-297a-487f-b8f3-4997bbc056e0,3,U,Creature — Efreet
cf5f3c61-1e54-4eea-bf82-311cfa988e6a,Cursed Land,LEA,97,0d61239f-28e4-4adb-8f6e-b56e9c8699af,4,B,Enchantment — Aura
cf8443b5-817d-4bd5-81cc-956ad7933dc1,Gimli of the Glittering Caves,LTC,115,f6747295-d21d-40d7-bc70-baa4a37ae668,3,R,Legendary Creature — Dwarf Warrior
cf9cd36b-336a-48f9-829e-b70207601b6b,Witch-king of Angmar,LTR,565,2eb1b429-8d11-42f3-8815-5a60b6a4e2d5,5,B,Legendary Creature — Wraith Noble
cfa99cbd-cce8-4c6e-87c1-c2ccfef87d08,Jandor's Saddlebags,SUM,257,3aa0e73f-ac88-47a5-9cc5-0c941a939eae,2,,Artifact
cfb49910-30fe-483e-b3b8-6268417f013c,"Chimil, the Inner Sun",LCC,106,119d9671-61ba-4629-89b1-f94bdec5cb74,6,,Legendary Artifact
cfba606d-bb55-43ba-aa0c-299649958788,Fog,LEA,193,27e9db49-7af7-4bef-ad4c-bf5dfb92030d,1,G,Instant
cfdf9706-acdb-48fc-89db-93bc50b3b9ad,Mana Vault,UMA,229,736892cb-a34b-4bb9-b56c-e26e3db207a2,1,,Artifact
d052d99b-b1ca-44da-8460-c022d041d665,Polluted Delta,ZNE,2,ef86989d-ce80-4e55-aece-7d11710eeffa,0,,Land
d05a2b18-f562-4aa5-8979-4c6942ce7edf,Vendilion Clique,PSPL,8,244d4807-0802-41bc-9460-55ac38a28a72,3,U,Legendary Creature — Faerie Wizard
d05b92bd-797e-413f-a8b0-32e0937a1ee0,Savannah Lions,LEA,38,60ba93eb-39e6-4af2-9c66-cd38f72daff2,1,W,Creature — Cat
d0a7cb23-d229-43c5-addd-dcf423984b0c,Pirate Ship,LEA,70,c6b3f924-806d-47d3-b044-72b48470196c,5,U,Creature — Human Pirate
d0ba7b76-f3d0-47d0-8a35-0c08e67200fb,Righteousness,LEA,36,3f6b2f76-0364-415e-a6a2-e9e5bf31b745,1,W,Instant
d0bd76c8-4cff-4c15-9686-7a299b589814,Frozen Shade,LEA,109,f75f9006-217d-4ec8-9c35-ceefe1c5ae4e,3,B,Creature — Shade
d0c08da9-edcc-4fca-9b7a-e3da49ba1839,Cavern of Souls,PLST,AVR-226,89ca686a-7c72-4d8f-9290-e89635624a83,0,,Land
d0c5cf64-9844-4b5b-8e6b-b97c50cce053,Island,LEB,292,b2c6aa39-2d2a-459c-a555-fb48ba993373,0,U,Basic Land — Island
d0d33d52-3d28-4635-b985-51e126289259,"Atraxa, Praetors' Voice",2XM,190,7e6b9b59-cd68-4e3c-827b-38833c92d6eb,4,BGUW,Legendary Creature — Phyrexian Angel Horror
d0e276fb-3af7-444e-b132-1fe9f2e1fd2a,Concordant Crossroads,2X2,367,ff01b408-6d17-40a3-9efd-a1b341ec1307,1,G,World Enchantment
d0e65d75-7fe1-4804-8cfa-d7a42bacacae,Akroma's Will,CMR,615,fd949f82-fc10-4e37-8aa9-6c7569fe3c55,4,W,Instant
d10f8a05-78b0-42a7-adcd-83f6bafe5417,Old Man of the Sea,ARN,18,cce84cf1-5574-43b0-9d75-72e6451403a7,3,U,Creature — Djinn
d1309a80-a761-4b80-8cf1-1a8b83190511,Swamp,LEB,294,56719f6a-1a6c-4c0a-8d21-18f7d7350b68,0,B,Basic Land — Swamp
d16af289-c74d-4b1f-a6cf-8aed30fa961c,Overlord of the Balemurk,PDSK,113p,652e87af-7cf0-407f-9fb7-1a630fb8dd47,5,B,Enchantment Creature — Avatar Horror
d18e952b-ab4d-4f90-bf5e-4db490e4e203,Vesuvan Doppelganger,LEB,88,aeaccab9-3e2c-4a40-a483-52c4972b2014,5,U,Creature — Shapeshifter
d1a48818-7783-4698-976e-23f0c9bc9577,Cursed Land,SUM,98,0d61239f-28e4-4adb-8f6e-b56e9c8699af,4,B,Enchantment — Aura
d1cbcd04-aabf-420e-9bc8-4270f78e25d7,Exploration,DMR,339,0c2841bb-038c-4fbf-8360-bc0a1522b58d,1,G,Enchantment
d234f3d7-2f15-4fbf-92db-16c3433d644b,Black Vise,LEB,234,de7839fb-7040-48ab-a6d4-d1952972943d,1,,Artifact
d2379f78-c03f-447f-b3c9-10a918d556e9,Consecrate Land,LEA,14,4627691c-4ed4-4add-9cc3-2e019be2f9fd,1,W,Enchantment — Aura
d27608e7-6539-4813-95b6-d8847cdc6a12,Icy Manipulator,LEB,249,3608f1f7-8dc5-4dd1-ae91-c830e1de9529,4,,Artifact
d27cf7b7-7982-46bd-a559-7789c0e74bae,"Kozilek, Butcher of Truth",2X2,2,7b8528b0-71eb-4c9e-bed9-aa2d2e84038f,10,,Legendary Creature — Eldrazi
d2d5124b-4d73-4aa9-9331-88e03779ffad,Eye of Ugin,MM2,242,10d13ff6-c4d0-4753-8939-a8a90f0e92bb,0,,Legendary Land
d2df84f2-08e8-43e4-825f-dccfe096d92b,Capture of Jingzhou,PTK,38,89aa65d9-2502-40b0-90b6-b25a8e9f6155,5,U,Sorcery
d2e9decf-47b7-44e0-b380-8055b6011021,Pyramids,ARN,67,da2f0d16-3cb4-492d-8535-52a31dbae95e,6,,Artifact
d2f8035b-c776-4213-a5e2-e6c7c3f5961f,"Muxus, Goblin Grandee",SLD,1314,07c82cde-f00d-4454-9df4-9286e344c9bb,6,R,Legendary Creature — Goblin Noble
d3016d92-a5ee-44d7-aa0a-775fa04a7c6a,Flooded Strand,MH3,436,f3c7af78-a77d-4134-82a2-a5ce84285a84,0,,Land
d30dd823-9a04-4e3d-89c6-0fc5afc9efa4,"Celes, Rune Knight",FIC,201,aea8345a-191d-4c62-8d15-a716a9934b66,4,BRW,Legendary Creature — Human Wizard Knight
d3677117-9b65-4a63-ad84-a633c1ab81fe,Stomping Ground,RVR,299,16052b52-ade1-406f-a06b-ce7ea607fb63,0,GR,Land — Mountain Forest
d3740beb-7fa5-4b83-be7d-039750b126c5,Mountain,SLD,1402,a3fb7228-e76b-4e96-a40e-20b5fed75685,0,R,Basic Land — Mountain
d3d269bc-3295-430a-9370-7d5a41b8fbf9,Weakness,SUM,136,f07a24c0-bf3c-4733-9473-c6be3b16950e,1,B,Enchantment — Aura
d3ddbe51-cd1a-4b2c-849a-7c82d622122a,Mijae Djinn,ARN,42,61bebdfa-5df0-4952-abf9-dc5e0e4f57ea,3,R,Creature — Djinn
d427790c-e322-446e-8d7d-a6b48ad41a42,Sleight of Mind,LEA,78,99dba614-40d3-41c1-a3b2-edc8777b010f,1,U,Instant
d42a6350-b16b-4e10-a273-e6cbb55dcb7a,Pestilence,LEA,120,dafe63ef-f3d6-45e7-877a-573da92ba85e,4,B,Enchantment
d4397224-5e64-4615-8c53-e6672655f2ad,Consecrated Sphinx,2X2,345,311a449d-dc74-46e6-9a47-6a597931f736,6,U,Creature — Sphinx
d456810a-452c-4cc6-9d73-35fe64787259,Black Market Connections,PLST,LCC-181,d2664f28-49e1-46f8-a863-b217e961a57c,3,B,Enchantment
d4595c19-3a8e-488b-b3cc-e7cf42aa3370,Land Tax,4BB,34,d2d9ecea-7925-420e-98b9-2f87f41f387c,1,W,Enchantment
d4bf05c4-a924-4006-835e-42f8468ba869,"Wan Shi Tong, Librarian",TLA,320,2bace3ea-7d28-4a1c-857a-d3c3a1c11b59,2,U,Legendary Creature — Bird Spirit
d4f1cc9e-4f99-4c26-ac1b-8ef069fa8ceb,Llanowar Elves,LEA,210,68954295-54e3-4303-a6bc-fc4547a4e3a3,1,G,Creature — Elf Druid
d4f6027a-003a-4f9d-929a-0b6da1fa42c9,Bloodletter of Aclazotz,LCI,92,469956a2-7cd4-4695-b8f4-c841526f160d,4,B,Creature — Vampire Demon
d50d803f-6dad-4e4a-8f16-7be31a206170,Witch-king of Angmar,LTR,736,2eb1b429-8d11-42f3-8815-5a60b6a4e2d5,5,B,Legendary Creature — Wraith Noble
d515da5d-90b5-435b-8e86-c95c8f30a9eb,Pestilence,SUM,122,dafe63ef-f3d6-45e7-877a-573da92ba85e,4,B,Enchantment
d53b20b0-67bc-4587-817b-efbf21cb2512,Land Tax,LEG,26,d2d9ecea-7925-420e-98b9-2f87f41f387c,1,W,Enchantment
d55b6a43-8961-4bbb-bd4a-c6c7d29f7234,Simulacrum Synthesizer,PBIG,6p,eb7a1f21-a66d-415b-8520-710b44890bb6,3,U,Artifact
d56421a8-34ae-4033-943f-c59a7bf2b6f9,Ironclaw Orcs,LEA,159,c645a616-0d7d-416c-b5f3-057b3a1666a0,2,R,Creature — Orc
d5726f8d-4467-4ab9-8931-432c0cefcbf4,Island Sanctuary,2ED,26,7d1769d0-d942-45b3-a31c-2bbe45e68661,2,W,Enchantment
d573ef03-4730-45aa-93dd-e45ac1dbaf4a,Lightning Bolt,LEA,161,4457ed35-7c10-48c8-9776-456485fdf070,1,R,Instant
d5806e68-1054-458e-866d-1f2470f682b2,The One Ring,LTR,246,3aa83ed2-f48b-4ce6-a614-2c54ddf50538,4,,Legendary Artifact
d582861a-ca6e-4b74-adf0-3eb588ea5ed2,Warrior's Oath,PTK,124,574044cf-2e2f-4b5c-b4d1-cf05ba814ab2,2,R,Sorcery
d5aa920e-b93f-41c2-b505-a9350353be8b,Telekinesis,LEG,79,1b9dd2b6-d14d-4c1e-9885-00ab2c0bf8da,2,U,Instant
d5b5d2a7-8185-4df0-a35a-f89c12857f87,Sylvan Library,EMA,187,92eed395-62ca-4293-882b-8565c40daab5,2,G,Enchantment
d5c782cc-c951-4c6f-a93f-774ae6c1c214,Shallow Grave,MIR,141,9843d8a6-bcbf-40c2-8c41-316e97db9c62,2,B,Instant
d5c83259-9b90-47c2-b48e-c7d78519e792,Animate Wall,LEA,1,c7a6a165-b709-46e0-ae42-6f69a17c0621,1,W,Enchantment — Aura
d5d9ddf6-9283-4c93-9932-70362068ce72,Chromatic Orrery,M21,382,95c3976c-33f3-490b-bfd3-7f1af2fe0416,7,,Legendary Artifact
d66e43f0-1558-409f-8248-cc1d76c6bd8e,Bayou,2ED,279,b76d1ae6-ad1d-4bac-b4c3-2e03e0e84d9b,0,BG,Land — Swamp Forest
d67be074-cdd4-41d9-ac89-0a0456c4e4b2,"Sheoldred, the Apocalypse",DMU,107,34f34409-326d-4994-a0ea-1a69aa278f03,4,B,Legendary Creature — Phyrexian Praetor
d6914dba-0d27-4055-ac34-b3ebf5802221,Rhystic Study,JMP,169,53236dd7-845a-444c-96d5-f41ed7325d8f,3,U,Enchantment
d6914ed2-9207-4689-9166-11d2f8949fdd,Lady Caleria,LEG,239,74284bbc-b011-4e16-b8d5-7ddacc77f9d7,7,GW,Legendary Creature — Elf Archer
d6a1907c-59c4-4c72-b0f0-9e2402c05719,Counterspell,SLD,7117,cc187110-1148-4090-bbb8-e205694a39f5,2,U,Instant
d6d5e36f-0049-4be8-bf85-8dc0186339a4,Spinal Villain,LEG,164,990c0359-c2d6-4a3c-aa0b-1904da805e15,3,R,Creature — Beast
d7183700-6941-4a3d-a581-4f33bea795e9,Jeweled Lotus,CMM,396,23216e59-f147-4bb7-a698-12777c2f8584,0,,Artifact
d745f592-8d4d-46f4-b631-c014da1ab3a9,"Gandalf, Friend of the Shire",SLD,1294,7f7c917b-f940-4f43-bafa-31f50a6d9d6f,4,U,Legendary Creature — Avatar Wizard
d79f7ecc-c43b-48de-9d90-1085cf2bce5d,Realmwalker,SLD,1724,b81eaa2f-0554-41c6-bdf6-d1cb73b8f56f,3,G,Creature — Shapeshifter
d7a92aa8-53b4-48df-b731-1cbd51a3a4a1,Burgeoning,PLST,STH-102,88cf4c1a-5863-45fc-b76d-7ad33b175b2b,1,G,Enchantment
d7b0a0d5-a9fe-49ea-9250-8825b36accc0,Opposition Agent,MAR,19,1f438b8f-fe23-4f3b-ab2e-f6c33676c462,3,B,Creature — Human Rogue
d7b51ccf-fcae-49ff-b4f3-cef496aa639d,Raise Dead,SUM,124,cbc9c731-181a-4f00-a7b0-eb7e56eac2ea,1,B,Sorcery
d7ca8c1d-866f-4ffb-adcb-924aba8f59a9,Living Artifact,SUM,209,4ff9af56-ac18-4966-9e48-183e1ca1c2d0,1,G,Enchantment — Aura
d8337172-e15d-4e09-b3de-dc7b5bf006a7,Vampiric Tutor,PLST,EMA-112,ededbdae-d9dc-4206-9335-d7158f2d7700,1,B,Instant
d8d652af-4d68-436d-89c6-346f5c7ff9ae,Clone,SUM,51,42226b87-0746-4ebf-9fd0-108d508462af,4,U,Creature — Shapeshifter
d8d888b7-26e2-465d-b5ee-bb2f2af5c621,Veteran Bodyguard,LEB,42,d29078c0-1fb8-437a-81d1-bb319f646941,5,W,Creature — Human
d9482aab-6ddf-48e1-84fa-b13d5ff81e69,Icetill Explorer,EOE,192,109cdefd-e8cc-4ac7-b6ba-2cfdef8d780f,4,G,Creature — Insect Scout
d96b0f9e-fa3b-4a40-acea-b6ecc584a79f,Three Tree City,BLB,337,da3b17a2-e1e1-44e9-b9b1-ae54a92037db,0,,Legendary Land
d9785c6c-9f02-45bc-89e5-ea5dd0e768df,Resurrection,SUM,34,837417d8-8260-486d-a3ed-3b5711eaf34a,4,W,Sorcery
d980e9c0-db88-41f9-8dbf-89f0e1ac6c20,Chaoslace,LEB,140,08842aa3-f923-46e9-a106-f542331e9cc1,1,R,Instant
d992b336-3b6e-43e1-8662-d85664349b44,Siren's Call,LEA,77,269fc857-a052-4f0a-9759-467ccf42bebb,1,U,Instant
d9b2accc-11e8-4bfd-97fc-d2f6bcd94c26,Zombie Master,2ED,138,5446c92f-ff22-4e9b-a2f6-e64c8560c1e0,3,B,Creature — Zombie
da237992-2919-4e37-8f56-2164095f59b5,Fire Elemental,LEA,148,3912d21e-1ebc-4a81-9dc9-f404248d564a,5,R,Creature — Elemental
da248001-ed75-4b68-9532-37d3cd5afc4c,Gauntlet of Might,LEA,244,d38ad188-515e-4865-a0ed-5d0fd4c7b453,4,R,Artifact
da26289f-e0e6-4aae-8782-ebdbabf39819,Bog Wraith,LEB,96,508248d1-09a4-4e41-a4c9-286618e5061e,4,B,Creature — Wraith
da3b705c-a5c9-4e65-9a5e-31b7dc734623,Chrome Mox,SPG,92,ec3d4466-547c-4e02-b1b5-a156ec4637e9,0,,Artifact
da3f051c-6be3-4f92-8f66-9f72d75dbcf5,Verduran Enchantress,LEB,223,cd98a31b-cc7e-43f9-982e-109ad9850908,3,G,Creature — Human Druid
da507391-4dbd-4fff-8c81-db64bfa4162f,Shadowspear,SLD,1505,8b27326f-e7b8-4a4d-b589-df459246d19a,1,,Legendary Artifact — Equipment
da56fdf3-6a8f-4833-a5c3-197650cc4889,Wall of Air,LEA,89,b2d3da40-e2f7-4480-9da9-33019d6f4071,3,U,Creature — Wall
da65d83c-67bd-4d54-9c9a-50d57ca115bb,Smothering Tithe,CMM,693,153376c9-dffd-458c-8ce3-a4c8269bc4e9,4,W,Enchantment
da9a69ed-02d3-40af-9925-31f48f4e9b48,Mind Twist,4BB,147,78f9c223-9982-4282-a496-a6f892f0a5bf,1,B,Sorcery
daac2a6b-27c8-4567-9e0c-7b262628d331,North Star,LEG,288,9109437a-da80-463f-a92a-77d693d05d91,4,,Artifact
dac080ef-8f40-43a2-8440-b457b6074b69,"Atraxa, Praetors' Voice",2XM,353,7e6b9b59-cd68-4e3c-827b-38833c92d6eb,4,BGUW,Legendary Creature — Phyrexian Angel Horror
dad57c08-c221-4a9d-966a-313a11ba9276,Lord of Atlantis,FBB,64,cc7f290f-ca00-4285-9bdb-4b4402444f30,2,U,Creature — Merfolk
dae8751c-4c72-4034-a192-a1e166f20246,Birds of Paradise // Birds of Paradise,SLD,1675,,,G,
daeab88f-2bfc-4f40-8eed-ee44a9e90bd7,Piracy,P02,42,131acf69-fa5c-4ce7-9e39-2677af4f8907,2,U,Sorcery
db149aaa-3da9-48c4-92cc-b3d804285290,"Avacyn, Angel of Hope",2XM,335,216cb26e-8da9-478b-bfbc-8030f7adee72,8,W,Legendary Creature — Angel
db2ef311-cda3-4f70-821d-e9fb03c85dc9,Ornithopter,SUM,270,a3a98bc9-caa0-49b7-951c-fe4e4f54e4ba,0,,Artifact Creature — Thopter
db52bad2-a3ec-4f6f-9418-12e8c40703f6,Aladdin,ARN,34,9a410f83-ed92-4b55-834a-c7cec8f5d1e2,4,R,Creature — Human Rogue
db68c546-aca8-45d0-bf45-15b951ce66e5,Vampiric Tutor,SOA,35,ededbdae-d9dc-4206-9335-d7158f2d7700,1,B,Instant
db6d1e62-cee9-4b6d-a6fa-9d35b48856ac,"Ishkanah, Grafwidow",LTC,516,6f4861f4-1b3b-4dbc-b55b-196075d0a693,5,BG,Legendary Creature — Spider
db80391f-1643-4b72-a397-d141bb5702ee,The One Ring,LTR,380,3aa83ed2-f48b-4ce6-a614-2c54ddf50538,4,,Legendary Artifact
dbb21f21-668a-4d57-8d05-8db11fb82d99,Nevinyrral's Disk,LEB,267,96230edf-568a-47dd-b877-9d92aa58fac8,4,,Artifact
dbcdbf15-7578-465e-afa2-f65c01fb4802,"Otawara, Soaring City",NEO,503,e9b6a394-691c-425a-9307-76d8edc7375e,0,U,Legendary Land
dc20c19b-7216-4f23-a3bb-70d4dcd3865e,Demonic Hordes,LEB,104,2847c8a0-f6aa-4e4a-a7b8-fc116436a264,6,B,Creature — Demon
dc24fcdd-0f46-45cb-b76b-7d8445a6a5d3,Braingeyser,FBB,50,9908e597-9470-4c13-8387-39431b380138,2,U,Sorcery
dc5d2082-7a51-4761-b81c-830defd5269f,Primal Clay,SUM,271,dccf2ca8-8c87-41c9-8373-351859396d05,4,,Artifact Creature — Shapeshifter
dc6f98e8-49ca-4a12-9376-54365f49c857,Mithril Coat,LTR,696,3dc364f3-3094-4660-80ca-9418588c7fde,3,,Legendary Artifact — Equipment
dcd6a291-5282-4f49-8203-d9b416083c48,Juggernaut,LEA,255,4ac9116f-36bc-4d71-b696-d6ee064e1d58,4,,Artifact Creature — Juggernaut
dce4819c-7f2f-4bed-b02d-d2b7a6c2ad9a,The Meathook Massacre,DBL,112,127de52b-df75-4342-95a0-20d84c5bf916,2,B,Legendary Enchantment
dd27f0fe-c032-4f61-9f3d-98a6d2e2c426,Planar Gate,LEG,290,632f1034-d2ad-432a-a79a-4bd1307be24a,6,,Artifact
dd295cd3-36e5-411d-aaf0-3b64d15fcc9a,Concordant Crossroads,BCHR,60,ff01b408-6d17-40a3-9efd-a1b341ec1307,1,G,World Enchantment
dd4b4019-b73d-4be3-991e-2deb811ee675,"Vorinclex, Monstrous Raider",KHM,333,5a3fdf5a-bff8-4896-b288-3f43f9a72d9b,6,G,Legendary Creature — Phyrexian Praetor
dd57c7f3-4ca5-45e7-9be2-c5c1c3d6ad31,Goblin Lackey,SLD,20,213fbbdd-f1bc-4bba-9124-7b26e9a706c8,1,R,Creature — Goblin
dd58870d-8625-4d35-a51b-e191970cadf3,Voracious Hydra,SLD,1491,ff8f5a4b-112a-425e-b489-7ee26d1d9fb3,2,G,Creature — Hydra
dd60b291-0a88-4e8e-bef8-76cdfd6c8183,Force of Will,2XM,51,956381ba-6d37-4a8a-846c-bad79222dbee,5,U,Instant
dd6dd9dc-ef2a-4806-a3e4-0597288a8162,"Sauron, the Dark Lord",HOC,36,9f8f29ba-7e64-455d-be05-ec7973f2bd0a,6,BRU,Legendary Creature — Avatar Horror
dda82840-1f3f-4be7-9bc7-66ff551ef5c0,"Boseiju, Who Endures",PNEO,266p,bf1341dd-41a3-49f6-87ec-63170dde4324,0,G,Legendary Land
ddb92ef6-0ef8-4b1d-8a45-3064fea23926,"Avacyn, Angel of Hope",IMA,11,216cb26e-8da9-478b-bfbc-8030f7adee72,8,W,Legendary Creature — Angel
dddf66f9-a98a-4edf-831d-68b68065d75d,Serra Ascendant,SLD,1125,27ad3e00-6ffb-48f7-8469-8868d066d1e2,1,W,Creature — Human Monk
dde40c1f-5ccc-435b-ac35-62eb58ffeea2,Copy Artifact,2ED,54,80bc56a9-40e0-48da-ae86-190e39c8a4a3,2,U,Enchantment
dde55f0d-5997-4b60-9acd-b041f5b15a3d,Zombie Master,SUM,138,5446c92f-ff22-4e9b-a2f6-e64c8560c1e0,3,B,Creature — Zombie
de1c7202-ca36-46a3-ae04-c7da41ecc67d,"Rin and Seri, Inseparable",SLD,1230,28c46eb7-bdfc-44b9-b7e9-b073260851f0,4,GRW,Legendary Creature — Dog Cat
de2de055-5246-408b-80fe-cd01688c145e,Orcish Bowmasters,LTR,433,ea5103f5-27e0-4eb1-902c-7f34652d6bf3,2,B,Creature — Orc Archer
de38f96c-5d17-4cf2-9951-f0866eadd011,Plateau,2ED,280,c7a15ca4-085f-4d92-8387-c3711c04c8fa,0,RW,Land — Mountain Plains
de7b3112-0f28-47a1-9048-8ff9aa67bbad,Green Ward,SUM,20,727ab7f2-741e-4442-b5cb-e3032549fa87,1,W,Enchantment — Aura
deb95b6f-db1d-40bd-8eff-62b6362ab744,Phyrexian Tower,PLST,USG-322,1861e642-21d5-4232-89f3-b5557f2946c1,0,B,Legendary Land
dec5fc59-73d8-4735-88f1-3dbd1f15a546,Agatha's Soul Cauldron,WOE,366,c259e16f-2a44-4552-8678-815f757a02e8,2,,Legendary Artifact
df2c5d5c-f1c9-4639-bf72-3f6bde554864,Armageddon,2ED,2,c9ed8b01-959a-47d6-891e-0abbdccf6e4f,4,W,Sorcery
df323b67-e5f9-4958-90de-1af722c482dd,Food Chain,SLD,1369,5c8e5092-962e-49ef-ab82-8434e475e4e7,3,G,Enchantment
dfaaa58d-89bb-4cb3-96a6-b480e6f6954e,Scroll Rack,CMR,337,648bd03d-247e-4d6f-87a9-12a67688cbf5,2,,Artifact
dfb6176a-3938-4c59-b485-8751969358ad,Sword of Feast and Famine,ACR,99,d0901053-6de0-46d0-9ee3-8d40510236c1,3,,Artifact — Equipment
dfb7c4b9-f2f4-4d4e-baf2-86551c8150fe,Cyclonic Rift,RVR,40,d75b9c82-1b49-4c3e-a1b5-aeef57d6644b,2,U,Instant
dfd176e9-55e7-454c-bd35-24a6e3fb0d81,Ancient Tomb,LTC,357,23467047-6dba-4498-b783-1ebc4f74b8c2,0,,Land
dfddc025-4396-4d88-8d72-6c06ea7125f1,Sword of Fire and Ice,MMA,216,2ccdc60a-49a9-44b9-a7af-0ebf18b26785,3,,Artifact — Equipment
e0139f60-d48e-46fb-9f5a-1e3d7558c834,Time Walk,LEA,83,d0209d3f-3f7e-4fd5-bce5-10bce6f29c86,2,U,Sorcery
e07f656c-97b5-4147-821a-edbb49f34e19,Sol Ring,2ED,270,6ad8011d-3471-4369-9d68-b264cc027487,1,,Artifact
e09a42a2-0726-4263-ac17-fbb6ea50714f,"Veyran, Voice of Duality",SLD,1915,d57a6b19-bd06-4b07-8ee1-0b45612ba9e4,3,RU,Legendary Creature — Efreet Wizard
e09a6b9b-eb0e-475d-8558-08e347412790,Disharmony,LEG,142,fc4f1aa1-e252-4454-9ad9-d41682dff13b,3,R,Instant
e0a5630d-325f-4f7a-9885-b249c6480023,Nazgûl,LTR,337,48a62778-7c11-486f-a0e1-020c283a7ef9,3,B,Creature — Wraith Knight
e0aaee13-bfeb-47fd-93cb-2ccdd5d44e75,The Ozolith,SLD,1741,1946ded1-5f53-409f-b0a6-5433bb0357d2,1,,Legendary Artifact
e0c64c01-c2aa-470b-88c6-3d3e4a969649,Red Ward,LEA,33,73f84440-425f-4cf5-b01a-3ae89f1f6e37,1,W,Enchantment — Aura
e0c6bba3-0830-4287-9de6-2b36684378f1,Craw Wurm,SUM,190,6a462a69-3e42-41de-a3aa-a488d9f38d69,6,G,Creature — Wurm
e0d88029-2569-461b-a57d-1af10673f4cf,Chrome Mox,SLC,2003,ec3d4466-547c-4e02-b1b5-a156ec4637e9,0,,Artifact
e0f6a92f-edd8-4cb6-be91-f3ec229b20a6,Strip Mine,ATQ,82d,d21a89eb-7c5b-459a-acc7-12b20b13bf79,0,,Land
e12847f4-4ace-4116-bc96-f3e5336eb35f,Hypnotic Specter,2ED,113,759af941-f6a3-4726-91f2-9b1e4e55ea71,3,B,Creature — Specter
e12d32a7-60b4-4e49-b279-970b170c1a9c,Ancient Copper Dragon,CLB,396,48daee9d-ddaf-410f-8c3a-12fa1064ab56,6,R,Creature — Elder Dragon
e16fc59a-17da-462a-86ea-31f8a9ac18a1,Deathlace,LEB,102,fb80aaba-352a-4b58-8db2-1e02d542819c,1,B,Instant
e173c8ce-2352-405e-ad00-e3bb94ced1ad,Berserk,LEA,185,8b67d192-9a05-4a47-82ae-5fc4b7834d88,1,G,Instant
e1dd057e-1f38-4a5f-819c-f3af9134fecf,Stomping Ground,UNF,280,16052b52-ade1-406f-a06b-ce7ea607fb63,0,GR,Land — Mountain Forest
e2067284-c6af-41d7-a4ac-d66a86d9346c,Granite Gargoyle,SUM,156,ef5248d4-4cd1-447c-bdcc-78a09a67d923,3,R,Creature — Gargoyle
e209610d-bd1f-4f81-9a88-a6d8a43fe1c7,Arcane Signet,HOC,95,0bc7f093-bef0-4f1a-852c-4b75ebf54838,2,,Artifact
e20cce7f-8f97-4f9f-b440-e45d6a1095eb,Tunnel,SUM,181,80559618-9dd9-4987-b3bc-1a1b5537bbc5,1,R,Instant
e20da6b5-1057-4a28-9e85-07de714e262f,"Wan Shi Tong, Librarian",TLA,78,2bace3ea-7d28-4a1c-857a-d3c3a1c11b59,2,U,Legendary Creature — Bird Spirit
e2294ef4-3b8e-44be-991a-c68287b1cd14,Deflecting Swat,SLD,1552,ae120613-97d6-4393-b39d-c3e6c076f5d6,3,R,Instant
e237d921-6d84-402e-b5e3-6bbdb3028f57,Urza's Power Plant,ATQ,84b,e11966cd-2ee3-4df4-b099-abf42dcdf0db,0,,Land — Urza's Power-Plant
e24d0c78-4df5-4cc9-8b9e-65b969c5babd,Island,SUM,297,b2c6aa39-2d2a-459c-a555-fb48ba993373,0,U,Basic Land — Island
e24fe07d-1328-4165-b7a0-622b60cec481,Copy Artifact,LEB,54,80bc56a9-40e0-48da-ae86-190e39c8a4a3,2,U,Enchantment
e26c608e-773c-476a-a282-41a362a3659f,Disrupting Scepter,SUM,245,cd30a128-4b23-476e-8066-2272fdc395d9,3,,Artifact
e28be8b0-b4ae-4f05-8481-a666496c595f,Counterspell,SLD,7120,cc187110-1148-4090-bbb8-e205694a39f5,2,U,Instant
e28de37e-84d5-4dc7-b36c-e14da5924729,Healing Salve,LEA,22,8da8644c-75a1-4fe9-8e94-900d948d631c,1,W,Instant
e292577e-6232-44fa-a9c2-cc09949c6ed3,Lifeforce,LEA,206,07ae1fe5-5c3e-4d94-b809-8defd2ef44e3,2,G,Enchantment
e2b15221-c8b0-4861-9f8b-8a65834ad499,Gaea's Liege,LEA,196,8d134a60-e1e5-4163-8bdc-36af91567185,6,G,Creature — Avatar
e2baf73f-44e8-4249-83d4-271d78ba657f,Flight,SUM,59,6a4068b0-fb4f-429c-a94e-47849f3eb7ef,1,U,Enchantment — Aura
e2c5c161-49c5-404d-bd8e-86e634222232,Hunting Velociraptor,REX,4,bca33fb6-cd37-4259-8c0b-7a4675754a00,3,R,Creature — Dinosaur
e351ec05-8c4d-4631-9dbf-7f85f664770b,Mana Drain,CMR,637,74d3277a-38e5-4732-afed-084a56148f20,2,U,Instant
e37da81e-be12-45a2-9128-376f1ad7b3e8,Prismatic Vista,MH1,244,032b8a0d-491a-4a12-ab9f-689010054d5b,0,,Land
e3f17ce3-711b-4bd9-addf-dd440fa7d2b7,Nebuchadnezzar,LEG,245,7c48448e-4e13-4cda-999e-e06ae0f7dcea,5,BU,Legendary Creature — Human Wizard
e40d5c20-c599-4aa0-b214-48df40236b12,Archangel,PMEI,2000-4,9971697b-2acc-4bc2-a44e-074d03a51df7,7,W,Creature — Angel
e46d2cf5-e8d0-4fb2-b950-252d52084b63,Phantom Monster,LEA,69,bbd30183-524c-4b93-b953-90853ec3f39f,4,U,Creature — Illusion
e470c00b-57ac-48d4-b1e6-74b74872e620,Jayemdae Tome,2ED,255,39ee576a-0803-4063-9c84-f2b537e4d44c,4,,Artifact — Book
e48b1c51-c0fd-4c08-8631-80f507b04d28,Jayemdae Tome,LEB,255,39ee576a-0803-4063-9c84-f2b537e4d44c,4,,Artifact — Book
e48bc89e-6da5-43da-b4e0-60d5f850199c,Power Artifact,ATQ,11,9a8c8d52-1701-4ae0-9d2d-cce4e476673b,2,U,Enchantment — Aura
e4bb5f59-2a63-421b-94a1-4cbef00f0c7e,Jetmir's Garden,SNC,291,f5896356-5744-4f7e-a4e5-1cc36dde5958,0,GRW,Land — Mountain Forest Plains
e4d51c18-4b7d-4948-96bc-12c8ab3d0bd0,Wasteland,PIP,361,09a70ae8-3859-4a09-901d-dce063fa3b5f,0,,Land
e4dc1103-7bf1-47f6-9006-d3ed9ccd7a6a,Prodigal Sorcerer,LEA,73,5e961d15-5972-4e4b-9385-1cd7cd7c6bbe,3,U,Creature — Human Wizard Sorcerer
e5142b7a-e580-4737-a4aa-2590f6610ceb,Sensei's Divining Top,2X2,314,13575cf9-65c1-4861-b21e-eb2155e07766,1,,Artifact
e51e5d02-d3d0-45e5-a589-1fe25ff5082b,"Atraxa, Grand Unifier",ONE,316,abbcb153-0763-44c6-964f-b4ff0eb64257,7,BGUW,Legendary Creature — Phyrexian Angel
e54e310c-060c-40a9-a0e3-d35de672ef13,"Sisay, Weatherlight Captain",SLD,1444,fb777610-7562-4d9d-8497-62c562e6d7cb,3,BGRUW,Legendary Creature — Human Soldier
e562a30c-038e-44bb-ae07-0c3d0e8a1393,"Yuna, Grand Summoner",FIC,208,ba72d4a9-6f36-4796-bd71-2342fa9b4a30,4,GUW,Legendary Creature — Human Cleric
e572a0e1-a4a9-4811-847f-c06fa6413384,Rod of Ruin,SUM,273,c29a04ab-4e14-45d8-a993-3fffd0e2f6eb,4,,Artifact
e57404bc-44ba-4909-87da-f4a71673168d,Wrath of God,2ED,46,34515b16-c9a4-4f98-8c77-416a7a523407,4,W,Sorcery
e5955a9d-8a0e-4e57-9433-ed3392b2f308,Earthbind,LEB,146,e8e35b49-8cfb-4fb5-89aa-8050f15b11bf,1,R,Enchantment — Aura
e59f7138-60e0-444e-aaa3-8769072da916,Chrome Mox,EMA,219,ec3d4466-547c-4e02-b1b5-a156ec4637e9,0,,Artifact
e5a9c089-0aad-4c14-9bfc-c0b39c976777,Lich,LEB,114,5b7515f2-7a5a-4e2a-9784-6cbacd768172,4,B,Enchantment
e5e72a97-4739-41ca-8e79-1978a7baf54d,"Varina, Lich Queen",SLD,1355,9859fbca-60c3-4a57-a377-51b56f03894f,4,BUW,Legendary Creature — Zombie Wizard
e5fdcd21-55a3-4cad-8b73-3d6f85a69ce1,Sword of Wealth and Power,BIG,91,b3a80545-9a8a-46b2-9d8c-b0d66fb68a5d,3,,Artifact — Equipment
e65a0c1e-97f7-440c-be96-0adf5003bc52,Heroic Intervention,SLD,1872,24882fa2-3fe9-4c1b-aa3d-0e6488b9db27,2,G,Instant
e66d79c3-93fa-4232-959f-2bbc62954dfd,Polluted Delta,MH3,438,ef86989d-ce80-4e55-aece-7d11710eeffa,0,,Land
e674aa8a-668a-4345-95ee-73a0b87bbcb1,Firestorm,WTH,101,157813c8-af83-41b5-9ffb-4abd167c1bfc,1,R,Instant
e68ac362-6cdc-48a6-bdd3-4f8ea32add64,Earthquake,LEA,146,9a40614b-50a3-422c-849e-53c8b7d3d204,1,R,Sorcery
e691adef-3027-4e6a-889f-9f4e2df36a7c,Mana Drain,LEG,65,74d3277a-38e5-4732-afed-084a56148f20,2,U,Instant
e697ea72-e10e-4fed-be8f-8c6455cc3fc8,Cavern of Souls,2X2,320,89ca686a-7c72-4d8f-9290-e89635624a83,0,,Land
e6a06aad-6073-465b-89d0-8c4ae4307aff,Rhystic Study,WOT,71,53236dd7-845a-444c-96d5-f41ed7325d8f,3,U,Enchantment
e6b43916-fe2d-417a-a550-d7c795023297,Fork,LEA,152,50c53ae0-51ba-4046-ac74-87c65e688032,2,R,Instant
e6b4d78f-af3e-4210-8886-231a40a6bd98,Jeska's Will,CMR,668,0fd114c4-092b-4e28-b0dc-ef529f3bc73e,3,R,Sorcery
e6ce50ee-2c4d-4137-82f3-e61bbc7ed8ca,Winter Orb,SUM,280,1dcbd583-3388-4b34-a7cd-131648aa6abd,2,,Artifact
e70e4fba-4217-472a-9adb-f7d63424ef2f,Cavern-Hoard Dragon,HOC,23,939e8448-013a-4aef-9a92-7c883a77a1a0,9,R,Creature — Dragon
e71a6bd3-7478-4c3a-8ae0-98352ce28492,Imperial Seal,2X2,79,16cd0b90-f70c-4efa-b252-8de8784ef9a3,1,B,Sorcery
e7501a66-76f8-4f1d-8b4c-2a82b5f930c4,Phyrexian Metamorph,SLD,1110,340bbe8b-e987-4c3e-ab4e-9dee63e57d4f,4,U,Artifact Creature — Phyrexian Shapeshifter
e7847fb1-bb6b-414f-9639-8be5b6f09917,Plains,SUM,294,bc71ebf6-2056-41f7-be35-b2e5c34afa99,0,W,Basic Land — Plains
e7880157-7f27-4f1b-9cdc-ab36a6252376,Strip Mine,ATQ,82a,d21a89eb-7c5b-459a-acc7-12b20b13bf79,0,,Land
e78db688-93a2-47f5-9aa5-9158a72cd973,Darkpact,LEA,99,74f10b9a-a286-49b2-bfa1-a427ff041bd4,3,B,Sorcery
e7a515e9-9db7-40e6-b967-bf3c7d7f8d25,Trinisphere,PEWK,2025b,69d994f2-b8f6-425f-9655-977c2144d40c,3,,Artifact
e7b60714-e208-47f1-8e30-82e705f45601,Orcish Oriflamme,SUM,169,0b16a650-68b0-44dc-a9e1-15b7966e0b18,4,R,Enchantment
e7e778ce-3f1e-4626-8f55-bba03970d91a,Vampiric Tutor,EMA,112,ededbdae-d9dc-4206-9335-d7158f2d7700,1,B,Instant
e82fad14-3d4b-44dc-ab1c-35f535ea958b,Scrubland,FBB,286,c8d95ca8-7d12-4072-aeaf-e20f248c7e39,0,BW,Land — Plains Swamp
e83d49c1-7d84-43f9-8548-5697603fefc0,Bayou,SUM,283,b76d1ae6-ad1d-4bac-b4c3-2e03e0e84d9b,0,BG,Land — Swamp Forest
e85f6f21-15a0-4a36-be95-5a0299cd01a5,Diamond Valley,ARN,73,84cef34a-c3e1-4059-b4cd-c481938a53a5,0,,Land
e869da95-2c47-4796-aadc-50652ebb4d03,Enlightened Tutor,6ED,19,c5229c17-b7be-4b05-b683-f2277edc4849,1,W,Instant
e87dff94-71ed-469e-a10e-3ddfbd4a8bec,"Ojer Taq, Deepest Foundation // Temple of Civilization",LCI,314,486bb9a5-73f1-4cec-b097-fb07ac80b72e,6,W,Legendary Creature — God // Land
e897473b-b687-413c-a951-39bbefb1e451,Careful Study,SLD,2823,32e9aa23-fc0a-4b82-82f9-1659c304428c,1,U,Sorcery
e8c8039f-dad5-4ca9-a2ab-e4189a36fbdd,Snapcaster Mage,PR23,2,2bb2eda7-3b38-4c56-870f-c3218a1056f5,2,U,Creature — Human Wizard
e9245b0e-f99e-46dd-90ad-87489197629e,Palantír of Orthanc,LTR,749,7798a4d9-1c1d-48e6-b9a2-ecd6aec1efa7,3,,Legendary Artifact
e92cce01-b3bd-4307-aae5-9a7c8fa386ab,Thicket Basilisk,LEA,218,c4822813-cd81-465d-9fe8-3a4c2dcd31ef,5,G,Creature — Basilisk
e9a213c8-f9b5-4fcb-969c-b6c574810f21,Urza's Saga,SLC,21,4c6a0c30-b547-4eff-8ff4-0ca25803c076,0,,Enchantment Land — Urza's Saga
e9be371c-c688-44ad-ab71-bd4c9f242d58,Force of Negation,MH1,52,ac2173f9-f223-440a-9231-fd98762bdc6f,3,U,Instant
ea0891f0-83ce-4eb7-b0a9-cbc8168bafff,Rohgahh of Kher Keep,LEG,255,44412804-aa69-4e62-b118-123741d91914,6,BR,Legendary Creature — Kobold
ea1c139d-9e54-4c71-9b46-886e2a402a7b,Phantom Monster,SUM,71,bbd30183-524c-4b93-b953-90853ec3f39f,4,U,Creature — Illusion
ea3830c5-cc66-453e-9e53-0636e00ee0ee,Drain Power,LEA,56,0669172d-396b-4f5a-9703-129c5c849b55,2,U,Sorcery
ea58393a-7d69-4f99-90b7-ef6f31e4c80b,Seat of the Synod,SLD,301,39451b4d-cd7a-40da-b457-cb51b609173f,0,U,Artifact Land
ea5d9476-76be-48e7-b6a0-49ced25cb092,Mox Emerald,LEB,262,376ee366-e082-402f-b4db-6592fcfcacd2,0,G,Artifact
ea5dc646-fb05-4d2d-92db-5c2d7931dcc3,City of Brass,RIN,171,f25351e3-539b-4bbc-b92d-6480acf4d722,0,,Land
ea8dcf7e-c4b7-4ad3-a636-b55570ffac0a,Tranquility,SUM,221,f671e3c3-cd59-4d06-a1af-5d04892cf74d,3,G,Sorcery
eaac88da-d19e-4771-944c-3709963d04e7,Mesa Pegasus,LEA,28,8161f5b8-6aab-4133-ba2c-2e7b5774153e,2,W,Creature — Pegasus
eace2c85-976c-425e-9800-5a6ccbd91b56,Mountain,LEA,292,a3fb7228-e76b-4e96-a40e-20b5fed75685,0,R,Basic Land — Mountain
eae141d6-f4a7-4223-ae4f-217415be559a,Battle Angels of Tyr,PCLB,9p,c2bd0c24-3973-48bc-a591-3779e3640c5d,4,W,Creature — Angel Knight
eb241954-a257-4e44-9b92-f4ffe63dd11b,Culling the Weak,SLD,1818,6385fd0d-256d-4400-9319-afa8170024db,1,B,Instant
eb49805c-8546-463d-b78c-f4ea109851b4,Stoneforge Mystic,2XM,337,358789f9-7d87-411d-919e-d597da665cbd,2,W,Creature — Kor Artificer
eb535b69-4fc7-4b76-b85b-194755d6b355,Nightmare,SUM,120,375932e6-1b3e-48dc-8154-9b664c3add34,6,B,Creature — Nightmare Horse
eb64d006-1f13-47a3-a838-efb5b07114f6,Mana Short,4BB,85,48207d1c-448a-4e1b-974a-642dfea75933,3,U,Instant
eb6953fd-ee48-49dc-9c9c-bfb9a9dc06d0,Glasses of Urza,LEB,246,af7fabf4-8d55-4b06-9c21-472f4a5775b4,1,,Artifact
eb912458-e016-4ea2-a2ea-40ac1a57f8fb,Food Chain,2X2,147,5c8e5092-962e-49ef-ab82-8434e475e4e7,3,G,Enchantment
ebab854f-f041-49d8-bd7c-3d1cdca72cc6,Scourge of Valkas,SLD,1490,0a147009-a57c-4ac1-ab81-d8bd8b737631,5,R,Creature — Dragon
ebb6664d-23ca-456e-9916-afcd6f26aa7f,Dark Ritual,LEA,98,53f7c868-b03e-4fc2-8dcf-a75bbfa3272b,1,B,Instant
ebc01ab4-d89a-4d25-bf54-6aed33772f4b,Force of Will,EMA,49,956381ba-6d37-4a8a-846c-bad79222dbee,5,U,Instant
ebca1926-6809-4924-a80c-f322266ac38e,Massacre Girl,SLD,1233,63e6cb7d-cc27-4200-85fc-ff6472318c1a,5,B,Legendary Creature — Human Assassin
ebe7ddb9-ac1c-4c42-a7c7-8683c7ba448d,Prismatic Vista,SPG,38,032b8a0d-491a-4a12-ab9f-689010054d5b,0,,Land
ec06ad7b-aeb8-4aea-b005-0b3e80af6bd4,Mycosynth Golem,PLST,5DN-137,ebcd864a-b7dd-4330-89e1-80576a9437ec,11,,Artifact Creature — Golem
ec136ce7-bad4-4ebb-ab00-b86de3d209a7,Force of Will,2XM,340,956381ba-6d37-4a8a-846c-bad79222dbee,5,U,Instant
ec386bc3-137b-49b5-8380-8daff470f0bc,"Jace, the Mind Sculptor",2XM,334,7f77a84e-5a4b-4834-aefa-3cecc175ae8e,4,U,Legendary Planeswalker — Jace
ec3de5f4-bb55-4ab9-995f-f3e0dc22c1bb,Voice of Victory,TDM,33,b12cbda1-ac09-49eb-96b3-a4df27bc37ea,2,W,Creature — Human Bard
ec73bc43-aae6-499f-bb48-b88c375f0ce3,Warg Rider,LTR,831,3f4dd9e2-6460-413e-a3b8-96b20bf57f8b,5,B,Creature — Orc Warrior
eca877a6-4b17-442f-8432-03b322e3f6dd,Animate Dead,4BB,118,c0d8fef4-65f4-4769-982d-b397d2b7e977,2,B,Enchantment — Aura
ecb293d5-b13b-400f-ac7b-162a1e127ec7,Mana Crypt,SPG,17,2c63e4e1-89d2-4bc6-a232-94e75c4b1c8a,0,,Artifact
ecb4025e-8c7b-47d9-ba74-08015ccc1ce6,Concordant Crossroads,SLD,2073,ff01b408-6d17-40a3-9efd-a1b341ec1307,1,G,World Enchantment
ecb4cd41-24a0-4498-b5c4-31cdc0994ed5,Mana Vault,4BB,334,736892cb-a34b-4bb9-b56c-e26e3db207a2,1,,Artifact
ecc1027a-8c07-44a0-bdde-fa2844cff694,Vivi Ornitier,FIN,248,0452be2a-e97a-4269-a9e3-b616265ecb2e,3,RU,Legendary Creature — Wizard
ed20fecf-dc1c-4d3c-8ddf-e91aab1e9b47,Northern Paladin,SUM,29,f5975294-508a-453e-893a-2fbea2487d17,4,W,Creature — Human Knight
ed36429e-ec50-4bdf-9d07-03b4e4861661,Verdant Catacombs,SPG,113,67d60b24-d429-4ded-90d9-06e49f28c396,0,,Land
ed3b5f52-ce33-4e67-aca0-6d417fe7f5fa,The Ozolith,IKO,362,1946ded1-5f53-409f-b0a6-5433bb0357d2,1,,Legendary Artifact
ed7a8162-304a-4148-ad2e-c6e513aaff92,Yavimaya Ants,JP1,5,3f5bbfaa-cbd7-47af-9aa2-abb49d672734,4,G,Creature — Insect
ed7bcbf1-9045-4810-93fa-9918c45856ca,Bloodstained Mire,ZNE,3,fc0707c7-d504-4ccf-a0d2-3eb6e26e7a57,0,,Land
ed972e99-c563-4da7-a60a-895949d5f032,Arcane Signet,SLD,1641,0bc7f093-bef0-4f1a-852c-4b75ebf54838,2,,Artifact
edcc56a0-1dc0-4261-8f9c-5a88ce83f9e9,Hypnotic Specter,LEB,113,759af941-f6a3-4726-91f2-9b1e4e55ea71,3,B,Creature — Specter
edeba4e1-9012-4962-8797-3a1f6a660952,Swamp,LEA,291,56719f6a-1a6c-4c0a-8d21-18f7d7350b68,0,B,Basic Land — Swamp
ee266113-34ce-4189-84e7-ee2c86a2722c,Library of Alexandria,ARN,76,2111588d-9af5-4a33-989e-b074d83f0463,0,,Land
ee38f0a0-efc2-4939-8e66-79c82d23ae7e,Bruvac the Grandiloquent,RVR,309,274b999f-f193-48fd-9a4a-0fdaf535e6c3,3,U,Legendary Creature — Human Advisor
ee5a45b1-169b-468e-9251-424c09cd7f0f,Jacques le Vert,LEG,232,c030ca14-33cb-40b3-a1f5-b6d0cb0efd49,4,GRW,Legendary Creature — Human Warrior
ee8a05a4-0ce3-4abe-bb60-08af53cf08e5,Flashfires,LEA,151,c281f436-8c77-48f7-b31c-d40cd7f9ed6a,4,R,Sorcery
ee9eb598-d2ef-4b3d-8038-bc33dc5e123e,Winter Orb,2ED,276,1dcbd583-3388-4b34-a7cd-131648aa6abd,2,,Artifact
eeb9ae06-2f87-49e2-ad76-31c49f1f0f8e,Animate Artifact,SUM,48,2dd7a4dc-902a-4e85-8a3b-c96a898fba86,4,U,Enchantment — Aura
eec216e1-971b-490f-aba7-2d5bd5085023,Jennifer Walters // The Sensational She-Hulk,MSH,328,c867a778-97ef-4872-b890-b088b96a1281,2,GW,Legendary Creature — Human Advisor Hero // Legendary Creature — Gamma Hero
eecdd5a0-f4cf-42da-9570-84ab943e7025,Wheel of Fortune,FBB,185,a8abd966-de7b-46a3-8ac7-8747ab35653a,3,R,Sorcery
eed14b5f-c23b-4651-9c58-28a88feb3641,"Delney, Streetwise Lookout",PMKM,12p,245d0ccf-87b6-460a-8b99-9e2079f2d375,3,W,Legendary Creature — Human Scout
eee9e106-a248-49d2-b8c8-6bbcd56ce739,Mind Twist,LEA,115,78f9c223-9982-4282-a496-a6f892f0a5bf,1,B,Sorcery
eeea32ba-dfe4-4a9b-b403-43c2abc80b78,Jade Monolith,LEB,253,1e105ab7-fb10-4cfd-ac2f-5e11488cf1b0,4,,Artifact
ef043a59-31d2-4f01-882d-139fd69c7b56,"Korvold, Fae-Cursed King",SLD,2761,9ae669dd-7e60-4649-b96e-35da28be641a,5,BGR,Legendary Creature — Dragon Noble
ef099f25-2b0b-4028-8490-fbc859e35f6c,Kaalia of the Vast,MH3,343,cb8d80c9-ed58-4f2d-aa8c-c383370c7f1a,4,BRW,Legendary Creature — Human Cleric
ef2f3e0d-43e5-4d62-8a93-821ec723d522,Island,SLP,32,b2c6aa39-2d2a-459c-a555-fb48ba993373,0,U,Basic Land — Island
ef6ec496-9103-43d0-b3b4-43ee76c5e4d1,Sylvan Tutor,LTC,531,935e0cac-51ee-4cb7-a209-f085e0f099ed,1,G,Sorcery
ef7f4762-4283-4368-948b-e60a29e78a0c,Watery Grave,RVR,415,fc9ec820-4245-4a96-b009-5308a818ca58,0,BU,Land — Island Swamp
efc66a6b-8ac7-4cb7-82f1-710fb0e86f82,"Gandalf, Goblins' Bane // Flameshape",HOB,242,f48f2a9b-4ba5-4984-8180-3950889bba65,3,R,Legendary Creature — Avatar Wizard // Sorcery — Adventure
efd97080-c5c7-47db-b605-8bdd06c2dd5a,Verdant Catacombs,ZNE,8,67d60b24-d429-4ded-90d9-06e49f28c396,0,,Land
efdba2a9-d171-45ed-8dd4-9d0046128f68,Ydwen Efreet,ARN,44,15b9b0cc-47ef-4147-aba7-a7adae41921b,3,R,Creature — Efreet
f0095386-6e4d-432f-a5ac-7407ffaf7938,Mystical Tutor,SLD,334,fb81f95c-70f8-4eb7-8d15-15d0ae23ec03,1,U,Instant
f00d33dd-4eb2-4446-9813-1923d8e2d2f3,Clone,LEA,51,42226b87-0746-4ebf-9fd0-108d508462af,4,U,Creature — Shapeshifter
f020aa2f-cc1b-4bb4-bf05-4050ea935d66,Aerith Gainsborough,PPRO,2025-3,dd9a6f6b-f9b7-4292-bc80-b7da326de032,3,W,Legendary Creature — Human Cleric
f079c74e-a39a-40f9-9c7e-9319c0c189c6,Ramses Overdark,LEG,252,6c9a9071-8159-4607-9465-de796f1dc2cc,6,BU,Legendary Creature — Human Assassin
f07c4821-c964-405f-a5bb-a25293e4b2d7,Wrath of God,4BB,58,34515b16-c9a4-4f98-8c77-416a7a523407,4,W,Sorcery
f09cbd18-79f1-49a0-a3bd-b380ff5ecf03,Island of Wak-Wak,ARN,75,d427e61d-5b30-4d2a-bad2-2e7f016036ca,0,,Land
f0c5ea58-c6b0-4cf0-bc5e-45c9aa780b91,Dáin of the Ancient Halls,HOC,104,84702796-389a-4d7b-804b-de6ebd80a883,5,RW,Legendary Creature — Dwarf Noble
f0d040ca-e1e6-4531-a9f1-5500abdcd84f,Sylvan Safekeeper,SLD,2109,bddf8f4a-3149-4dd6-a9e5-7747e7e45a1c,1,G,Creature — Human Wizard
f0e003f9-2fad-48b4-8e5b-4cda8612ecd2,Simulacrum Synthesizer,BIG,71,eb7a1f21-a66d-415b-8520-710b44890bb6,3,U,Artifact
f131fd27-18da-47ca-b59f-135bcac83abd,Blessing,LEA,7,5c84d8da-2bfb-4618-89a0-7d9ed604e854,2,W,Enchantment — Aura
f132acbd-53e5-430a-8f93-8b7469633c0e,Living Lands,LEB,210,8f0179fe-6d7d-49cc-ab06-d3b402c6fc8d,4,G,Enchantment
f13ad58a-6f9b-420a-bac1-40929f5e616a,Nether Shadow,LEA,116,c358b9e2-524c-434b-b3fa-74d2aa6d1df7,2,B,Creature — Spirit
f150d6e9-3da6-4655-9c63-dd34525d08a1,"Sephiroth, Fabled SOLDIER // Sephiroth, One-Winged Angel",FIN,382,70113003-be5e-406a-9aec-cb480468c36d,3,B,Legendary Creature — Human Avatar Soldier // Legendary Creature — Angel Nightmare Avatar
f15bf2b2-6848-4fbd-b89a-8d8da8ae1cdc,Granite Gargoyle,LEA,155,ef5248d4-4cd1-447c-bdcc-78a09a67d923,3,R,Creature — Gargoyle
f19a6f20-8ca1-4a8b-8488-bcb5d86868dc,Marsh Flats,MH2,437,dab520d0-20b4-4273-ba6b-eb07f85ea433,0,,Land
f1a42691-98bb-4234-9b56-085e6677f3e4,Bartel Runeaxe,LEG,222,9beccf09-c024-408b-9f84-fe2c7462babb,6,BGR,Legendary Creature — Giant Warrior
f1b483ba-ba51-4d8b-a455-a47c6be70ee8,Wall of Ice,SUM,225,1945e165-7636-4727-89ba-3811251ef175,3,G,Creature — Wall
f1b9e3ae-c7e9-455f-abfe-220262719beb,Roc of Kher Ridges,LEB,171,01f07ab9-3c3e-4fea-9cd6-543a5b7056b8,4,R,Creature — Bird
f1bafbb8-1c8c-4d39-8d86-5fde416ff6bb,Soul Net,SUM,275,6021c2d6-d098-4de2-9c7e-4c571f9238f6,1,,Artifact
f1d61b33-4950-4a48-bc19-537802c87614,Eye for an Eye,SUM,18,22647b1a-5a7c-41b5-b820-b2e9f49c7aad,2,W,Instant
f1e5e413-85ea-4528-97b9-e1db5117ec2a,Horned Turtle,POR,57s,7a4ae76b-6241-4fa8-b239-5ec941a0e7df,3,U,Creature — Turtle
f20c89d9-71c9-45f5-a9cb-6e253b0a7cca,Forest,LEA,295,b34bb2dc-c1af-4d77-b0b3-a0fb342a5fc6,0,G,Basic Land — Forest
f24021ca-f493-4de8-9e65-01bf10fe2920,Grave Pact,WOT,73,6f4ac4a4-53ec-4bc9-8f5c-d4b801d867b2,4,B,Enchantment
f25a4bbe-2af0-4d4a-95d4-d52c5937c747,Smothering Tithe,2X2,31,153376c9-dffd-458c-8ce3-a4c8269bc4e9,4,W,Enchantment
f2661d4a-450a-433a-b893-b1ee15982494,Scalding Tarn,MM3,244,cb027150-848c-4a66-88ad-e20222304dd8,0,,Land
f2752cf2-9a48-49a8-98ff-2e32a9121d78,Orcish Oriflamme,LEB,167,0b16a650-68b0-44dc-a9e1-15b7966e0b18,4,R,Enchantment
f2b9983e-20d4-4d12-9e2c-ec6d9a345787,Falling Star,LEG,145,f5ca7b13-8003-4361-b827-7095c89f2750,3,R,Sorcery
f2f2e39f-bf39-4b27-b211-e46b6045039d,Jeska's Will,SLD,1744,0fd114c4-092b-4e28-b0dc-ef529f3bc73e,3,R,Sorcery
f3081c9f-39de-4b88-b01a-df8227934e9b,Arcane Signet,SLD,1924,0bc7f093-bef0-4f1a-852c-4b75ebf54838,2,,Artifact
f32373dd-06d8-45d1-8777-3b1411bcb30a,Hurkyl's Recall,ATQ,10,ed1e5d24-c8a8-48fe-a88f-1003ad432477,2,U,Instant
f340cbf7-5bbe-45b9-a4bf-d1caa500ff93,Chrome Mox,2XM,240,ec3d4466-547c-4e02-b1b5-a156ec4637e9,0,,Artifact
f3537373-ef54-4578-9d05-6216420ee349,Esper Sentinel,MH2,12,5def9f38-0a0b-4e8d-9f9d-29dcb46520b4,1,W,Artifact Creature — Human Soldier
f395278e-6d74-4f35-af9d-21bad7b19763,Elves of Deep Shadow,DRK,76,20347559-95a9-4689-bb79-c5bb3809b719,1,BG,Creature — Elf Druid
f39aa2e9-e294-4ce6-bf5e-e1f579101a7a,Worldly Tutor,DMR,185,e8863518-0bfa-49c3-8c6e-6c9116a81051,1,G,Instant
f3d62dbd-63db-4ac9-950f-9852627f23f2,Time Spiral,USG,103,cac55e46-b730-4569-b92c-a4b5922fc20c,6,U,Sorcery
f3d7381b-9075-4c9b-adf5-a0d1c26fab67,Mind Twist,2ED,116,78f9c223-9982-4282-a496-a6f892f0a5bf,1,B,Sorcery
f3d9e8f7-0727-48cb-adf0-5cede170118d,Peter Parker // Amazing Spider-Man,PMEI,2025-22,f1b7488c-c675-42e9-818a-24a50347ec2c,2,GUW,Legendary Creature — Human Scientist Hero // Legendary Creature — Spider Human Hero
f3e122e9-ffa3-48dd-94d6-8f2886668e59,Lady Evangela,LEG,240,8800d672-424b-4a7b-886f-7eb9d7a56cfe,3,BUW,Legendary Creature — Human Cleric
f3edb27c-4faa-464a-9bb1-fbe17013c022,"Tinybones, Trinket Thief",SLD,1407,008eda1f-b913-4f04-8c29-5e87c270149e,2,B,Legendary Creature — Skeleton Rogue
f3f5b68a-6b0e-431e-89f0-ff60f17687a5,Psychic Venom,LEA,75,a60422e8-f2f4-4c37-a0f4-eedad27eb08c,2,U,Enchantment — Aura
f421a21a-763f-479b-bcc3-2abae29098d7,Sensei's Divining Top,MB2,231,13575cf9-65c1-4861-b21e-eb2155e07766,1,,Artifact
f4395b19-2118-4a09-8932-f9ce9bc54d6d,Alchor's Tomb,LEG,272,61473d8e-45f1-4753-918d-04918a466031,4,,Artifact
f442758d-4fee-43fa-a2cb-d09c326da149,"Yavimaya, Cradle of Growth",LTC,377,8dd5f5af-d2d8-4356-8617-8381081b930c,0,,Legendary Land
f484d47a-fb1d-4746-8f1d-dd9d24e67c1a,"Pang Tong, ""Young Phoenix""",PTK,14,6d9dc632-414e-480c-85ef-c2b98a6460ad,3,W,Legendary Creature — Human Advisor
f485596f-3a23-4714-ad7e-4c493ab1b530,"Galadriel, Light of Valinor",LTC,498,faf44683-339d-4fc0-8029-1e867c69de0e,5,GUW,Legendary Creature — Elf Noble
f486df00-7c4a-4ff0-bb0b-c8b5432ac742,Sylvan Library,LEG,207,92eed395-62ca-4293-882b-8565c40daab5,2,G,Enchantment
f48ed192-c1a1-437a-80dd-647a616b46e3,Fastbond,LEB,193,e27193b7-1a47-4555-865d-b1fd4c6d597f,1,G,Enchantment
f4c65751-f037-4b60-a4ad-7ea41b3dc847,Treasure Vault,HOC,97,3c43efd6-b1a8-452c-ae20-9a936c3340ab,0,,Artifact Land
f4e32327-380d-471e-813b-4c27477787ce,City of Brass,ARN,71,f25351e3-539b-4bbc-b92d-6480acf4d722,0,,Land
f4f0c479-5fd1-45c2-af3f-15b6e5811b0f,Spitting Dilophosaurus,REX,3,19f2c2c1-cd29-4e66-b5d9-e85e1979d843,3,B,Creature — Dinosaur
f520601f-c092-4f83-9c21-66e999a01c16,Commander's Plate,CMR,692,cae166de-e681-40a0-83a8-3c17cf40e2fc,1,,Artifact — Equipment
f5208aff-a33e-48d9-94eb-98a517099741,Sword of Truth and Justice,SLD,1867,7a8baaf9-e21f-41a0-9f15-80764f6e5e68,3,,Artifact — Equipment
f527010e-d382-4bd5-8de6-0e3898b80deb,Mother of Runes,SLD,297,60433b48-d27f-413c-905c-43839b1943f1,1,W,Creature — Human Cleric
f52eb10a-a9eb-44b7-95ae-12fb551c8fa5,Power Surge,LEB,168,156b2228-f7b2-4816-b894-c4953a32c05f,2,R,Enchantment
f571ef55-50dd-4624-aa42-fea5a0303033,Savage Order,REX,6,8dd5b7d5-3d92-40e2-9572-bf70ae591bed,4,G,Sorcery
f57d0446-1eae-4b88-b65c-92a14a3f9cef,Buster Sword,FIN,351,5e060d58-4d6e-425c-b7d4-727669fcce5b,3,,Artifact — Equipment
f584f9a4-4ef1-463e-8aa3-a21b4f820e2a,The Watcher in the Water,LTR,734,a9ddb3dc-f289-46a1-af17-3a8523a26b0d,5,U,Legendary Creature — Kraken
f591b6a9-ac99-42ad-9b01-c09a3e90201b,"Ghalta, Stampede Tyrant",LCI,326,b8f16311-be5a-4648-b024-849a61dff0bc,8,G,Legendary Creature — Elder Dinosaur
f594b7aa-d44e-47c4-989b-565f881e25f1,Ankh of Mishra,LEA,230,63c1eda1-3e6f-4e9c-adf3-a43164df98bb,2,,Artifact
f5a4970b-2ba6-4c91-a301-369369cdf360,Grave Pact,CMM,165,6f4ac4a4-53ec-4bc9-8f5c-d4b801d867b2,4,B,Enchantment
f5b7d3df-4e9b-422b-a88c-43650a67a9c6,Darksteel Monolith,CMM,743,fdd3482d-7bce-411b-80c4-956a12fc143d,8,,Artifact
f60a2091-fb97-4f04-911b-fce9b6351044,Entomb,ODY,132,299fc083-0834-4064-8344-f895aff68867,1,B,Instant
f60cd0ad-43b9-4c8e-a10f-cbd240cbe120,Castle,SUM,8,f3179c3c-7e53-44d2-b579-b9e677efe9d9,4,W,Enchantment
f63de2e4-f094-4b10-b754-1285ad64effc,Icetill Explorer,EOE,343,109cdefd-e8cc-4ac7-b6ba-2cfdef8d780f,4,G,Creature — Insect Scout
f690bd2a-e565-4316-8312-3d0386c8ba36,Enlightened Tutor,DMR,412,c5229c17-b7be-4b05-b683-f2277edc4849,1,W,Instant
f69d77d1-5980-436c-bf48-790939b069aa,Torment of Hailfire,HOU,77,30a0a6c2-1fbb-4784-ab96-22611d57e62c,2,B,Sorcery
f6c4df1f-f148-42ec-8e22-e7114216927d,Goblin Piledriver,ONS,205,4d74d12b-1ffb-482f-8bac-635a8d4d32e9,2,R,Creature — Goblin Warrior
f6c69c2f-729b-49ed-909d-57190a728e11,Smothering Tithe,WOT,13,153376c9-dffd-458c-8ce3-a4c8269bc4e9,4,W,Enchantment
f6c8b155-1fb0-4991-b027-9f77bf7f5a04,Frozen Shade,SUM,112,f75f9006-217d-4ec8-9c35-ceefe1c5ae4e,3,B,Creature — Shade
f6cbc754-8aed-4c32-857c-ea639943b5d2,Ancient Copper Dragon,FCA,12,48daee9d-ddaf-410f-8c3a-12fa1064ab56,6,R,Creature — Elder Dragon
f6cd3fbc-908d-4653-a133-e35843a5ac65,"Shinka, the Bloodsoaked Keep",LTC,374,255b937f-c9c9-4ae9-815e-17418eba0602,0,R,Legendary Land
f6db03ef-db89-43c4-89b4-d48e0620e101,"Vorinclex, Monstrous Raider",KHM,320,5a3fdf5a-bff8-4896-b288-3f43f9a72d9b,6,G,Legendary Creature — Phyrexian Praetor
f704397a-c180-44ae-9e4e-90180556b87b,Ephemerate,STA,68,0fd57894-b917-41c8-a394-360d1d31b236,1,W,Instant
f747a422-2706-4b0c-b45c-bf599e2f8eed,Plateau,FBB,284,c7a15ca4-085f-4d92-8387-c3711c04c8fa,0,RW,Land — Mountain Plains
f77a14a7-0e77-4445-8d72-be8adcff2f3e,Sword of Truth and Justice,SLD,1096,7a8baaf9-e21f-41a0-9f15-80764f6e5e68,3,,Artifact — Equipment
f78aef20-e3bb-484c-9fa1-d2859408b04a,Blaze of Glory,LEB,6,b330ac89-790e-4cc9-96a5-532c48252088,1,W,Instant
f7a18130-dbaa-4657-a885-3a96a985935a,Serra's Sanctum,USG,325,34187c71-6033-4058-aadc-2bc266f762be,0,W,Legendary Land
f7b4c94f-a38a-461c-9bb8-aadc587a1ae6,Ezio Auditore da Firenze,ACR,113,3017ac79-37f1-4cc1-8efd-4add027618a2,2,BGRUW,Legendary Creature — Human Assassin
f7bb9f31-0818-4422-8533-99a4e6845a02,Personal Incarnation,LEB,32,6e49a5b8-6bc4-4c7b-82c1-957f1fb0ca5f,6,W,Creature — Avatar Incarnation
f7d82f1d-631e-4668-9d10-7bf0ee515267,Mox Sapphire,2ED,266,d5ed1233-df87-4b90-8918-13922ec95249,0,U,Artifact
f7e165f1-d016-4f6b-afcd-8711d26f055d,Day of Black Sun,PSPL,7,dc857129-533c-41d1-8e8b-1c0443030d69,2,B,Sorcery
f7f3dd95-bd14-4e0f-a388-444f9cf1b0dc,Fierce Guardianship,CMM,94,d09c9cba-fdd2-479b-ad5d-d05181c3e3f9,3,U,Instant
f7f84dc2-5a29-447d-97ab-a10afd9ee538,Web,LEB,229,5aa12aff-db3c-4be5-822b-3afdf536b33e,1,G,Enchantment — Aura
f7f99277-a65a-489e-9db4-7865f1b9c50b,Greater Auramancy,WOT,64,e6e888ea-9935-4df2-a344-c54637e55f43,2,W,Enchantment
f7fefff7-2ff5-4abf-a9ec-0e2e737ee225,Lord of the Pit,SLD,715,ea152809-85a2-4fde-8251-3b1f267e4443,7,B,Creature — Demon
f8914ba3-5e76-4392-bc8d-05d14585918a,Rise of the Eldrazi,CMM,749,982f70af-077f-40df-b2fe-7c80ebcc7712,12,,Sorcery
f8aa8193-abed-4e78-9e1a-70e4c2c0c670,Kor Haven,LTC,368,276cece9-f9f2-46e6-ae76-daddaa2fb9ab,0,W,Legendary Land
f8ac5006-91bd-4803-93da-f87cf196dd2f,Serra Angel,LEA,39,4b7ac066-e5c7-43e6-9e7e-2739b24a905d,5,W,Creature — Angel
f8b49030-55fe-4bf4-a2b9-c78f36e2d425,"Syr Konrad, the Grim",SLD,1297,14c3ff84-1e82-4606-a433-869fc52cc382,5,B,Legendary Creature — Human Knight
f8fe2f99-7ec2-490c-8ec3-aa2fb4680826,Tombstone Stairwell,MIR,149,9aaf1149-eccb-434a-a1a7-14b93fa50141,4,B,World Enchantment
f90e55c1-08e0-4b25-9d0d-2512584398cd,Ironroot Treefolk,SUM,204,b7c0bb85-fb87-4c73-bc1b-7b4dc763c7e8,5,G,Creature — Treefolk
f921e711-168d-4836-bca2-f9bb43992708,"Bristly Bill, Spine Sower",OTJ,338,d3b2d8a2-d3bc-448c-9cf6-6bead6010c28,2,G,Legendary Creature — Plant Druid
f9232508-d363-4ef3-987a-741f6bff331f,Ley Druid,LEA,205,a4ae41c7-9631-407d-8fd3-04f403d940a8,3,G,Creature — Human Druid
f973a1f3-6dcb-470d-89d2-6ddbf2426999,Sakashima of a Thousand Faces // Sakashima of a Thousand Faces,SLD,1541,,,U,
f979fc86-2c7e-49b3-965e-607a203cbfb1,Barrowgoyf,M3C,50,74c0164c-130f-4572-9066-626c77f6e2ff,3,B,Creature — Lhurgoyf
f9ac9036-9e8d-43b8-b930-693971fe802f,Quantum Riddler,PEOE,72p,58582fac-4c42-4a1c-9ab1-4a892b500da4,5,U,Creature — Sphinx
f9baef6e-a086-41d4-a20e-486f01d72406,Cyclonic Rift,2XM,339,d75b9c82-1b49-4c3e-a1b5-aeef57d6644b,2,U,Instant
f9fa5b11-0375-4378-932d-119fdad92c88,Ivory Cup,SUM,253,8e2017c3-057d-4e30-bd60-f486fddbc6ca,1,,Artifact
fa161987-2dd1-4efe-b934-acbd93653169,Lord of Atlantis,2ED,63,cc7f290f-ca00-4285-9bdb-4b4402444f30,2,U,Creature — Merfolk
fa48b15c-7312-4f3f-b7aa-b2ad98234bf1,"Urborg, Tomb of Yawgmoth",M15,248,db6174d7-211d-4817-b8e4-8384594c83f9,0,,Legendary Land
fa4b80b1-fc8d-4da6-964a-3b85451c3049,Mana Confluence,SLD,1012a,d0ee5bdc-2b69-4b73-9a20-ffcc18783b29,0,,Land
fa5466cc-aa57-4a7f-8b21-d92b2fe02e13,Death Ward,LEA,17,0544b707-ec67-43e3-a25d-fd7005ab673d,1,W,Instant
fa7349d9-c82f-4cf8-a852-92168d1f4966,"Ghyrson Starn, Kelermorph",40K,124,b110b8e6-859b-4370-aceb-b21c6cf61532,3,RU,Legendary Creature — Tyranid Human
fa793e56-827c-4ba0-b330-4010a84e75f3,Tiller Engine,DMC,20,62f6baba-da3b-45b8-a3c1-efb75763cca8,2,,Artifact Creature — Construct
fa9af8e5-bc97-4704-ae5c-e3d2d5b72586,Burgeoning,STH,102,88cf4c1a-5863-45fc-b76d-7ad33b175b2b,1,G,Enchantment
fabc7c01-3235-42f2-849c-930b642ad68b,Helm of Chatzuk,SUM,250,948e3bb7-8265-4e95-acd1-a0c4f22441df,1,,Artifact
fac2f9be-94ca-4657-b2eb-8df9548e6855,Barrowgoyf,SLD,2702,74c0164c-130f-4572-9066-626c77f6e2ff,3,B,Creature — Lhurgoyf
fad0bbc4-f760-47a2-aab6-0dbb66ee3a95,Plateau,LEB,280,c7a15ca4-085f-4d92-8387-c3711c04c8fa,0,RW,Land — Mountain Plains
fadd5e4b-9833-4564-a7d2-3ac1364f40d5,Mountain,PALP,13,a3fb7228-e76b-4e96-a40e-20b5fed75685,0,R,Basic Land — Mountain
fb12be1a-d3b6-4467-b711-3693bbcdd7ab,Sleight of Mind,SUM,81,99dba614-40d3-41c1-a3b2-edc8777b010f,1,U,Instant
fb220c6c-8dda-45f4-87fa-f754e94fac42,Stoneforge Mystic,SLD,1253,358789f9-7d87-411d-919e-d597da665cbd,2,W,Creature — Kor Artificer
fb348aec-ab4e-4940-9235-43f2ef581195,"Casal, Lurkwood Pathfinder // Casal, Pathbreaker Owlbear",SLD,1241,b7bdb688-f8ee-4d22-a679-37a2ecd390a1,4,G,Legendary Creature — Tiefling Druid // Legendary Creature — Bird Bear
fb3d9b29-948c-4768-b5ea-db2512817c30,Land's Edge,LEG,158,82d58f2d-66a4-4154-9826-01ca8e8d32d0,3,R,World Enchantment
fb4da609-6c08-4a18-b7d9-fb2f9b11bab2,Sleight of Mind,LEB,79,99dba614-40d3-41c1-a3b2-edc8777b010f,1,U,Instant
fb97e2a1-0e86-4c12-8d31-6ff7b825ca10,"Kratos, God of War",SLD,2207,42e55b84-8250-441d-a09e-7c61bf7661cc,3,R,Legendary Creature — God Warrior
fbd25e79-d29b-4b51-9653-3932c980b931,"Purphoros, God of the Forge",FCA,14,4fdbbec2-e921-4b63-958d-f9ba1e417197,4,R,Legendary Enchantment Creature — God
fbfd1278-1486-4516-8846-007ce1985ee9,Dakkon Blackblade,LEG,225,1aa78e3b-bf7e-4645-9521-4b3537c93f46,6,BUW,Legendary Creature — Human Warrior
fc2b2b9e-5abf-4c41-a85c-ef95e6ab84d6,Thoughtlace,LEB,83,6452b6a6-6235-46a3-a712-a26592450438,1,U,Instant
fc5be7df-16e0-494c-b960-19fd64d57b35,"Sheoldred, the Apocalypse",DMU,290,34f34409-326d-4994-a0ea-1a69aa278f03,4,B,Legendary Creature — Phyrexian Praetor
fc71dd0f-dffe-4671-b9e3-ddec70626688,Cockatrice,LEB,190,af354337-424c-4c7e-8ca5-6149261368d2,5,G,Creature — Cockatrice
fc776814-bc15-421e-990f-6de7b5f6873f,Plains,SUM,292,bc71ebf6-2056-41f7-be35-b2e5c34afa99,0,W,Basic Land — Plains
fc78dced-27d2-441a-b63b-32356bc33747,Nightmare,LEB,119,375932e6-1b3e-48dc-8154-9b664c3add34,6,B,Creature — Nightmare Horse
fc898fec-4cc6-4587-b556-c5a8d38ccbd0,"Ragavan, Nimble Pilferer",MUL,21,37108cd4-bbab-4ce3-9ed6-f60e8422e703,1,R,Legendary Creature — Monkey Pirate
fc8f431d-b7eb-4848-99dd-a5f896248145,Lightning Bolt,SUM,162,4457ed35-7c10-48c8-9776-456485fdf070,1,R,Instant
fc9c542d-ff46-4193-9972-68287879a8a0,Akroma's Will,FCA,21,fd949f82-fc10-4e37-8aa9-6c7569fe3c55,4,W,Instant
fcb4c268-441f-41cf-8c25-538eefc6a710,Devil Dinosaur,MSC,719,08de884f-1930-43d6-8c23-04353a136b4e,4,G,Legendary Creature — Dinosaur
fcc1004f-7cee-420a-9f0e-2986ed3ab852,Ring of Ma'rûf,ARN,68,c79b9187-cbfe-43a0-bdc8-4f7e0d215607,5,,Artifact
fcd068bf-2b7d-4290-a86a-12355382ced5,Animate Dead,FBB,93,c0d8fef4-65f4-4769-982d-b397d2b7e977,2,B,Enchantment — Aura
fcddbea7-3025-47b1-a597-2d2b2711fb81,Squandered Resources,VIS,137,620d0572-6d22-43e2-83a9-000e605c8a2b,2,BG,Enchantment
fcf88542-e5af-430e-9d48-03a216d7526f,Unworthy Dead,USG,163s,7454e2cf-5ef2-4623-bac7-c375fd230595,2,B,Creature — Phyrexian Skeleton
fd082697-493f-48e3-a41f-123700435025,Berserk,2ED,186,8b67d192-9a05-4a47-82ae-5fc4b7834d88,1,G,Instant
fd08f69b-4210-4f24-b038-9507f04f3214,Island,PARL,2,b2c6aa39-2d2a-459c-a555-fb48ba993373,0,U,Basic Land — Island
fd142004-10bd-46d7-9ea6-87f2992c10c1,Jeska's Will,SOA,109,0fd114c4-092b-4e28-b0dc-ef529f3bc73e,3,R,Sorcery
fd254044-2b66-4fd8-9f72-3c30226c2a9c,Urza's Incubator,DMR,392,b380c04b-0bce-4328-8f0a-1425e48bee72,3,,Artifact
fd4f6e34-3f66-4e10-8170-56039c5f6fcc,Shivan Dragon,2ED,175,711eea87-0fa3-46e0-a42b-fa5a86455f04,6,R,Creature — Dragon
fd5ac34a-dd0d-4814-8cf6-43dce405a139,Blue Elemental Blast,SUM,49,65e1558c-6b09-4ddc-b520-f19f4fb972af,1,U,Instant
fd5cb1fc-71b2-4b05-abd3-c90e95c53ad1,Summon: Bahamut,FIN,356,fe9f6825-597b-4d80-ab7c-f4ee4e824b6f,9,,Enchantment Creature — Saga Dragon
fd5ed955-1193-4e6a-a3e2-f54c1f9bf063,Copy Artifact,LEA,53,80bc56a9-40e0-48da-ae86-190e39c8a4a3,2,U,Enchantment
fd8617ce-36a9-4748-81e2-f44957f4205d,Obsianus Golem,SUM,268,ac41171e-c454-49e9-9004-c082ae099630,6,,Artifact Creature — Golem
fd891fc6-d9d6-494e-ae65-8bea8f44b575,Demonic Attorney,LEA,102,65a9f643-063f-406a-8d5a-5ebbe0f04c3d,3,B,Sorcery
fd896dfa-66c0-4327-8e5b-489bbe350c95,Wild Growth,LEA,229,706ae742-1807-44b7-a4fa-f2e26f61519a,1,G,Enchantment — Aura
fd9ac9e6-1395-4fbd-80e2-645f0d910c29,Aspect of Wolf,LEA,184,77b7277d-90a1-4774-a998-8c35c3f94e4a,2,G,Enchantment — Aura
fdac742b-16db-4e03-be8f-c600dbd522d5,Mox Ruby,LEB,265,ed85fa82-e4fa-434b-92a8-36b6075708d1,0,R,Artifact
fdfeeb64-0f86-45e9-97e3-dcec72683164,Birds of Paradise,SLD,92,d3a0b660-358c-41bd-9cd2-41fbf3491b1a,1,G,Creature — Bird
fe8ecaee-0de3-45ee-8428-09dc400d63d8,Dingus Egg,LEB,242,1973f1e9-aa14-49dc-bafe-be17b30ba288,4,,Artifact
fe96fe60-f251-403c-acd1-d658a1d0c930,Ashnod's Altar,SLD,1679,4d18bcba-a346-445e-a182-6cc30b7e066d,3,,Artifact
fea53448-fc0d-45bb-8d30-03720865b541,"Galadriel, Light of Valinor",HOC,32,faf44683-339d-4fc0-8029-1e867c69de0e,5,GUW,Legendary Creature — Elf Noble
fea7f618-5757-4611-8689-e34690404992,Hellkite Courser,CMR,666,c5abd58f-3e00-447b-a978-64cb88ad501b,6,R,Creature — Dragon
febad44a-eaf0-4122-87c5-a12d17f28392,Solitude,MH2,307,dcb9c2a7-ae54-4ddc-a567-640bf4bf4366,5,W,Creature — Elemental Incarnation
fec5bfbf-5c80-4a04-a8bf-c61710e34a0e,Wall of Air,SUM,90,b2d3da40-e2f7-4480-9da9-33019d6f4071,3,U,Creature — Wall
feddb683-a8f8-4def-bd3e-6d630c42cd34,"Halvar, God of Battle // Sword of the Realms",KHM,299,acfc3e07-757f-4ccf-a65e-bee07ce87f40,4,W,Legendary Creature — God // Legendary Artifact — Equipment
feef6ea3-67f3-42d8-bf19-02ba9151c2a3,Sliver Legion,SLD,1150,47657df2-0e58-46c8-87e2-cc752708a612,5,BGRUW,Legendary Creature — Sliver
fefbf149-f988-4f8b-9f53-56f5878116a6,Shivan Dragon,LEA,174,711eea87-0fa3-46e0-a42b-fa5a86455f04,6,R,Creature — Dragon
ff00e877-3588-4ba9-a1f2-86f726157017,Grim Tutor,S99,79,e62f8d69-a559-4f13-a5c9-5fb750b4af2c,3,B,Sorcery
ff018fe2-9feb-431d-b4c5-61b2ed0d919d,"Vorinclex, Monstrous Raider",KHM,406,5a3fdf5a-bff8-4896-b288-3f43f9a72d9b,6,G,Legendary Creature — Phyrexian Praetor
ff08e5ed-f47b-4d8e-8b8b-41675dccef8b,Cyclonic Rift,2XM,47,d75b9c82-1b49-4c3e-a1b5-aeef57d6644b,2,U,Instant
ff37b863-f8c4-4584-8cc2-ac0e096e583f,Bazaar of Baghdad,ARN,70,54022a10-c9f0-458d-a0ed-228843cd9a40,0,,Land
ff4a22d9-007b-4eb7-af9e-b5c2cae36238,Dream Halls,STH,28,d901e17f-a5f4-49d9-8a6d-ab771949af24,5,U,Enchantment
ff727bfb-8cd8-43dd-afdf-eb74a4631eac,Necropotence,WOT,31,94a844d2-0574-45a7-b347-e0e329767c42,3,B,Enchantment
ff76ac86-8a8a-47fe-9388-8950ca3e26c3,Underground Sea,LEA,285,4b22be3a-8ce1-47d1-b82e-6c3ccfb0548b,0,BU,Land — Island Swamp
ff7e30c8-b3fc-430f-ac63-d376d9e47a8d,The Great Henge,ELD,370,78427103-9543-41fb-b6d4-72963fe87275,9,G,Legendary Artifact
ff9d0f64-2bc2-42da-a2f3-f56235c2bf54,Wheel of Misfortune,SLD,1300,10aff3f6-8347-4e1b-b8e7-c204c9e46657,3,R,Sorcery
ffde74fb-cc20-4d82-bf6a-b18081047b0a,"Mikaeus, the Unhallowed",CMM,675,5d27c63e-d1ef-48af-b51d-01ebc6daeac9,6,B,Legendary Creature — Zombie Cleric
ffe0f77f-5092-4372-83fb-269dfb11f9b5,"Ulamog, the Infinite Gyre",UMA,7,b817bc56-9b4d-4c50-bafa-3c652b99578f,11,,Legendary Creature — Eldrazi
